-- MySQL dump 10.13  Distrib 8.0.17, for linux-glibc2.12 (x86_64)
--
-- Host: 127.0.0.1    Database: csv_integra_demo
-- ------------------------------------------------------
-- Server version	8.0.22

/*!40101 SET @OLD_CHARACTER_SET_CLIENT=@@CHARACTER_SET_CLIENT */;
/*!40101 SET @OLD_CHARACTER_SET_RESULTS=@@CHARACTER_SET_RESULTS */;
/*!40101 SET @OLD_COLLATION_CONNECTION=@@COLLATION_CONNECTION */;
/*!50503 SET NAMES utf8mb4 */;
/*!40103 SET @OLD_TIME_ZONE=@@TIME_ZONE */;
/*!40103 SET TIME_ZONE='+00:00' */;
/*!40014 SET @OLD_UNIQUE_CHECKS=@@UNIQUE_CHECKS, UNIQUE_CHECKS=0 */;
/*!40014 SET @OLD_FOREIGN_KEY_CHECKS=@@FOREIGN_KEY_CHECKS, FOREIGN_KEY_CHECKS=0 */;
/*!40101 SET @OLD_SQL_MODE=@@SQL_MODE, SQL_MODE='NO_AUTO_VALUE_ON_ZERO' */;
/*!40111 SET @OLD_SQL_NOTES=@@SQL_NOTES, SQL_NOTES=0 */;

--
-- Table structure for table `access_template`
--

DROP TABLE IF EXISTS `access_template`;
/*!40101 SET @saved_cs_client     = @@character_set_client */;
/*!50503 SET character_set_client = utf8mb4 */;
CREATE TABLE `access_template` (
  `id` int NOT NULL AUTO_INCREMENT,
  `name` varchar(150) CHARACTER SET utf8 COLLATE utf8_unicode_ci NOT NULL,
  `comment` varchar(150) CHARACTER SET utf8 COLLATE utf8_unicode_ci DEFAULT NULL,
  `is_const` tinyint(1) NOT NULL DEFAULT '0',
  `is_removed` tinyint(1) NOT NULL DEFAULT '0',
  PRIMARY KEY (`id`),
  UNIQUE KEY `access_template_ID_uindex` (`id`),
  UNIQUE KEY `UNQ1_ACCESS_TEMPLATE` (`name`)
) ENGINE=InnoDB DEFAULT CHARSET=utf8 COLLATE=utf8_unicode_ci;
/*!40101 SET character_set_client = @saved_cs_client */;

--
-- Dumping data for table `access_template`
--

LOCK TABLES `access_template` WRITE;
/*!40000 ALTER TABLE `access_template` DISABLE KEYS */;
/*!40000 ALTER TABLE `access_template` ENABLE KEYS */;
UNLOCK TABLES;

--
-- Table structure for table `access_template_params`
--

DROP TABLE IF EXISTS `access_template_params`;
/*!40101 SET @saved_cs_client     = @@character_set_client */;
/*!50503 SET character_set_client = utf8mb4 */;
CREATE TABLE `access_template_params` (
  `access_template_id` int NOT NULL,
  `access_zone_id` int NOT NULL,
  `schedule_type_id` int NOT NULL DEFAULT '1',
  `schedule_id` int NOT NULL DEFAULT '1',
  `access_type_id` smallint NOT NULL DEFAULT '0',
  `commission_type` smallint DEFAULT NULL,
  `commission_group_1` smallint DEFAULT NULL,
  `commission_group_2` smallint DEFAULT NULL,
  `is_guard` tinyint(1) NOT NULL DEFAULT '0',
  `is_antipass` tinyint(1) NOT NULL,
  `is_verify` tinyint(1) NOT NULL,
  `verify_pdu_schedule_id` int DEFAULT NULL,
  `verify_vvu_schedule_id` int DEFAULT NULL,
  `verify_po_schedule_id` int DEFAULT NULL,
  `template_type` int NOT NULL DEFAULT '0',
  PRIMARY KEY (`access_template_id`,`access_zone_id`,`template_type`)
) ENGINE=InnoDB DEFAULT CHARSET=utf8 COLLATE=utf8_unicode_ci;
/*!40101 SET character_set_client = @saved_cs_client */;

--
-- Dumping data for table `access_template_params`
--

LOCK TABLES `access_template_params` WRITE;
/*!40000 ALTER TABLE `access_template_params` DISABLE KEYS */;
/*!40000 ALTER TABLE `access_template_params` ENABLE KEYS */;
UNLOCK TABLES;

--
-- Table structure for table `access_template_type`
--

DROP TABLE IF EXISTS `access_template_type`;
/*!40101 SET @saved_cs_client     = @@character_set_client */;
/*!50503 SET character_set_client = utf8mb4 */;
CREATE TABLE `access_template_type` (
  `id` smallint NOT NULL,
  `name` varchar(32) CHARACTER SET utf8 COLLATE utf8_unicode_ci DEFAULT NULL,
  PRIMARY KEY (`id`),
  UNIQUE KEY `access_template_type_id_uindex` (`id`),
  UNIQUE KEY `access_template_type_name_uindex` (`name`)
) ENGINE=InnoDB DEFAULT CHARSET=utf8 COLLATE=utf8_unicode_ci;
/*!40101 SET character_set_client = @saved_cs_client */;

--
-- Dumping data for table `access_template_type`
--

LOCK TABLES `access_template_type` WRITE;
/*!40000 ALTER TABLE `access_template_type` DISABLE KEYS */;
INSERT INTO `access_template_type` VALUES (0,'PERCo'),(2,'s30'),(1,'Suprema'),(4,'TRASSIR'),(3,'ZKTeco');
/*!40000 ALTER TABLE `access_template_type` ENABLE KEYS */;
UNLOCK TABLES;

--
-- Table structure for table `access_type`
--

DROP TABLE IF EXISTS `access_type`;
/*!40101 SET @saved_cs_client     = @@character_set_client */;
/*!50503 SET character_set_client = utf8mb4 */;
CREATE TABLE `access_type` (
  `id` smallint NOT NULL,
  `name` varchar(150) CHARACTER SET utf8 COLLATE utf8_unicode_ci NOT NULL,
  PRIMARY KEY (`id`),
  UNIQUE KEY `access_type_name_uindex` (`name`)
) ENGINE=InnoDB DEFAULT CHARSET=utf8 COLLATE=utf8_unicode_ci;
/*!40101 SET character_set_client = @saved_cs_client */;

--
-- Dumping data for table `access_type`
--

LOCK TABLES `access_type` WRITE;
/*!40000 ALTER TABLE `access_type` DISABLE KEYS */;
INSERT INTO `access_type` VALUES (12,'##Задается в контроллере##'),(5,'##Карта и отпечаток на карте##'),(3,'##Карта и отпечаток##'),(11,'##Карта и пин-код##'),(4,'##Карта или отпечаток##'),(1,'##Карта##'),(10,'##Лицо и карта и пин-код##'),(8,'##Лицо и карта##'),(9,'##Лицо и пин-код##'),(7,'##Лицо или карта##'),(6,'##Лицо##'),(2,'##Отпечаток##');
/*!40000 ALTER TABLE `access_type` ENABLE KEYS */;
UNLOCK TABLES;

--
-- Table structure for table `access_zone`
--

DROP TABLE IF EXISTS `access_zone`;
/*!40101 SET @saved_cs_client     = @@character_set_client */;
/*!50503 SET character_set_client = utf8mb4 */;
CREATE TABLE `access_zone` (
  `id` int NOT NULL AUTO_INCREMENT,
  `is_const` tinyint(1) NOT NULL DEFAULT '0',
  `name` varchar(150) CHARACTER SET utf8 COLLATE utf8_unicode_ci NOT NULL,
  `parent_id` int DEFAULT NULL,
  `is_removed` tinyint(1) NOT NULL DEFAULT '0',
  PRIMARY KEY (`id`),
  UNIQUE KEY `access_zone_ID_uindex` (`id`)
) ENGINE=InnoDB AUTO_INCREMENT=2 DEFAULT CHARSET=utf8 COLLATE=utf8_unicode_ci;
/*!40101 SET character_set_client = @saved_cs_client */;

--
-- Dumping data for table `access_zone`
--

LOCK TABLES `access_zone` WRITE;
/*!40000 ALTER TABLE `access_zone` DISABLE KEYS */;
INSERT INTO `access_zone` VALUES (1,1,'##Неконтролируемая территория##',NULL,0);
/*!40000 ALTER TABLE `access_zone` ENABLE KEYS */;
UNLOCK TABLES;

--
-- Table structure for table `access_zone_commission`
--

DROP TABLE IF EXISTS `access_zone_commission`;
/*!40101 SET @saved_cs_client     = @@character_set_client */;
/*!50503 SET character_set_client = utf8mb4 */;
CREATE TABLE `access_zone_commission` (
  `access_zone_id` int NOT NULL,
  `user_id` int NOT NULL,
  `commission_group` int NOT NULL,
  PRIMARY KEY (`access_zone_id`,`user_id`),
  KEY `access_zone_commission_user_id_fk` (`user_id`),
  CONSTRAINT `access_zone_commission_access_zone_id_fk` FOREIGN KEY (`access_zone_id`) REFERENCES `access_zone` (`id`) ON DELETE CASCADE ON UPDATE CASCADE,
  CONSTRAINT `access_zone_commission_user_id_fk` FOREIGN KEY (`user_id`) REFERENCES `user` (`id`) ON DELETE CASCADE ON UPDATE CASCADE
) ENGINE=InnoDB DEFAULT CHARSET=utf8 COLLATE=utf8_unicode_ci;
/*!40101 SET character_set_client = @saved_cs_client */;

--
-- Dumping data for table `access_zone_commission`
--

LOCK TABLES `access_zone_commission` WRITE;
/*!40000 ALTER TABLE `access_zone_commission` DISABLE KEYS */;
/*!40000 ALTER TABLE `access_zone_commission` ENABLE KEYS */;
UNLOCK TABLES;

--
-- Table structure for table `available_category_tab`
--

DROP TABLE IF EXISTS `available_category_tab`;
/*!40101 SET @saved_cs_client     = @@character_set_client */;
/*!50503 SET character_set_client = utf8mb4 */;
CREATE TABLE `available_category_tab` (
  `user_id` int NOT NULL,
  `cat_id` smallint NOT NULL,
  `is_const` tinyint(1) NOT NULL DEFAULT '0',
  PRIMARY KEY (`user_id`,`cat_id`)
) ENGINE=InnoDB DEFAULT CHARSET=utf8 COLLATE=utf8_unicode_ci;
/*!40101 SET character_set_client = @saved_cs_client */;

--
-- Dumping data for table `available_category_tab`
--

LOCK TABLES `available_category_tab` WRITE;
/*!40000 ALTER TABLE `available_category_tab` DISABLE KEYS */;
/*!40000 ALTER TABLE `available_category_tab` ENABLE KEYS */;
UNLOCK TABLES;

--
-- Table structure for table `available_right`
--

DROP TABLE IF EXISTS `available_right`;
/*!40101 SET @saved_cs_client     = @@character_set_client */;
/*!50503 SET character_set_client = utf8mb4 */;
CREATE TABLE `available_right` (
  `id` int NOT NULL AUTO_INCREMENT,
  `type_id` int NOT NULL,
  `object_id` int NOT NULL,
  `user_role_id` int NOT NULL,
  PRIMARY KEY (`id`),
  UNIQUE KEY `available_right_ID_uindex` (`id`)
) ENGINE=InnoDB DEFAULT CHARSET=utf8 COLLATE=utf8_unicode_ci;
/*!40101 SET character_set_client = @saved_cs_client */;

--
-- Dumping data for table `available_right`
--

LOCK TABLES `available_right` WRITE;
/*!40000 ALTER TABLE `available_right` DISABLE KEYS */;
/*!40000 ALTER TABLE `available_right` ENABLE KEYS */;
UNLOCK TABLES;

--
-- Table structure for table `available_type`
--

DROP TABLE IF EXISTS `available_type`;
/*!40101 SET @saved_cs_client     = @@character_set_client */;
/*!50503 SET character_set_client = utf8mb4 */;
CREATE TABLE `available_type` (
  `id` int NOT NULL AUTO_INCREMENT,
  `type` varchar(50) CHARACTER SET utf8 COLLATE utf8_unicode_ci NOT NULL,
  `license_id` smallint NOT NULL,
  `source` varchar(50) CHARACTER SET utf8 COLLATE utf8_unicode_ci NOT NULL,
  PRIMARY KEY (`id`),
  UNIQUE KEY `available_type_ID_uindex` (`id`),
  UNIQUE KEY `available_type_SOURCE_uindex` (`source`)
) ENGINE=InnoDB AUTO_INCREMENT=12 DEFAULT CHARSET=utf8 COLLATE=utf8_unicode_ci;
/*!40101 SET character_set_client = @saved_cs_client */;

--
-- Dumping data for table `available_type`
--

LOCK TABLES `available_type` WRITE;
/*!40000 ALTER TABLE `available_type` DISABLE KEYS */;
INSERT INTO `available_type` VALUES (1,'Помещения',4,'access_zone'),(2,'Подразделения',4,'division'),(3,'Должности',4,'position'),(4,'Графики работы',6,'work_schedule'),(5,'Шаблоны доступа',4,'access_template'),(6,'Шаблоны пропусков',5,'pass_template_design'),(7,'Устройства',4,'device'),(10,'Шаблоны верификации',7,'verify_template'),(11,'Планы помещений',10,'plan');
/*!40000 ALTER TABLE `available_type` ENABLE KEYS */;
UNLOCK TABLES;

--
-- Table structure for table `barcode_type`
--

DROP TABLE IF EXISTS `barcode_type`;
/*!40101 SET @saved_cs_client     = @@character_set_client */;
/*!50503 SET character_set_client = utf8mb4 */;
CREATE TABLE `barcode_type` (
  `id` int NOT NULL AUTO_INCREMENT,
  `name` varchar(150) NOT NULL,
  PRIMARY KEY (`id`),
  UNIQUE KEY `barcode_type_name_uindex` (`name`)
) ENGINE=InnoDB AUTO_INCREMENT=2 DEFAULT CHARSET=utf8mb4 COLLATE=utf8mb4_0900_ai_ci;
/*!40101 SET character_set_client = @saved_cs_client */;

--
-- Dumping data for table `barcode_type`
--

LOCK TABLES `barcode_type` WRITE;
/*!40000 ALTER TABLE `barcode_type` DISABLE KEYS */;
INSERT INTO `barcode_type` VALUES (1,'EAN-13');
/*!40000 ALTER TABLE `barcode_type` ENABLE KEYS */;
UNLOCK TABLES;

--
-- Table structure for table `category_tab`
--

DROP TABLE IF EXISTS `category_tab`;
/*!40101 SET @saved_cs_client     = @@character_set_client */;
/*!50503 SET character_set_client = utf8mb4 */;
CREATE TABLE `category_tab` (
  `id` int NOT NULL AUTO_INCREMENT,
  `parent_id` int DEFAULT NULL,
  `sort_id` int DEFAULT NULL,
  `name` varchar(150) CHARACTER SET utf8 COLLATE utf8_unicode_ci NOT NULL,
  `title` varchar(150) CHARACTER SET utf8 COLLATE utf8_unicode_ci DEFAULT NULL,
  `description` varchar(150) CHARACTER SET utf8 COLLATE utf8_unicode_ci DEFAULT NULL,
  `is_active` tinyint(1) NOT NULL DEFAULT '1',
  `help_link` varchar(255) CHARACTER SET utf8 COLLATE utf8_unicode_ci DEFAULT NULL,
  `icon_name` varchar(150) CHARACTER SET utf8 COLLATE utf8_unicode_ci DEFAULT NULL,
  `license_id` smallint NOT NULL,
  `schema_id` int DEFAULT NULL,
  `api_methods` mediumtext CHARACTER SET utf8 COLLATE utf8_unicode_ci,
  PRIMARY KEY (`id`),
  UNIQUE KEY `category_tab_ID_uindex` (`id`)
) ENGINE=InnoDB AUTO_INCREMENT=100 DEFAULT CHARSET=utf8 COLLATE=utf8_unicode_ci;
/*!40101 SET character_set_client = @saved_cs_client */;

--
-- Dumping data for table `category_tab`
--

LOCK TABLES `category_tab` WRITE;
/*!40000 ALTER TABLE `category_tab` DISABLE KEYS */;
INSERT INTO `category_tab` VALUES (1,NULL,0,'##Разделы##',NULL,NULL,1,NULL,NULL,0,NULL,NULL),(2,1,10,'##Персонал##','personal',NULL,1,NULL,'icon-personal',4,NULL,'{\"devicesChangePOST\":{},\"timeAttendanceScheduleHolidaysListGET\":{},\"systemChangeLanguagePOST\":{}}'),(3,1,20,'##Бюро пропусков##','passoffice',NULL,1,NULL,'icon-passOffice',4,NULL,'{\"devicesChangePOST\":{},\"systemChangeLanguagePOST\":{}}'),(4,1,30,'##Учёт рабочего времени##','timetracking',NULL,1,NULL,'icon-timetracking',6,NULL,'{\"systemChangeLanguagePOST\":{},\"timeAttendanceReportsBalanceGET\":{},\"timeAttendanceReportsEventsListGET\":{},\"timeAttendanceReportsEventsTableGET\":{},\"timeAttendanceReportsEventToggle\":{},\"timeAttendanceProgressGet\":{},\"timeAttendanceTimeTrackingPOST\":{}}'),(5,1,40,'##Контроль доступа##','controlaccess',NULL,1,NULL,'icon-dostup',4,NULL,'{\"systemChangeLanguagePOST\":{},\"roomsTreeGET\":{},\"roomsListGET\":{},\"deviceStateGET\":{}}'),(6,1,60,'##Заказ пропуска##','orderpass',NULL,1,NULL,'icon-orderpass',5,NULL,'{\"systemChangeLanguagePOST\":{},\"usersIdGET\":{},\"usersVisitorTableGET\":{},\"usersVisitorTableHtmlGET\":{},\"usersStaffListGET\":{},\"usersVisitorListGET\":{},\"usersStaffFullListGET\":{},\"usersStaffCommissionListGET\":{},\"usersStaffPUT\":{},\"usersStaffPOST\":{},\"usersVisitorPUT\":{},\"usersVisitorPOST\":{},\"usersStaffIdGET\":{},\"usersVisitorIdGET\":{},\"usersVisitorIdPOST\":{},\"usersVisitorCardExtractPOST\":{},\"usersAdditionalFieldListGET\":{},\"usersGetBio\":{},\"usersAddBio\":{},\"usersDeleteBio\":{},\"exportPOST\":{},\"divisionsIdGET\":{},\"devicesGET\":{}}'),(8,1,50,'##Верификация##','verification',NULL,1,NULL,'icon-verification',7,NULL,'{\"systemChangeLanguagePOST\":{},\"deviceStateGET\":{},\"roomWithDevicesGET\":{}}'),(9,1,70,'##Администрирование##','administration',NULL,1,NULL,'icon-administration',4,NULL,'{\"devicesChangePOST\":{},\"systemChangeLanguagePOST\":{},\"deviceStateGET\":{},\"exportPOST\":{},\"operatorsListGET\":{},\"eventsystemEventsListGET\":{},\"eventsystemCategoryListGET\":{},\"eventsystemSubcategoryListGET\":{},\"systemConfigPOST\":{},\"settingsGET\":{},\"settingsPOST\":{},\"divisionsTreeGET\":{},\"divisionsListGET\":{}}'),(10,2,10,'##Сотрудники##','staff',NULL,1,'sn01ar_operator_add.htm',NULL,4,NULL,'{\"devicesChangePOST\":{},\"timeAttendanceScheduleHolidaysListGET\":{},\"systemChangeLanguagePOST\":{},\"usersIdGET\":{},\"usersStaffListGET\":{},\"usersStaffFullListGET\":{},\"usersStaffPUT\":{},\"usersStaffPOST\":{},\"usersStaffIdGET\":{},\"usersAdditionalFieldListGET\":{},\"usersGetBio\":{},\"usersAddBio\":{},\"usersDeleteBio\":{},\"exportPOST\":{},\"divisionsIdGET\":{},\"devicesGET\":{},\"divisionsTreeGET\":{},\"divisionsListGET\":{},\"usersIdImageGET\":{},\"usersStaffTableGET\":{},\"usersStaffTableHtmlGET\":{},\"usersStaffIdPOST\":{},\"usersIdDocsTableGET\":{},\"usersIdDocsPUT\":{},\"usersIdDocsReasonPUT\":{},\"usersIdPlannerGET\":{},\"usersIdPlannerPUT\":{},\"usersIdErrorsGET\":{},\"usersPlannerIdGET\":{},\"usersPlannerIdPOST\":{},\"usersPlannerIdDELETE\":{},\"usersIdDocsIdGET\":{},\"userDocsIdPOST\":{},\"usersDocsIdDELETE\":{},\"positionsListGET\":{},\"passDesignTemplatesListGET\":{},\"passDesignTemplateUserData\":{},\"devicesIdReaderGET\":{},\"roomsWithDeviceTypeGET\":{},\"accessTemplatesListGET\":{},\"accessTemplatesIdGET\":{},\"accessSchedulesTypesGET\":{},\"accessSchedulesListGET\":{},\"accessSchedulesPUT\":{},\"accessSchedulesIdGET\":{},\"accessSchedulesIdPOST\":{},\"accessTemplatesAccessRightsGET\":{},\"accessTemplatesCommissionTypesGET\":{},\"timeAttendanceScheduleListGET\":{},\"timeAttendanceDocsListGET\":{},\"timeAttendanceDocsIdGET\":{},\"systemCardAutoincrementGET\":{},\"systemCardRandomGET\":{},\"parseFilePOST\":{},\"associatePOST\":{},\"importPOST\":{},\"getStatusImportGET\":{},\"exportUnimportedPOST\":{},\"eventActionMessengerUsersGET\":{},\"eventActionMessengerSendPOST\":{},\"tasksMailSendPOST\":{},\"devicesIdGET\":{},\"timeAttendanceDocsTypesGET\":{},\"deviceIdImportGET\":{},\"deviceIdImportPUT\":{},\"usersBarcodeGET\":{},\"usersSendBarcodeStaffPOST\":{},\"systemBarcodeRandomGET\":{},\"usersSearchCardGET\":{},\"userIdMainCardPOST\":{},\"userIdMainCardDELETE\":{},\"devicesIdResourceGET\":{}}'),(12,2,30,'##Подразделения##','divisions',NULL,1,NULL,NULL,4,NULL,'{\"devicesChangePOST\":{},\"timeAttendanceScheduleHolidaysListGET\":{},\"systemChangeLanguagePOST\":{},\"usersStaffListGET\":{},\"exportPOST\":{},\"divisionsIdGET\":{},\"divisionsTreeGET\":{},\"divisionsListGET\":{},\"roomsWithDeviceTypeGET\":{},\"accessTemplatesListGET\":{},\"accessTemplatesIdGET\":{},\"accessSchedulesTypesGET\":{},\"accessSchedulesListGET\":{},\"accessSchedulesPUT\":{},\"accessSchedulesIdGET\":{},\"accessSchedulesIdPOST\":{},\"accessTemplatesAccessRightsGET\":{},\"accessTemplatesCommissionTypesGET\":{},\"timeAttendanceScheduleListGET\":{},\"parseFilePOST\":{},\"associatePOST\":{},\"importPOST\":{},\"getStatusImportGET\":{},\"exportUnimportedPOST\":{},\"divisionsPUT\":{},\"divisionsTreeHtmlGET\":{},\"divisionsListHtmlGET\":{},\"divisionsIdPOST\":{},\"divisionsIdDELETE\":{}}'),(14,3,20,'##Сотрудники##','staff',NULL,1,NULL,NULL,4,NULL,'{\"devicesChangePOST\":{},\"systemChangeLanguagePOST\":{},\"usersIdGET\":{},\"usersStaffListGET\":{},\"usersStaffFullListGET\":{},\"usersStaffPOST\":{},\"usersStaffIdGET\":{},\"usersAdditionalFieldListGET\":{},\"usersGetBio\":{},\"usersAddBio\":{},\"usersDeleteBio\":{},\"exportPOST\":{},\"divisionsIdGET\":{},\"devicesGET\":{},\"divisionsTreeGET\":{},\"divisionsListGET\":{},\"usersIdImageGET\":{},\"usersStaffTableGET\":{},\"usersStaffTableHtmlGET\":{},\"usersStaffIdPOST\":{},\"usersIdErrorsGET\":{},\"passDesignTemplatesListGET\":{},\"passDesignTemplateUserData\":{},\"devicesIdReaderGET\":{},\"roomsWithDeviceTypeGET\":{},\"accessTemplatesListGET\":{},\"accessTemplatesIdGET\":{},\"accessSchedulesTypesGET\":{},\"accessSchedulesListGET\":{},\"accessSchedulesPUT\":{},\"accessSchedulesIdGET\":{},\"accessSchedulesIdPOST\":{},\"accessTemplatesAccessRightsGET\":{},\"accessTemplatesCommissionTypesGET\":{},\"systemCardAutoincrementGET\":{},\"systemCardRandomGET\":{},\"parseFilePOST\":{},\"associatePOST\":{},\"importPOST\":{},\"getStatusImportGET\":{},\"devicesIdGET\":{},\"usersBarcodeGET\":{},\"usersSendBarcodeStaffPOST\":{},\"systemBarcodeRandomGET\":{},\"usersSearchCardGET\":{},\"userIdMainCardPOST\":{},\"userIdMainCardDELETE\":{},\"devicesIdResourceGET\":{}}'),(15,3,10,'##Посетители##','visitors',NULL,1,NULL,NULL,5,NULL,'{\"devicesChangePOST\":{},\"systemChangeLanguagePOST\":{},\"usersIdGET\":{},\"usersVisitorTableGET\":{},\"usersVisitorTableHtmlGET\":{},\"usersStaffListGET\":{},\"usersVisitorListGET\":{},\"usersVisitorPUT\":{},\"usersVisitorPOST\":{},\"usersVisitorIdGET\":{},\"usersVisitorIdPOST\":{},\"usersVisitorCardExtractPOST\":{},\"usersAdditionalFieldListGET\":{},\"usersGetBio\":{},\"usersAddBio\":{},\"usersDeleteBio\":{},\"exportPOST\":{},\"divisionsIdGET\":{},\"devicesGET\":{},\"divisionsTreeGET\":{},\"divisionsListGET\":{},\"usersIdImageGET\":{},\"usersIdErrorsGET\":{},\"passDesignTemplatesListGET\":{},\"passDesignTemplateUserData\":{},\"devicesIdReaderGET\":{},\"roomsWithDeviceTypeGET\":{},\"accessTemplatesListGET\":{},\"accessTemplatesIdGET\":{},\"accessSchedulesTypesGET\":{},\"accessSchedulesListGET\":{},\"accessSchedulesPUT\":{},\"accessSchedulesIdGET\":{},\"accessSchedulesIdPOST\":{},\"accessTemplatesAccessRightsGET\":{},\"accessTemplatesCommissionTypesGET\":{},\"systemCardAutoincrementGET\":{},\"systemCardRandomGET\":{},\"parseFilePOST\":{},\"associatePOST\":{},\"importPOST\":{},\"getStatusImportGET\":{},\"exportUnimportedPOST\":{},\"devicesIdGET\":{},\"systemBarcodeRandomGET\":{},\"usersSearchCardGET\":{},\"userIdMainCardPOST\":{},\"userIdMainCardDELETE\":{},\"devicesIdResourceGET\":{},\"usersSendBarcodeVisitorPOST\":{}}'),(16,3,30,'##Шаблоны доступа##','access',NULL,1,'sn01ea_template_new.htm',NULL,4,NULL,'{\"devicesChangePOST\":{},\"systemChangeLanguagePOST\":{},\"roomsTreeGET\":{},\"roomsListGET\":{},\"deviceStateGET\":{},\"usersStaffCommissionListGET\":{},\"roomWithDevicesGET\":{},\"divisionsTreeGET\":{},\"divisionsListGET\":{},\"roomsWithDeviceTypeGET\":{},\"accessTemplatesIdGET\":{},\"accessSchedulesTypesGET\":{},\"accessSchedulesListGET\":{},\"accessSchedulesPUT\":{},\"accessSchedulesIdGET\":{},\"accessSchedulesIdPOST\":{},\"accessTemplatesAccessRightsGET\":{},\"accessTemplatesCommissionTypesGET\":{},\"accessTemplatesPUT\":{},\"accessTemplatesTableGET\":{},\"accessTemplatesIdPOST\":{},\"accessTemplatesIdDELETE\":{},\"accessSchedulesTableGET\":{},\"accessSchedulesTimeZonePUT\":{},\"accessSchedulesTimeZoneIdPOST\":{},\"accessSchedulesWeeklyPUT\":{},\"accessSchedulesWeeklyIdPOST\":{},\"accessSchedulesFlexDayPUT\":{},\"accessSchedulesFlexDayPOST\":{},\"accessSchedulesFlexWeeklyPUT\":{},\"accessSchedulesFlexWeeklyIdPOST\":{},\"accessCommissionRoomIdPOST\":{},\"accessSchedulesIdDELETE\":{},\"accessSchedulesHolidaysGroupIdPOST\":{},\"roomIdCommissionTypesGET\":{}}'),(17,4,10,'##Журнал отработанного времени##','workedjournal',NULL,1,NULL,NULL,6,NULL,'{\"systemChangeLanguagePOST\":{},\"timeAttendanceReportsBalanceGET\":{},\"timeAttendanceReportsEventsListGET\":{},\"timeAttendanceReportsEventsTableGET\":{},\"timeAttendanceReportsEventToggle\":{},\"timeAttendanceProgressGet\":{},\"timeAttendanceTimeTrackingPOST\":{},\"usersIdGET\":{},\"usersStaffListGET\":{},\"usersStaffIdGET\":{},\"exportPOST\":{},\"divisionsTreeGET\":{},\"divisionsListGET\":{},\"usersIdImageGET\":{},\"usersIdDocsTableGET\":{},\"usersIdDocsPUT\":{},\"usersIdDocsReasonPUT\":{},\"usersIdDocsIdGET\":{},\"userDocsIdPOST\":{},\"usersDocsIdDELETE\":{},\"timeAttendanceDocsListGET\":{},\"timeAttendanceDocsIdGET\":{},\"timeAttendanceScheduleIdGET\":{},\"timeAttendanceReportsTimeTrackingGET\":{},\"timeAttendanceReportsTimeTrackingHtmlGET\":{}}'),(18,4,30,'##Формирование табеля##','timesheetsformation',NULL,1,NULL,NULL,6,NULL,'{\"systemChangeLanguagePOST\":{},\"timeAttendanceReportsBalanceGET\":{},\"timeAttendanceReportsEventsListGET\":{},\"timeAttendanceReportsEventsTableGET\":{},\"timeAttendanceReportsEventToggle\":{},\"timeAttendanceProgressGet\":{},\"timeAttendanceTimeTrackingPOST\":{},\"usersStaffListGET\":{},\"divisionsTreeGET\":{},\"divisionsListGET\":{},\"timeAttendanceReportsTimesheetHtmlGET\":{},\"timeAttendanceReportsTimesheetGET\":{}}'),(21,4,50,'##Отчеты по дисциплине##','disciplinereports',NULL,1,NULL,NULL,6,NULL,'{\"systemChangeLanguagePOST\":{},\"timeAttendanceReportsBalanceGET\":{},\"timeAttendanceReportsEventsListGET\":{},\"timeAttendanceReportsEventsTableGET\":{},\"timeAttendanceReportsEventToggle\":{},\"timeAttendanceProgressGet\":{},\"timeAttendanceTimeTrackingPOST\":{},\"usersIdGET\":{},\"usersStaffIdGET\":{},\"exportPOST\":{},\"divisionsTreeGET\":{},\"divisionsListGET\":{},\"usersIdDocsReasonPUT\":{},\"timeAttendanceDocsListGET\":{},\"timeAttendanceDocsIdGET\":{},\"timeAttendanceReportsViolatorsGET\":{},\"timeAttendanceReportsViolatorsHtmlGET\":{},\"timeAttendanceReportsPresenceGET\":{},\"timeAttendanceReportsPresenceHtmlGET\":{},\"timeAttendanceReportsAbsenceGET\":{},\"timeAttendanceReportsAbsenceHtmlGET\":{},\"timeAttendanceReportsLateGET\":{},\"timeAttendanceReportsLateHtmlGET\":{},\"timeAttendanceReportsEarlyGET\":{},\"timeAttendanceReportsEarlyHtmlGET\":{},\"timeAttendanceReportsOverworkGET\":{},\"timeAttendanceReportsOverworkHtmlGET\":{}}'),(22,5,60,'##Местонахождение##','whereabouts',NULL,1,NULL,NULL,6,NULL,'{\"systemChangeLanguagePOST\":{},\"roomsTreeGET\":{},\"roomsListGET\":{},\"deviceStateGET\":{},\"usersStaffListGET\":{},\"exportPOST\":{},\"divisionsTreeGET\":{},\"divisionsListGET\":{},\"accessReportsWhereaboutsGET\":{},\"accessReportsWhereaboutsHtmlGET\":{}}'),(23,5,40,'##Журнал верификации##','verificationjournal',NULL,1,NULL,NULL,7,NULL,'{\"systemChangeLanguagePOST\":{},\"roomsTreeGET\":{},\"roomsListGET\":{},\"deviceStateGET\":{},\"usersIdGET\":{},\"usersStaffListGET\":{},\"usersStaffIdGET\":{},\"exportPOST\":{},\"divisionsTreeGET\":{},\"divisionsListGET\":{},\"verifyGetEvent\":{},\"verifyGetEventHtml\":{},\"verifyGetLastEvent\":{},\"verifyFilterPoints\":{},\"verifyFilterEvents\":{},\"verifyFilterResponses\":{},\"verifyFilterOperators\":{}}'),(24,3,50,'##Отчет по посетителям##','visitorsreport',NULL,1,NULL,NULL,5,NULL,'{\"devicesChangePOST\":{},\"systemChangeLanguagePOST\":{},\"usersStaffListGET\":{},\"exportPOST\":{},\"divisionsTreeGET\":{},\"divisionsListGET\":{},\"accessReportsVisitorsGET\":{},\"accessReportsVisitorsHtmlGET\":{}}'),(25,5,10,'##Отчет о проходах##','premisesaccess',NULL,1,'sn01ev_wind_main.htm',NULL,5,NULL,'{\"systemChangeLanguagePOST\":{},\"roomsTreeGET\":{},\"roomsListGET\":{},\"deviceStateGET\":{},\"usersStaffListGET\":{},\"exportPOST\":{},\"divisionsTreeGET\":{},\"divisionsListGET\":{},\"accessReportsEventsGET\":{},\"accessReportsEventsHtmlGET\":{}}'),(32,9,60,'##Роли и права операторов##','roles',NULL,1,'sn01ar_wind_main.htm',NULL,4,NULL,'{\"devicesChangePOST\":{},\"systemChangeLanguagePOST\":{},\"roomsTreeGET\":{},\"deviceStateGET\":{},\"usersStaffListGET\":{},\"exportPOST\":{},\"devicesGET\":{},\"operatorsListGET\":{},\"eventsystemEventsListGET\":{},\"eventsystemCategoryListGET\":{},\"eventsystemSubcategoryListGET\":{},\"systemConfigPOST\":{},\"settingsGET\":{},\"settingsPOST\":{},\"divisionsTreeGET\":{},\"divisionsListGET\":{},\"positionsListGET\":{},\"passDesignTemplatesListGET\":{},\"accessTemplatesListGET\":{},\"timeAttendanceScheduleListGET\":{},\"rolesTableGET\":{},\"rolesPUT\":{},\"rolesIdGET\":{},\"rolesIdPOST\":{},\"rolesIdDELETE\":{},\"verifyTemplatesLIST\":{}}'),(33,9,20,'##События системы##','eventssystem',NULL,1,'sn01ev_wind_main.htm',NULL,4,NULL,'{\"devicesChangePOST\":{},\"systemChangeLanguagePOST\":{},\"roomsTreeGET\":{},\"roomsListGET\":{},\"deviceStateGET\":{},\"exportPOST\":{},\"devicesGET\":{},\"roomWithDevicesGET\":{},\"operatorsListGET\":{},\"eventsystemEventsListGET\":{},\"eventsystemCategoryListGET\":{},\"eventsystemSubcategoryListGET\":{},\"systemConfigPOST\":{},\"settingsGET\":{},\"settingsPOST\":{},\"divisionsTreeGET\":{},\"divisionsListGET\":{},\"positionsListGET\":{},\"verifyGetEvent\":{},\"eventsystemGET\":{},\"eventsystemHtmlGET\":{},\"eventTypesGET\":{},\"eventActionListGET\":{},\"eventActionItemGET\":{},\"operatorChangeLogGET\":{}}'),(34,9,30,'##Реакции на события##','eventaction',NULL,1,NULL,NULL,4,NULL,'{\"devicesChangePOST\":{},\"systemChangeLanguagePOST\":{},\"deviceStateGET\":{},\"exportPOST\":{},\"operatorsListGET\":{},\"eventsystemEventsListGET\":{},\"eventsystemCategoryListGET\":{},\"eventsystemSubcategoryListGET\":{},\"systemConfigPOST\":{},\"settingsGET\":{},\"settingsPOST\":{},\"divisionsTreeGET\":{},\"divisionsListGET\":{},\"eventActionListGET\":{},\"eventActionItemGET\":{},\"eventActionTableGET\":{},\"eventActionItemPOST\":{},\"eventActionItemDELETE\":{},\"eventActionItemPUT\":{},\"eventActionHardwareEventsGET\":{},\"devicesIdEventResourceGET\":{}}'),(36,4,20,'##Оправдательные документы##','documenttype',NULL,1,NULL,NULL,6,NULL,'{\"systemChangeLanguagePOST\":{},\"timeAttendanceReportsBalanceGET\":{},\"timeAttendanceReportsEventsListGET\":{},\"timeAttendanceReportsEventsTableGET\":{},\"timeAttendanceReportsEventToggle\":{},\"timeAttendanceProgressGet\":{},\"timeAttendanceTimeTrackingPOST\":{},\"timeAttendanceDocsListGET\":{},\"timeAttendanceDocsIdGET\":{},\"timeAttendanceDocsTypesGET\":{},\"timeAttendanceDocsTableGET\":{},\"timeAttendanceDocsIdPOST\":{},\"timeAttendanceDocsIdDELETE\":{},\"timeAttendanceDocsPUT\":{},\"timeAttendanceDocsCalcMethodsGET\":{}}'),(37,2,60,'##Дополнительные данные##','additionaldata',NULL,1,NULL,NULL,5,NULL,'{\"devicesChangePOST\":{},\"timeAttendanceScheduleHolidaysListGET\":{},\"systemChangeLanguagePOST\":{},\"usersAdditionalFieldsTableGET\":{},\"usersAdditionalFieldsPUT\":{},\"usersAdditionalFieldsIdGET\":{},\"usersAdditionalFieldsIdPOST\":{},\"usersAdditionalFieldsIdDELETE\":{}}'),(38,9,50,'##Операторы##','operators',NULL,1,'sn01ar_operator_add.htm',NULL,4,NULL,'{\"devicesChangePOST\":{},\"systemChangeLanguagePOST\":{},\"deviceStateGET\":{},\"usersStaffListGET\":{},\"exportPOST\":{},\"operatorsListGET\":{},\"eventsystemEventsListGET\":{},\"eventsystemCategoryListGET\":{},\"eventsystemSubcategoryListGET\":{},\"systemConfigPOST\":{},\"settingsGET\":{},\"settingsPOST\":{},\"divisionsTreeGET\":{},\"divisionsListGET\":{},\"operatorsGET\":{},\"operatorsPUT\":{},\"operatorsIdGET\":{},\"operatorsIdPOST\":{},\"operatorsIdDELETE\":{},\"operatorsIdLockPOST\":{},\"operatorsIdUnlockPOST\":{},\"rolesListGET\":{}}'),(50,3,40,'##Дизайн пропуска##','design',NULL,1,NULL,NULL,5,NULL,'{\"devicesChangePOST\":{},\"systemChangeLanguagePOST\":{},\"usersAdditionalFieldListGET\":{},\"passDesignTemplatesListGET\":{},\"passDesignTemplateUserData\":{},\"passDesignTemplatesTableGET\":{},\"passDesignTemplatesItemGET\":{},\"passDesignTemplatesItemPOST\":{},\"passDesignTemplatesItemDELETE\":{},\"passDesignTemplatesItemPUT\":{}}'),(54,2,40,'##Должности##','positions',NULL,1,NULL,NULL,4,NULL,'{\"devicesChangePOST\":{},\"timeAttendanceScheduleHolidaysListGET\":{},\"systemChangeLanguagePOST\":{},\"exportPOST\":{},\"parseFilePOST\":{},\"associatePOST\":{},\"importPOST\":{},\"getStatusImportGET\":{},\"exportUnimportedPOST\":{},\"positionsPUT\":{},\"positionsTableGET\":{},\"positionsTableHtmlGET\":{},\"positionsIdGET\":{},\"positionsIdPOST\":{},\"positionsIdDELETE\":{}}'),(56,5,20,'##Управление устройствами##','devicemanagement',NULL,1,NULL,NULL,4,NULL,'{\"systemChangeLanguagePOST\":{},\"roomsTreeGET\":{},\"roomsListGET\":{},\"deviceStateGET\":{},\"devicesGET\":{},\"roomWithDevicesGET\":{},\"devicesIdReaderGET\":{},\"devicesIdGET\":{},\"devicesIdCommandPOST\":{},\"deviceIdCommandSchemaGET\":{},\"roomIdCommandSchemaGET\":{},\"deviceIdErrorsGET\":{}}'),(58,8,10,'##Верификация##','verification',NULL,1,NULL,NULL,7,NULL,'{\"systemChangeLanguagePOST\":{},\"deviceStateGET\":{},\"usersIdGET\":{},\"usersStaffIdGET\":{},\"roomWithDevicesGET\":{},\"verifyTemplatesLIST\":{},\"verifyGetTemplate\":{}}'),(59,9,10,'##Конфигурация##','premisesconfiguration',NULL,1,NULL,NULL,4,NULL,'{\"devicesChangePOST\":{},\"systemChangeLanguagePOST\":{},\"roomsTreeGET\":{},\"roomsListGET\":{},\"deviceStateGET\":{},\"exportPOST\":{},\"devicesGET\":{},\"roomWithDevicesGET\":{},\"operatorsListGET\":{},\"eventsystemEventsListGET\":{},\"eventsystemCategoryListGET\":{},\"eventsystemSubcategoryListGET\":{},\"systemConfigPOST\":{},\"settingsGET\":{},\"settingsPOST\":{},\"divisionsTreeGET\":{},\"divisionsListGET\":{},\"eventActionMessengerUsersGET\":{},\"eventActionMessengerSendPOST\":{},\"tasksMailSendPOST\":{},\"devicesIdGET\":{},\"devicesIdResourceGET\":{},\"devicesIdCommandPOST\":{},\"deviceIdErrorsGET\":{},\"eventSystemClearDELETE\":{},\"devicesPUT\":{},\"devicesIdPOST\":{},\"devicesIdDELETE\":{},\"devicesIdActivatePOST\":{},\"devicesIdDeactivatePOST\":{},\"devicesIdAttachPOST\":{},\"devicesIdDetachPOST\":{},\"devicesSchemaGET\":{},\"devicesSearchGET\":{},\"devicesCameraTemplateTableGET\":{},\"devicesCameraTemplateListGET\":{},\"devicesCameraTemplateManufacturerListGET\":{},\"devicesCameraTemplatePUT\":{},\"devicesCameraTemplateIdGET\":{},\"devicesCameraTemplateIdPOST\":{},\"devicesCameraTemplateIdDELETE\":{},\"devicesCameraPUT\":{},\"devicesGatewayPUT\":{},\"roomsPUT\":{},\"roomsIdPOST\":{},\"roomsIdDELETE\":{},\"systemDatabaseBackup\":{},\"systemUploadUpdatePackageGET\":{},\"eventActionSmppProvidersGET\":{},\"eventActionSmppSendPOST\":{},\"mobileTerminalDevicePOST\":{},\"mobileTerminalDeviceDELETE\":{},\"mobileTerminalDeviceListGET\":{}}'),(61,9,40,'##Задания##','task',NULL,1,NULL,NULL,4,NULL,'{\"devicesChangePOST\":{},\"systemChangeLanguagePOST\":{},\"deviceStateGET\":{},\"exportPOST\":{},\"operatorsListGET\":{},\"eventsystemEventsListGET\":{},\"eventsystemCategoryListGET\":{},\"eventsystemSubcategoryListGET\":{},\"systemConfigPOST\":{},\"settingsGET\":{},\"settingsPOST\":{},\"divisionsTreeGET\":{},\"divisionsListGET\":{},\"eventActionListGET\":{},\"eventActionItemGET\":{},\"systemDatabaseBackup\":{},\"tasksGET\":{},\"tasksPUT\":{},\"tasksIdGET\":{},\"tasksIdPOST\":{},\"tasksIdDELETE\":{},\"tasksIdStatusPOST\":{},\"tasksTypesGET\":{}}'),(62,6,10,'##Заказ пропуска##','index',NULL,1,NULL,NULL,5,NULL,'{\"systemChangeLanguagePOST\":{},\"usersIdGET\":{},\"usersVisitorTableGET\":{},\"usersVisitorTableHtmlGET\":{},\"usersStaffListGET\":{},\"usersVisitorListGET\":{},\"usersStaffFullListGET\":{},\"usersStaffCommissionListGET\":{},\"usersStaffPUT\":{},\"usersStaffPOST\":{},\"usersVisitorPUT\":{},\"usersVisitorPOST\":{},\"usersStaffIdGET\":{},\"usersVisitorIdGET\":{},\"usersVisitorIdPOST\":{},\"usersVisitorCardExtractPOST\":{},\"usersAdditionalFieldListGET\":{},\"usersGetBio\":{},\"usersAddBio\":{},\"usersDeleteBio\":{},\"exportPOST\":{},\"divisionsIdGET\":{},\"devicesGET\":{},\"divisionsTreeGET\":{},\"divisionsListGET\":{},\"systemCardAutoincrementGET\":{},\"systemCardRandomGET\":{},\"parseFilePOST\":{},\"associatePOST\":{},\"importPOST\":{},\"getStatusImportGET\":{},\"exportUnimportedPOST\":{}}'),(64,8,20,'##Конфигурация верификации##','verificationconfig',NULL,1,NULL,NULL,7,NULL,'{\"systemChangeLanguagePOST\":{},\"deviceStateGET\":{},\"devicesGET\":{},\"roomWithDevicesGET\":{},\"devicesIdReaderGET\":{},\"verifyTemplatesLIST\":{},\"verifyGetTemplate\":{},\"verifyTemplateTABLE\":{},\"verifyTemplatePUT\":{},\"verifyTemplateGET\":{},\"verifyTemplatePOST\":{},\"verifyTemplateDELETE\":{},\"verifyGetPoint\":{},\"verifyPointPUT\":{},\"verifyPointIdGET\":{},\"verifyPointPOST\":{},\"verifyPointDELETE\":{},\"verifyPointMove\":{},\"verifyPointLIST\":{},\"verifyPointTABLE\":{},\"verifyPointIdSchemaGET\":{}}'),(65,5,50,'##Отчет по доступу в помещения##','premisesaccessreport',NULL,1,NULL,NULL,5,NULL,'{\"systemChangeLanguagePOST\":{},\"roomsTreeGET\":{},\"roomsListGET\":{},\"deviceStateGET\":{},\"usersStaffListGET\":{},\"exportPOST\":{},\"divisionsTreeGET\":{},\"divisionsListGET\":{},\"accessReportsAccessZoneGET\":{},\"accessReportsAccessZoneHtmlGET\":{}}'),(66,1,60,'##Мониторинг##','centralpost',NULL,1,NULL,'icon-shield',10,NULL,'{\"systemChangeLanguagePOST\":{},\"deviceStateGET\":{},\"eventsystemSubcategoryListGET\":{},\"eventsystemGET\":{},\"deviceIdCommandSchemaGET\":{},\"roomIdCommandSchemaGET\":{},\"planListGET\":{},\"planIdGET\":{},\"planRoomsGET\":{},\"accessReportsIndoorGET\":{},\"eventsystemMonitoringGET\":{}}'),(67,66,81,'##Интерактивный план##','plan',NULL,1,NULL,NULL,10,NULL,'{\"systemChangeLanguagePOST\":{},\"deviceStateGET\":{},\"eventsystemSubcategoryListGET\":{},\"eventsystemGET\":{},\"deviceIdCommandSchemaGET\":{},\"roomIdCommandSchemaGET\":{},\"planListGET\":{},\"planIdGET\":{},\"planRoomsGET\":{},\"accessReportsIndoorGET\":{},\"eventsystemMonitoringGET\":{}}'),(69,9,70,'##Лицензии##','license',NULL,1,NULL,NULL,4,NULL,'{\"devicesChangePOST\":{},\"systemChangeLanguagePOST\":{},\"deviceStateGET\":{},\"exportPOST\":{},\"operatorsListGET\":{},\"eventsystemEventsListGET\":{},\"eventsystemCategoryListGET\":{},\"eventsystemSubcategoryListGET\":{},\"systemConfigPOST\":{},\"settingsGET\":{},\"settingsPOST\":{},\"divisionsTreeGET\":{},\"divisionsListGET\":{},\"licensesGET\":{},\"licensesLicenseControllersGET\":{},\"licensesSetLicenseKeyPOST\":{},\"licensesCurrentLicenseControllerGET\":{},\"licensesSetLicenseControllerPOST\":{},\"licensesLicenseActivatePOST\":{},\"licensesLicenseDeactivatePOST\":{}}'),(70,2,20,'##Графики работы##','schedules',NULL,1,NULL,NULL,6,NULL,'{\"devicesChangePOST\":{},\"timeAttendanceScheduleHolidaysListGET\":{},\"systemChangeLanguagePOST\":{},\"roomsTreeGET\":{},\"timeAttendanceScheduleListGET\":{},\"timeAttendanceScheduleIdGET\":{},\"timeAttendanceSchedulePUT\":{},\"timeAttendanceScheduleTableGET\":{},\"timeAttendanceScheduleIdPOST\":{},\"timeAttendanceScheduleIdDELETE\":{},\"timeAttendanceScheduleNightTimeGET\":{},\"timeAttendanceScheduleNightTimePOST\":{}}'),(71,2,50,'##Праздничные дни##','holidays',NULL,1,NULL,NULL,4,NULL,'{\"devicesChangePOST\":{},\"timeAttendanceScheduleHolidaysListGET\":{},\"systemChangeLanguagePOST\":{},\"timeAttendanceScheduleHolidaysPUT\":{},\"timeAttendanceScheduleHolidaysFillPOST\":{},\"timeAttendanceScheduleHolidaysClearPOST\":{},\"timeAttendanceScheduleHolidaysIdGET\":{},\"timeAttendanceScheduleHolidaysIdPOST\":{},\"timeAttendanceScheduleHolidaysIdDELETE\":{},\"timeAttendancePresetHolidaysGET\":{},\"timeAttendancePresetHolidaysPUT\":{},\"timeAttendancePresetHolidaysIdDELETE\":{}}'),(72,16,31,'##Шаблоны##','accesstemplates',NULL,1,NULL,NULL,4,NULL,'{\"devicesChangePOST\":{},\"systemChangeLanguagePOST\":{},\"roomsTreeGET\":{},\"roomsListGET\":{},\"deviceStateGET\":{},\"usersStaffCommissionListGET\":{},\"roomWithDevicesGET\":{},\"divisionsTreeGET\":{},\"divisionsListGET\":{},\"roomsWithDeviceTypeGET\":{},\"accessTemplatesIdGET\":{},\"accessSchedulesTypesGET\":{},\"accessSchedulesListGET\":{},\"accessSchedulesPUT\":{},\"accessSchedulesIdGET\":{},\"accessSchedulesIdPOST\":{},\"accessTemplatesAccessRightsGET\":{},\"accessTemplatesCommissionTypesGET\":{},\"accessTemplatesPUT\":{},\"accessTemplatesTableGET\":{},\"accessTemplatesIdPOST\":{},\"accessTemplatesIdDELETE\":{},\"accessSchedulesTableGET\":{},\"accessSchedulesTimeZonePUT\":{},\"accessSchedulesTimeZoneIdPOST\":{},\"accessSchedulesWeeklyPUT\":{},\"accessSchedulesWeeklyIdPOST\":{},\"accessSchedulesFlexDayPUT\":{},\"accessSchedulesFlexDayPOST\":{},\"accessSchedulesFlexWeeklyPUT\":{},\"accessSchedulesFlexWeeklyIdPOST\":{},\"accessCommissionRoomIdPOST\":{},\"accessSchedulesIdDELETE\":{},\"accessSchedulesHolidaysGroupIdPOST\":{},\"roomIdCommissionTypesGET\":{}}'),(73,16,32,'##Временные критерии доступа##','accessschedules',NULL,1,NULL,NULL,4,NULL,'{\"devicesChangePOST\":{},\"systemChangeLanguagePOST\":{},\"roomsTreeGET\":{},\"roomsListGET\":{},\"deviceStateGET\":{},\"usersStaffCommissionListGET\":{},\"roomWithDevicesGET\":{},\"divisionsTreeGET\":{},\"divisionsListGET\":{},\"roomsWithDeviceTypeGET\":{},\"accessTemplatesIdGET\":{},\"accessSchedulesTypesGET\":{},\"accessSchedulesListGET\":{},\"accessSchedulesPUT\":{},\"accessSchedulesIdGET\":{},\"accessSchedulesIdPOST\":{},\"accessTemplatesAccessRightsGET\":{},\"accessTemplatesCommissionTypesGET\":{},\"accessTemplatesPUT\":{},\"accessTemplatesTableGET\":{},\"accessTemplatesIdPOST\":{},\"accessTemplatesIdDELETE\":{},\"accessSchedulesTableGET\":{},\"accessSchedulesTimeZonePUT\":{},\"accessSchedulesTimeZoneIdPOST\":{},\"accessSchedulesWeeklyPUT\":{},\"accessSchedulesWeeklyIdPOST\":{},\"accessSchedulesFlexDayPUT\":{},\"accessSchedulesFlexDayPOST\":{},\"accessSchedulesFlexWeeklyPUT\":{},\"accessSchedulesFlexWeeklyIdPOST\":{},\"accessCommissionRoomIdPOST\":{},\"accessSchedulesIdDELETE\":{},\"accessSchedulesHolidaysGroupIdPOST\":{},\"roomIdCommissionTypesGET\":{}}'),(78,56,21,'##Помещения##','rooms',NULL,1,NULL,NULL,4,NULL,'{\"systemChangeLanguagePOST\":{},\"roomsTreeGET\":{},\"roomsListGET\":{},\"deviceStateGET\":{},\"devicesGET\":{},\"roomWithDevicesGET\":{},\"devicesIdReaderGET\":{},\"devicesIdGET\":{},\"devicesIdCommandPOST\":{},\"deviceIdCommandSchemaGET\":{},\"roomIdCommandSchemaGET\":{},\"deviceIdErrorsGET\":{}}'),(79,56,22,'##Устройства##','controllers',NULL,1,NULL,NULL,4,NULL,'{\"systemChangeLanguagePOST\":{},\"roomsTreeGET\":{},\"roomsListGET\":{},\"deviceStateGET\":{},\"devicesGET\":{},\"roomWithDevicesGET\":{},\"devicesIdReaderGET\":{},\"devicesIdGET\":{},\"devicesIdCommandPOST\":{},\"deviceIdCommandSchemaGET\":{},\"roomIdCommandSchemaGET\":{},\"deviceIdErrorsGET\":{}}'),(82,59,13,'##Шаблоны камер##','cameratemplates',NULL,1,NULL,NULL,4,NULL,'{\"devicesChangePOST\":{},\"systemChangeLanguagePOST\":{},\"roomsTreeGET\":{},\"roomsListGET\":{},\"deviceStateGET\":{},\"exportPOST\":{},\"devicesGET\":{},\"roomWithDevicesGET\":{},\"operatorsListGET\":{},\"eventsystemEventsListGET\":{},\"eventsystemCategoryListGET\":{},\"eventsystemSubcategoryListGET\":{},\"systemConfigPOST\":{},\"settingsGET\":{},\"settingsPOST\":{},\"divisionsTreeGET\":{},\"divisionsListGET\":{},\"eventActionMessengerUsersGET\":{},\"eventActionMessengerSendPOST\":{},\"tasksMailSendPOST\":{},\"devicesIdGET\":{},\"devicesIdResourceGET\":{},\"devicesIdCommandPOST\":{},\"deviceIdErrorsGET\":{},\"eventSystemClearDELETE\":{},\"devicesPUT\":{},\"devicesIdPOST\":{},\"devicesIdDELETE\":{},\"devicesIdActivatePOST\":{},\"devicesIdDeactivatePOST\":{},\"devicesIdAttachPOST\":{},\"devicesIdDetachPOST\":{},\"devicesSchemaGET\":{},\"devicesSearchGET\":{},\"devicesCameraTemplateTableGET\":{},\"devicesCameraTemplateListGET\":{},\"devicesCameraTemplateManufacturerListGET\":{},\"devicesCameraTemplatePUT\":{},\"devicesCameraTemplateIdGET\":{},\"devicesCameraTemplateIdPOST\":{},\"devicesCameraTemplateIdDELETE\":{},\"devicesCameraPUT\":{},\"devicesGatewayPUT\":{},\"roomsPUT\":{},\"roomsIdPOST\":{},\"roomsIdDELETE\":{},\"systemDatabaseBackup\":{},\"systemUploadUpdatePackageGET\":{},\"eventActionSmppProvidersGET\":{},\"eventActionSmppSendPOST\":{},\"mobileTerminalDevicePOST\":{},\"mobileTerminalDeviceDELETE\":{},\"mobileTerminalDeviceListGET\":{}}'),(83,59,11,'##Помещения##','rooms',NULL,1,NULL,NULL,4,NULL,'{\"devicesChangePOST\":{},\"systemChangeLanguagePOST\":{},\"roomsTreeGET\":{},\"roomsListGET\":{},\"deviceStateGET\":{},\"exportPOST\":{},\"devicesGET\":{},\"roomWithDevicesGET\":{},\"operatorsListGET\":{},\"eventsystemEventsListGET\":{},\"eventsystemCategoryListGET\":{},\"eventsystemSubcategoryListGET\":{},\"systemConfigPOST\":{},\"settingsGET\":{},\"settingsPOST\":{},\"divisionsTreeGET\":{},\"divisionsListGET\":{},\"eventActionMessengerUsersGET\":{},\"eventActionMessengerSendPOST\":{},\"tasksMailSendPOST\":{},\"devicesIdGET\":{},\"devicesIdResourceGET\":{},\"devicesIdCommandPOST\":{},\"deviceIdErrorsGET\":{},\"eventSystemClearDELETE\":{},\"devicesPUT\":{},\"devicesIdPOST\":{},\"devicesIdDELETE\":{},\"devicesIdActivatePOST\":{},\"devicesIdDeactivatePOST\":{},\"devicesIdAttachPOST\":{},\"devicesIdDetachPOST\":{},\"devicesSchemaGET\":{},\"devicesSearchGET\":{},\"devicesCameraTemplateTableGET\":{},\"devicesCameraTemplateListGET\":{},\"devicesCameraTemplateManufacturerListGET\":{},\"devicesCameraTemplatePUT\":{},\"devicesCameraTemplateIdGET\":{},\"devicesCameraTemplateIdPOST\":{},\"devicesCameraTemplateIdDELETE\":{},\"devicesCameraPUT\":{},\"devicesGatewayPUT\":{},\"roomsPUT\":{},\"roomsIdPOST\":{},\"roomsIdDELETE\":{},\"systemDatabaseBackup\":{},\"systemUploadUpdatePackageGET\":{},\"eventActionSmppProvidersGET\":{},\"eventActionSmppSendPOST\":{},\"mobileTerminalDevicePOST\":{},\"mobileTerminalDeviceDELETE\":{},\"mobileTerminalDeviceListGET\":{}}'),(84,59,12,'##Устройства##','controllers',NULL,1,NULL,NULL,4,NULL,'{\"devicesChangePOST\":{},\"systemChangeLanguagePOST\":{},\"roomsTreeGET\":{},\"roomsListGET\":{},\"deviceStateGET\":{},\"usersStaffListGET\":{},\"exportPOST\":{},\"devicesGET\":{},\"roomWithDevicesGET\":{},\"operatorsListGET\":{},\"eventsystemEventsListGET\":{},\"eventsystemCategoryListGET\":{},\"eventsystemSubcategoryListGET\":{},\"systemConfigPOST\":{},\"settingsGET\":{},\"settingsPOST\":{},\"divisionsTreeGET\":{},\"divisionsListGET\":{},\"eventActionMessengerUsersGET\":{},\"eventActionMessengerSendPOST\":{},\"tasksMailSendPOST\":{},\"devicesIdGET\":{},\"devicesIdResourceGET\":{},\"devicesIdCommandPOST\":{},\"deviceIdErrorsGET\":{},\"eventSystemClearDELETE\":{},\"devicesPUT\":{},\"devicesIdPOST\":{},\"devicesIdDELETE\":{},\"devicesIdActivatePOST\":{},\"devicesIdDeactivatePOST\":{},\"devicesIdAttachPOST\":{},\"devicesIdDetachPOST\":{},\"devicesSchemaGET\":{},\"devicesSearchGET\":{},\"devicesCameraTemplateTableGET\":{},\"devicesCameraTemplateListGET\":{},\"devicesCameraTemplateManufacturerListGET\":{},\"devicesCameraTemplatePUT\":{},\"devicesCameraTemplateIdGET\":{},\"devicesCameraTemplateIdPOST\":{},\"devicesCameraTemplateIdDELETE\":{},\"devicesCameraPUT\":{},\"devicesGatewayPUT\":{},\"roomsPUT\":{},\"roomsIdPOST\":{},\"roomsIdDELETE\":{},\"systemDatabaseBackup\":{},\"systemUploadUpdatePackageGET\":{},\"eventActionSmppProvidersGET\":{},\"eventActionSmppSendPOST\":{},\"mobileTerminalDevicePOST\":{},\"mobileTerminalDeviceDELETE\":{},\"mobileTerminalDeviceListGET\":{}}'),(85,59,14,'##Система##','system',NULL,1,NULL,NULL,4,NULL,'{\"devicesChangePOST\":{},\"systemChangeLanguagePOST\":{},\"roomsTreeGET\":{},\"roomsListGET\":{},\"deviceStateGET\":{},\"exportPOST\":{},\"devicesGET\":{},\"roomWithDevicesGET\":{},\"operatorsListGET\":{},\"eventsystemEventsListGET\":{},\"eventsystemCategoryListGET\":{},\"eventsystemSubcategoryListGET\":{},\"systemConfigPOST\":{},\"settingsGET\":{},\"settingsPOST\":{},\"divisionsTreeGET\":{},\"divisionsListGET\":{},\"eventActionMessengerUsersGET\":{},\"eventActionMessengerSendPOST\":{},\"tasksMailSendPOST\":{},\"devicesIdGET\":{},\"devicesIdResourceGET\":{},\"devicesIdCommandPOST\":{},\"deviceIdErrorsGET\":{},\"eventSystemClearDELETE\":{},\"devicesPUT\":{},\"devicesIdPOST\":{},\"devicesIdDELETE\":{},\"devicesIdActivatePOST\":{},\"devicesIdDeactivatePOST\":{},\"devicesIdAttachPOST\":{},\"devicesIdDetachPOST\":{},\"devicesSchemaGET\":{},\"devicesSearchGET\":{},\"devicesCameraTemplateTableGET\":{},\"devicesCameraTemplateListGET\":{},\"devicesCameraTemplateManufacturerListGET\":{},\"devicesCameraTemplatePUT\":{},\"devicesCameraTemplateIdGET\":{},\"devicesCameraTemplateIdPOST\":{},\"devicesCameraTemplateIdDELETE\":{},\"devicesCameraPUT\":{},\"devicesGatewayPUT\":{},\"roomsPUT\":{},\"roomsIdPOST\":{},\"roomsIdDELETE\":{},\"systemDatabaseBackup\":{},\"systemUploadUpdatePackageGET\":{},\"eventActionSmppProvidersGET\":{},\"eventActionSmppSendPOST\":{},\"mobileTerminalDevicePOST\":{},\"mobileTerminalDeviceDELETE\":{},\"mobileTerminalDeviceListGET\":{}}'),(86,21,51,'##Нарушители##','violators',NULL,1,NULL,NULL,6,NULL,'{\"systemChangeLanguagePOST\":{},\"timeAttendanceReportsBalanceGET\":{},\"timeAttendanceReportsEventsListGET\":{},\"timeAttendanceReportsEventsTableGET\":{},\"timeAttendanceReportsEventToggle\":{},\"timeAttendanceProgressGet\":{},\"timeAttendanceTimeTrackingPOST\":{},\"usersIdGET\":{},\"usersStaffListGET\":{},\"usersStaffIdGET\":{},\"exportPOST\":{},\"divisionsTreeGET\":{},\"divisionsListGET\":{},\"usersIdDocsTableGET\":{},\"usersIdDocsPUT\":{},\"usersIdDocsReasonPUT\":{},\"usersIdDocsIdGET\":{},\"userDocsIdPOST\":{},\"usersDocsIdDELETE\":{},\"timeAttendanceDocsListGET\":{},\"timeAttendanceDocsIdGET\":{},\"timeAttendanceReportsViolatorsGET\":{},\"timeAttendanceReportsViolatorsHtmlGET\":{},\"timeAttendanceReportsPresenceGET\":{},\"timeAttendanceReportsPresenceHtmlGET\":{},\"timeAttendanceReportsAbsenceGET\":{},\"timeAttendanceReportsAbsenceHtmlGET\":{},\"timeAttendanceReportsLateGET\":{},\"timeAttendanceReportsLateHtmlGET\":{},\"timeAttendanceReportsEarlyGET\":{},\"timeAttendanceReportsEarlyHtmlGET\":{},\"timeAttendanceReportsOverworkGET\":{},\"timeAttendanceReportsOverworkHtmlGET\":{}}'),(87,21,52,'##Присутствующие на данный момент##','presences',NULL,1,NULL,NULL,6,NULL,'{\"systemChangeLanguagePOST\":{},\"timeAttendanceReportsBalanceGET\":{},\"timeAttendanceReportsEventsListGET\":{},\"timeAttendanceReportsEventsTableGET\":{},\"timeAttendanceReportsEventToggle\":{},\"timeAttendanceProgressGet\":{},\"timeAttendanceTimeTrackingPOST\":{},\"usersIdGET\":{},\"usersStaffListGET\":{},\"usersStaffIdGET\":{},\"exportPOST\":{},\"divisionsTreeGET\":{},\"divisionsListGET\":{},\"usersIdDocsTableGET\":{},\"usersIdDocsPUT\":{},\"usersIdDocsReasonPUT\":{},\"usersIdDocsIdGET\":{},\"userDocsIdPOST\":{},\"usersDocsIdDELETE\":{},\"timeAttendanceDocsListGET\":{},\"timeAttendanceDocsIdGET\":{},\"timeAttendanceReportsViolatorsGET\":{},\"timeAttendanceReportsViolatorsHtmlGET\":{},\"timeAttendanceReportsPresenceGET\":{},\"timeAttendanceReportsPresenceHtmlGET\":{},\"timeAttendanceReportsAbsenceGET\":{},\"timeAttendanceReportsAbsenceHtmlGET\":{},\"timeAttendanceReportsLateGET\":{},\"timeAttendanceReportsLateHtmlGET\":{},\"timeAttendanceReportsEarlyGET\":{},\"timeAttendanceReportsEarlyHtmlGET\":{},\"timeAttendanceReportsOverworkGET\":{},\"timeAttendanceReportsOverworkHtmlGET\":{}}'),(88,21,53,'##Отсутствующие сегодня##','absents',NULL,1,NULL,NULL,6,NULL,'{\"systemChangeLanguagePOST\":{},\"timeAttendanceReportsBalanceGET\":{},\"timeAttendanceReportsEventsListGET\":{},\"timeAttendanceReportsEventsTableGET\":{},\"timeAttendanceReportsEventToggle\":{},\"timeAttendanceProgressGet\":{},\"timeAttendanceTimeTrackingPOST\":{},\"usersIdGET\":{},\"usersStaffListGET\":{},\"usersStaffIdGET\":{},\"exportPOST\":{},\"divisionsTreeGET\":{},\"divisionsListGET\":{},\"usersIdDocsTableGET\":{},\"usersIdDocsPUT\":{},\"usersIdDocsReasonPUT\":{},\"usersIdDocsIdGET\":{},\"userDocsIdPOST\":{},\"usersDocsIdDELETE\":{},\"timeAttendanceDocsListGET\":{},\"timeAttendanceDocsIdGET\":{},\"timeAttendanceReportsViolatorsGET\":{},\"timeAttendanceReportsViolatorsHtmlGET\":{},\"timeAttendanceReportsPresenceGET\":{},\"timeAttendanceReportsPresenceHtmlGET\":{},\"timeAttendanceReportsAbsenceGET\":{},\"timeAttendanceReportsAbsenceHtmlGET\":{},\"timeAttendanceReportsLateGET\":{},\"timeAttendanceReportsLateHtmlGET\":{},\"timeAttendanceReportsEarlyGET\":{},\"timeAttendanceReportsEarlyHtmlGET\":{},\"timeAttendanceReportsOverworkGET\":{},\"timeAttendanceReportsOverworkHtmlGET\":{}}'),(89,21,54,'##Опоздавшие сегодня##','lates',NULL,1,NULL,NULL,6,NULL,'{\"systemChangeLanguagePOST\":{},\"timeAttendanceReportsBalanceGET\":{},\"timeAttendanceReportsEventsListGET\":{},\"timeAttendanceReportsEventsTableGET\":{},\"timeAttendanceReportsEventToggle\":{},\"timeAttendanceProgressGet\":{},\"timeAttendanceTimeTrackingPOST\":{},\"usersIdGET\":{},\"usersStaffListGET\":{},\"usersStaffIdGET\":{},\"exportPOST\":{},\"divisionsTreeGET\":{},\"divisionsListGET\":{},\"usersIdDocsTableGET\":{},\"usersIdDocsPUT\":{},\"usersIdDocsReasonPUT\":{},\"usersIdDocsIdGET\":{},\"userDocsIdPOST\":{},\"usersDocsIdDELETE\":{},\"timeAttendanceDocsListGET\":{},\"timeAttendanceDocsIdGET\":{},\"timeAttendanceReportsViolatorsGET\":{},\"timeAttendanceReportsViolatorsHtmlGET\":{},\"timeAttendanceReportsPresenceGET\":{},\"timeAttendanceReportsPresenceHtmlGET\":{},\"timeAttendanceReportsAbsenceGET\":{},\"timeAttendanceReportsAbsenceHtmlGET\":{},\"timeAttendanceReportsLateGET\":{},\"timeAttendanceReportsLateHtmlGET\":{},\"timeAttendanceReportsEarlyGET\":{},\"timeAttendanceReportsEarlyHtmlGET\":{},\"timeAttendanceReportsOverworkGET\":{},\"timeAttendanceReportsOverworkHtmlGET\":{}}'),(90,21,55,'##Ушедшие раньше сегодня##','earlys',NULL,1,NULL,NULL,6,NULL,'{\"systemChangeLanguagePOST\":{},\"timeAttendanceReportsBalanceGET\":{},\"timeAttendanceReportsEventsListGET\":{},\"timeAttendanceReportsEventsTableGET\":{},\"timeAttendanceReportsEventToggle\":{},\"timeAttendanceProgressGet\":{},\"timeAttendanceTimeTrackingPOST\":{},\"usersIdGET\":{},\"usersStaffListGET\":{},\"usersStaffIdGET\":{},\"exportPOST\":{},\"divisionsTreeGET\":{},\"divisionsListGET\":{},\"usersIdDocsTableGET\":{},\"usersIdDocsPUT\":{},\"usersIdDocsReasonPUT\":{},\"usersIdDocsIdGET\":{},\"userDocsIdPOST\":{},\"usersDocsIdDELETE\":{},\"timeAttendanceDocsListGET\":{},\"timeAttendanceDocsIdGET\":{},\"timeAttendanceReportsViolatorsGET\":{},\"timeAttendanceReportsViolatorsHtmlGET\":{},\"timeAttendanceReportsPresenceGET\":{},\"timeAttendanceReportsPresenceHtmlGET\":{},\"timeAttendanceReportsAbsenceGET\":{},\"timeAttendanceReportsAbsenceHtmlGET\":{},\"timeAttendanceReportsLateGET\":{},\"timeAttendanceReportsLateHtmlGET\":{},\"timeAttendanceReportsEarlyGET\":{},\"timeAttendanceReportsEarlyHtmlGET\":{},\"timeAttendanceReportsOverworkGET\":{},\"timeAttendanceReportsOverworkHtmlGET\":{}}'),(91,21,56,'##Переработка##','overworks',NULL,1,NULL,NULL,6,NULL,'{\"systemChangeLanguagePOST\":{},\"timeAttendanceReportsBalanceGET\":{},\"timeAttendanceReportsEventsListGET\":{},\"timeAttendanceReportsEventsTableGET\":{},\"timeAttendanceReportsEventToggle\":{},\"timeAttendanceProgressGet\":{},\"timeAttendanceTimeTrackingPOST\":{},\"usersIdGET\":{},\"usersStaffListGET\":{},\"usersStaffIdGET\":{},\"exportPOST\":{},\"divisionsTreeGET\":{},\"divisionsListGET\":{},\"usersIdDocsTableGET\":{},\"usersIdDocsPUT\":{},\"usersIdDocsReasonPUT\":{},\"usersIdDocsIdGET\":{},\"userDocsIdPOST\":{},\"usersDocsIdDELETE\":{},\"timeAttendanceDocsListGET\":{},\"timeAttendanceDocsIdGET\":{},\"timeAttendanceReportsViolatorsGET\":{},\"timeAttendanceReportsViolatorsHtmlGET\":{},\"timeAttendanceReportsPresenceGET\":{},\"timeAttendanceReportsPresenceHtmlGET\":{},\"timeAttendanceReportsAbsenceGET\":{},\"timeAttendanceReportsAbsenceHtmlGET\":{},\"timeAttendanceReportsLateGET\":{},\"timeAttendanceReportsLateHtmlGET\":{},\"timeAttendanceReportsEarlyGET\":{},\"timeAttendanceReportsEarlyHtmlGET\":{},\"timeAttendanceReportsOverworkGET\":{},\"timeAttendanceReportsOverworkHtmlGET\":{}}'),(92,16,33,'##Комиссионирование##','accesscommission',NULL,1,NULL,NULL,4,NULL,'{\"devicesChangePOST\":{},\"systemChangeLanguagePOST\":{},\"roomsTreeGET\":{},\"roomsListGET\":{},\"deviceStateGET\":{},\"usersStaffCommissionListGET\":{},\"roomWithDevicesGET\":{},\"divisionsTreeGET\":{},\"divisionsListGET\":{},\"roomsWithDeviceTypeGET\":{},\"accessTemplatesIdGET\":{},\"accessSchedulesTypesGET\":{},\"accessSchedulesListGET\":{},\"accessSchedulesPUT\":{},\"accessSchedulesIdGET\":{},\"accessSchedulesIdPOST\":{},\"accessTemplatesAccessRightsGET\":{},\"accessTemplatesCommissionTypesGET\":{},\"accessTemplatesPUT\":{},\"accessTemplatesTableGET\":{},\"accessTemplatesIdPOST\":{},\"accessTemplatesIdDELETE\":{},\"accessSchedulesTableGET\":{},\"accessSchedulesTimeZonePUT\":{},\"accessSchedulesTimeZoneIdPOST\":{},\"accessSchedulesWeeklyPUT\":{},\"accessSchedulesWeeklyIdPOST\":{},\"accessSchedulesFlexDayPUT\":{},\"accessSchedulesFlexDayPOST\":{},\"accessSchedulesFlexWeeklyPUT\":{},\"accessSchedulesFlexWeeklyIdPOST\":{},\"accessCommissionRoomIdPOST\":{},\"accessSchedulesIdDELETE\":{},\"accessSchedulesHolidaysGroupIdPOST\":{},\"roomIdCommissionTypesGET\":{}}'),(93,66,90,'##Редактирование плана##','plan',NULL,1,NULL,NULL,10,NULL,'{\"deviceStateGET\":{},\"eventsystemSubcategoryListGET\":{},\"eventsystemGET\":{},\"deviceIdCommandSchemaGET\":{},\"roomIdCommandSchemaGET\":{},\"planListGET\":{},\"planIdGET\":{},\"planRoomsGET\":{},\"accessReportsIndoorGET\":{},\"eventsystemMonitoringGET\":{},\"planPUT\":{},\"planIdPOST\":{},\"planIdDELETE\":{}}'),(94,1,100,'##Интеграция c TRASSIR##','trassir',NULL,1,NULL,NULL,11,NULL,'{}'),(95,4,51,'##Отчеты##','reports',NULL,1,NULL,NULL,6,NULL,'{\"systemChangeLanguagePOST\":{},\"timeAttendanceReportsBalanceGET\":{},\"timeAttendanceReportsEventsListGET\":{},\"timeAttendanceReportsEventsTableGET\":{},\"timeAttendanceReportsEventToggle\":{},\"timeAttendanceProgressGet\":{},\"timeAttendanceTimeTrackingPOST\":{},\"usersIdGET\":{},\"usersStaffIdGET\":{},\"exportPOST\":{},\"divisionsTreeGET\":{},\"divisionsListGET\":{},\"usersIdDocsReasonPUT\":{},\"timeAttendanceDocsListGET\":{},\"timeAttendanceDocsIdGET\":{},\"timeAttendanceReportsViolatorsGET\":{},\"timeAttendanceReportsViolatorsHtmlGET\":{},\"timeAttendanceReportsPresenceGET\":{},\"timeAttendanceReportsPresenceHtmlGET\":{},\"timeAttendanceReportsAbsenceGET\":{},\"timeAttendanceReportsAbsenceHtmlGET\":{},\"timeAttendanceReportsLateGET\":{},\"timeAttendanceReportsLateHtmlGET\":{},\"timeAttendanceReportsEarlyGET\":{},\"timeAttendanceReportsEarlyHtmlGET\":{},\"timeAttendanceReportsOverworkGET\":{},\"timeAttendanceReportsOverworkHtmlGET\":{}}'),(96,4,57,'##Время присутствия##','timepresence',NULL,1,NULL,NULL,6,NULL,'{\"systemChangeLanguagePOST\":{},\"timeAttendanceReportsBalanceGET\":{},\"timeAttendanceReportsEventsListGET\":{},\"timeAttendanceReportsEventsTableGET\":{},\"timeAttendanceReportsEventToggle\":{},\"timeAttendanceProgressGet\":{},\"timeAttendanceTimeTrackingPOST\":{},\"usersIdGET\":{},\"usersStaffIdGET\":{},\"exportPOST\":{},\"divisionsTreeGET\":{},\"divisionsListGET\":{},\"usersIdDocsReasonPUT\":{},\"timeAttendanceDocsListGET\":{},\"timeAttendanceDocsIdGET\":{},\"timeAttendanceReportsViolatorsGET\":{},\"timeAttendanceReportsViolatorsHtmlGET\":{},\"timeAttendanceReportsPresenceGET\":{},\"timeAttendanceReportsPresenceHtmlGET\":{},\"timeAttendanceReportsAbsenceGET\":{},\"timeAttendanceReportsAbsenceHtmlGET\":{},\"timeAttendanceReportsLateGET\":{},\"timeAttendanceReportsLateHtmlGET\":{},\"timeAttendanceReportsEarlyGET\":{},\"timeAttendanceReportsEarlyHtmlGET\":{},\"timeAttendanceReportsOverworkGET\":{},\"timeAttendanceReportsOverworkHtmlGET\":{}}'),(97,4,58,'##Выданные документы##','userdocs',NULL,1,NULL,NULL,6,NULL,'{\"systemChangeLanguagePOST\":{},\"timeAttendanceReportsBalanceGET\":{},\"timeAttendanceReportsEventsListGET\":{},\"timeAttendanceReportsEventsTableGET\":{},\"timeAttendanceReportsEventToggle\":{},\"timeAttendanceProgressGet\":{},\"timeAttendanceTimeTrackingPOST\":{},\"usersIdGET\":{},\"usersStaffIdGET\":{},\"exportPOST\":{},\"divisionsTreeGET\":{},\"divisionsListGET\":{},\"usersIdDocsReasonPUT\":{},\"timeAttendanceDocsListGET\":{},\"timeAttendanceDocsIdGET\":{},\"timeAttendanceReportsViolatorsGET\":{},\"timeAttendanceReportsViolatorsHtmlGET\":{},\"timeAttendanceReportsPresenceGET\":{},\"timeAttendanceReportsPresenceHtmlGET\":{},\"timeAttendanceReportsAbsenceGET\":{},\"timeAttendanceReportsAbsenceHtmlGET\":{},\"timeAttendanceReportsLateGET\":{},\"timeAttendanceReportsLateHtmlGET\":{},\"timeAttendanceReportsEarlyGET\":{},\"timeAttendanceReportsEarlyHtmlGET\":{},\"timeAttendanceReportsOverworkGET\":{},\"timeAttendanceReportsOverworkHtmlGET\":{}}'),(98,5,70,'##Выданные идентификаторы##','identifiers',NULL,1,NULL,NULL,5,NULL,'{\"systemChangeLanguagePOST\":{},\"timeAttendanceReportsBalanceGET\":{},\"timeAttendanceReportsEventsListGET\":{},\"timeAttendanceReportsEventsTableGET\":{},\"timeAttendanceReportsEventToggle\":{},\"timeAttendanceProgressGet\":{},\"timeAttendanceTimeTrackingPOST\":{},\"usersIdGET\":{},\"usersStaffIdGET\":{},\"exportPOST\":{},\"divisionsTreeGET\":{},\"divisionsListGET\":{},\"usersIdDocsReasonPUT\":{},\"timeAttendanceDocsListGET\":{},\"timeAttendanceDocsIdGET\":{},\"timeAttendanceReportsViolatorsGET\":{},\"timeAttendanceReportsViolatorsHtmlGET\":{},\"timeAttendanceReportsPresenceGET\":{},\"timeAttendanceReportsPresenceHtmlGET\":{},\"timeAttendanceReportsAbsenceGET\":{},\"timeAttendanceReportsAbsenceHtmlGET\":{},\"timeAttendanceReportsLateGET\":{},\"timeAttendanceReportsLateHtmlGET\":{},\"timeAttendanceReportsEarlyGET\":{},\"timeAttendanceReportsEarlyHtmlGET\":{},\"timeAttendanceReportsOverworkGET\":{},\"timeAttendanceReportsOverworkHtmlGET\":{}}'),(99,1,101,'##Интеграция с ИСО \"ОРИОН\" (НВП \"Болид\")##','bolid',NULL,1,NULL,NULL,12,NULL,'{}');
/*!40000 ALTER TABLE `category_tab` ENABLE KEYS */;
UNLOCK TABLES;

--
-- Table structure for table `device`
--

DROP TABLE IF EXISTS `device`;
/*!40101 SET @saved_cs_client     = @@character_set_client */;
/*!50503 SET character_set_client = utf8mb4 */;
CREATE TABLE `device` (
  `id` int NOT NULL AUTO_INCREMENT,
  `parent_id` int DEFAULT NULL,
  `device_type_id` int NOT NULL,
  `hard_number` smallint DEFAULT NULL,
  `ip_addr` varchar(70) CHARACTER SET utf8 COLLATE utf8_unicode_ci DEFAULT NULL,
  `name` varchar(150) CHARACTER SET utf8 COLLATE utf8_unicode_ci NOT NULL,
  `port` int DEFAULT NULL,
  `login` varchar(150) CHARACTER SET utf8 COLLATE utf8_unicode_ci DEFAULT NULL,
  `password` varchar(150) CHARACTER SET utf8 COLLATE utf8_unicode_ci DEFAULT NULL,
  `access_zone_id1` int DEFAULT NULL,
  `access_zone_id2` int DEFAULT NULL,
  `is_removed` tinyint(1) NOT NULL DEFAULT '1',
  `net_mask` varchar(15) CHARACTER SET utf8 COLLATE utf8_unicode_ci DEFAULT NULL,
  `ip_router` varchar(15) CHARACTER SET utf8 COLLATE utf8_unicode_ci DEFAULT NULL,
  `mac_address` varchar(17) CHARACTER SET utf8 COLLATE utf8_unicode_ci DEFAULT NULL,
  `resource_data` mediumtext COLLATE utf8_unicode_ci,
  `schema_data` mediumtext COLLATE utf8_unicode_ci,
  `sub_type` int DEFAULT NULL,
  `firmware_version` varchar(50) CHARACTER SET utf8 COLLATE utf8_unicode_ci DEFAULT NULL,
  `protocol_id` int DEFAULT NULL,
  `link_id` int DEFAULT NULL,
  `part_number` int DEFAULT NULL,
  PRIMARY KEY (`id`),
  UNIQUE KEY `plc_ID_uindex` (`id`),
  KEY `PLC_IDX1` (`ip_addr`),
  KEY `PLC_IDX2` (`access_zone_id1`),
  KEY `PLC_IDX3` (`access_zone_id2`)
) ENGINE=InnoDB DEFAULT CHARSET=utf8 COLLATE=utf8_unicode_ci;
/*!40101 SET character_set_client = @saved_cs_client */;

--
-- Dumping data for table `device`
--

LOCK TABLES `device` WRITE;
/*!40000 ALTER TABLE `device` DISABLE KEYS */;
INSERT INTO `device` VALUES (0,NULL,0,NULL,NULL,'##Общие настройки##',NULL,NULL,NULL,NULL,NULL,0,NULL,NULL,NULL,NULL,NULL,NULL,NULL,NULL,NULL,NULL);
/*!40000 ALTER TABLE `device` ENABLE KEYS */;
UNLOCK TABLES;

--
-- Table structure for table `device_camera_stream`
--

DROP TABLE IF EXISTS `device_camera_stream`;
/*!40101 SET @saved_cs_client     = @@character_set_client */;
/*!50503 SET character_set_client = utf8mb4 */;
CREATE TABLE `device_camera_stream` (
  `id` smallint NOT NULL AUTO_INCREMENT,
  `name` varchar(150) CHARACTER SET utf8 COLLATE utf8_unicode_ci NOT NULL,
  `comment` varchar(150) CHARACTER SET utf8 COLLATE utf8_unicode_ci DEFAULT NULL,
  PRIMARY KEY (`id`),
  UNIQUE KEY `camera_stream_type_ID_uindex` (`id`),
  UNIQUE KEY `UNQ1_CAMERA_STREAM_TYPE` (`name`)
) ENGINE=InnoDB AUTO_INCREMENT=5 DEFAULT CHARSET=utf8 COLLATE=utf8_unicode_ci;
/*!40101 SET character_set_client = @saved_cs_client */;

--
-- Dumping data for table `device_camera_stream`
--

LOCK TABLES `device_camera_stream` WRITE;
/*!40000 ALTER TABLE `device_camera_stream` DISABLE KEYS */;
INSERT INTO `device_camera_stream` VALUES (1,'mjpeg_over_http',NULL),(2,'webcam',NULL),(3,'ONVIF',NULL),(4,'TRASSIR',NULL);
/*!40000 ALTER TABLE `device_camera_stream` ENABLE KEYS */;
UNLOCK TABLES;

--
-- Table structure for table `device_camera_type`
--

DROP TABLE IF EXISTS `device_camera_type`;
/*!40101 SET @saved_cs_client     = @@character_set_client */;
/*!50503 SET character_set_client = utf8mb4 */;
CREATE TABLE `device_camera_type` (
  `id` smallint NOT NULL AUTO_INCREMENT,
  `is_const` tinyint(1) NOT NULL DEFAULT '0',
  `manufacturer` varchar(150) CHARACTER SET utf8 COLLATE utf8_unicode_ci NOT NULL,
  `model` varchar(150) CHARACTER SET utf8 COLLATE utf8_unicode_ci NOT NULL,
  `camera_stream_type_id` smallint NOT NULL,
  `path` varchar(150) CHARACTER SET utf8 COLLATE utf8_unicode_ci NOT NULL,
  PRIMARY KEY (`id`),
  UNIQUE KEY `camera_type_ID_uindex` (`id`),
  UNIQUE KEY `UNQ1_CAMERA_TYPE` (`manufacturer`,`model`,`camera_stream_type_id`)
) ENGINE=InnoDB AUTO_INCREMENT=25 DEFAULT CHARSET=utf8 COLLATE=utf8_unicode_ci;
/*!40101 SET character_set_client = @saved_cs_client */;

--
-- Dumping data for table `device_camera_type`
--

LOCK TABLES `device_camera_type` WRITE;
/*!40000 ALTER TABLE `device_camera_type` DISABLE KEYS */;
INSERT INTO `device_camera_type` VALUES (2,1,'AXIS','All',1,'/mjpg/video.mjpg'),(7,1,'ACTi','ACM-4000',1,'/cgi-bin/cmd/encoder?GET_STREAM=VIDEO'),(8,1,'TP-LINK','All',1,'/video.mjpg'),(9,1,'ONVIF','All',3,'/'),(10,1,'TRASSIR','All',4,'');
/*!40000 ALTER TABLE `device_camera_type` ENABLE KEYS */;
UNLOCK TABLES;

--
-- Table structure for table `device_resource`
--

DROP TABLE IF EXISTS `device_resource`;
/*!40101 SET @saved_cs_client     = @@character_set_client */;
/*!50503 SET character_set_client = utf8mb4 */;
CREATE TABLE `device_resource` (
  `id` int NOT NULL AUTO_INCREMENT,
  `resource_type_id` smallint NOT NULL,
  `type_id` smallint NOT NULL,
  `name` varchar(150) CHARACTER SET utf8 COLLATE utf8_unicode_ci NOT NULL,
  `short_name` varchar(150) CHARACTER SET utf8 COLLATE utf8_unicode_ci DEFAULT NULL,
  `schema_title` varchar(50) CHARACTER SET utf8 COLLATE utf8_unicode_ci DEFAULT NULL,
  PRIMARY KEY (`id`),
  UNIQUE KEY `resource_ID_uindex` (`id`)
) ENGINE=InnoDB AUTO_INCREMENT=108 DEFAULT CHARSET=utf8 COLLATE=utf8_unicode_ci;
/*!40101 SET character_set_client = @saved_cs_client */;

--
-- Dumping data for table `device_resource`
--

LOCK TABLES `device_resource` WRITE;
/*!40000 ALTER TABLE `device_resource` DISABLE KEYS */;
INSERT INTO `device_resource` VALUES (1,6,1,'Генератор тревоги (400 Контроллер турникета1-8 [Стойка турникета. Виртуальный контроллер второго уровня])','Генератор тревоги','alarm_gen_type_1'),(2,6,3,'Генератор тревоги (1,2) (700 Контроллер замка2-8 [Контроллер второго уровня (Виртуальный или CL201)])','Генератор тревоги','alarm_gen_type_3'),(3,6,2,'Генератор тревоги (401 Контроллер турникета1-8 [CL201. Контроллер второго уровня])','Генератор тревоги','alarm_gen_type_2'),(4,6,4,'Генератор тревоги (3-10) (700 Контроллер замка2-8 [Контроллер второго уровня (Виртуальный или CL201)])','Генератор тревоги','alarm_gen_type_4'),(5,6,5,'Генератор тревоги (1) (600 Контроллер замка1-8 [Контроллер второго уровня (Виртуальный или CL201)])','Генератор тревоги','alarm_gen_type_5'),(6,6,6,'Генератор тревоги (3-10) (600 Контроллер замка1-8 [Контроллер второго уровня (Виртуальный или CL201)])','Генератор тревоги','alarm_gen_type_6'),(7,6,7,'Генератор тревоги (Контроллер замка (CL05) 1)','Генератор тревоги','alarm_gen_type_7'),(8,7,1,'Дополнительный вход №1 (4 Контроллер турникета1-8)','Дополнительный вход №1','input_type_1'),(9,7,2,'Дополнительный вход №2 (4 Контроллер турникета1-8)','Дополнительный вход №2test',NULL),(10,7,5,'Дополнительный вход №1 (6 Контроллер замка1-8)','Дополнительный вход №1','input_type_5'),(12,7,3,'Дополнительный вход №1 (7 Контроллер замка2-8)','Дополнительный вход №1',NULL),(14,8,1,'Дополнительный выход №3 (4  Контроллер турникета1-8)','Дополнительный выход №3','output_type_1'),(15,8,2,'Дополнительный выход №4 (4  Контроллер турникета1-8)','Дополнительный выход №4',NULL),(16,8,7,'Дополнительный выход №1 (6  Контроллер замка1-8)','Дополнительный выход №1','output_type_7'),(19,8,3,'Дополнительный выход №1 (7  Контроллер замка2-8)','Дополнительный выход №1',NULL),(24,8,11,'Дополнительный выход (1 Контроллер замка (CL05) 1)','Дополнительный выход','output_type_11'),(25,8,12,'Дополнительный вывод (1 Контроллер замка (CL05.1) 1)','Дополнительный вывод','output_type_12'),(26,9,1,'Турникет (400 Контроллер турникета1-8 [Стойка турникета. Виртуальный контроллер второго уровня])','Турникет','lock_type_1'),(27,9,2,'Замок (401 Контроллер турникета1-8 [CL201. Контроллер второго уровня])','Замок','lock_type_2'),(28,9,3,'Замок (700 Контроллер замка2-8 [Контроллер второго уровня (Виртуальный или CL201)])','Замок','lock_type_3'),(29,9,4,'Замок (600 Контроллер замка1-8 [Контроллер второго уровня CL201])','Замок','lock_type_4'),(30,9,5,'Замок (1 Контроллер замка (CL05) 1)','Замок','lock_type_5'),(31,9,6,'Замок (600 Контроллер замка1-8 [Контроллер второго уровня Виртуальный])','Замок','lock_type_6'),(32,9,7,'Замок (1 Контроллер замка (CL05.01) 1)','Замок','lock_type_7'),(33,9,8,'Замок Suprema','Замок','lock_suprema'),(34,10,1,'Считыватель (400 Контроллер турникета1-8 [Стойка турникета. Виртуальный контроллер второго уровня])','Считыватель','reader_type_1'),(35,10,3,'Считыватель (700 Контроллер замка2-8 [Контроллер второго уровня (Виртуальный или CL201)])','Считыватель',NULL),(36,10,4,'Считыватель (600 Контроллер замка2-8 [Контроллер второго уровня (Виртуальный или CL201)])','Считыватель','reader_type_4'),(37,10,6,'Считыватель (2 ЛИКОН)','Считыватель','reader_type_6'),(38,10,5,'Считыватель (1 Контроллер замка (CL05) 1)','Считыватель','reader_type_5'),(39,10,2,'Считыватель (402 [CL201. Контроллер второго уровня для CTL4.2])','Считыватель','reader_type_2'),(40,10,7,'Считыватель Suprema','Считыватель','reader_suprema'),(41,25,1,'Общие','Общие',NULL),(42,27,1,'Сеть','Сеть','network'),(43,28,1,'Разное','Разное','settings'),(44,29,1,'Состояние','Состояние','hw_state'),(45,30,1,'Внешние подключения','Внешние подключения','connections'),(46,14,1,'Свойства ЛИКОНа','Свойства ЛИКОНа','licon_config'),(47,16,1,'Строки ЛИКОНа','Строки ЛИКОНа','licon_string_1'),(48,31,1,'Общие параметры','Общие параметры','parameters'),(49,31,3,'Настройка mifare','Настройка mifare','mifare_settings'),(50,31,4,'Настройка Suprema','Настройка Suprema','suprema_settings'),(51,31,2,'Настройка PERCo','Настройка PERCo','perco_settings'),(52,26,1,'О камере ONVIF','О камере','camera_about_onvif'),(53,28,2,'Разное','Разное','s30_settings'),(54,26,2,'Камера ONVIF','Камера','camera_settings'),(55,26,3,'Видео','Видео','camera_video'),(56,7,6,'Вход s30','Вход s30','input_type_6'),(57,8,13,'Выход s30','Выход s30','output_type_13'),(58,9,9,'ИУ s30','ИУ s30','lock_type_9'),(59,32,1,'Направление s30','Направление s30','direction_type_1'),(60,33,1,'Cчитыватель или сканер s30','Cчитыватель или сканер s30','reader_type_8'),(68,32,2,'Направление s30 (ЛИКОН)','Направление s30 (ЛИКОН)','direction_type_2'),(70,9,10,'ЛИКОН s30','ЛИКОН s30','lock_type_10'),(71,6,8,'Генератор тревоги s30','Генератор тревоги','alarm_gen_type_8'),(72,34,1,'Шлюз CTL14','Шлюз CTL14','gateway_type_1'),(73,34,2,'Шлюз CL15','Шлюз CL15','gateway_type_2'),(76,10,10,'Считыватель 4.2 турникет','Считыватель 4.2 турникет','reader_type_10'),(77,10,9,'Считыватель 4.2 замок','Считыватель 4.2 замок','reader_type_9'),(78,7,7,'Дополнительный вход 4.2','Дополнительный вход 4.2','input_type_7'),(79,35,1,'Параметры точки верификации','Точка верификации','verify_point_settings'),(80,35,3,'Точка идентификации для Ликона','Точка верификации','verify_point_reaction_licon'),(81,35,2,'Точка верификации','Точка верификации','verify_point_reaction'),(82,26,4,'О камере MJPEG','О камере','camera_about_mjpeg'),(83,26,5,'Камера MJPEG','Камера','camera_settings_mjpeg'),(84,35,4,'Параметры точки верификации для S30','Точка верификации','verify_point_settings_s30'),(85,9,11,'ИУ CL15 s30','ИУ CL15 s30','lock_type_11'),(86,34,3,'Составной объект CL15','Составной объект CL15','gateway_type_3'),(88,16,2,'Строки ЛИКОНа 4.2','Строки ЛИКОНа','licon_string_2'),(89,33,2,'Cчитыватель morpho CT13','Cчитыватель morpho CT13','reader_type_11'),(90,33,3,'Cчитыватель morpho','Cчитыватель morpho','reader_type_12'),(91,9,12,'Замок ZKTeco','Замок','lock_zkteco'),(92,10,11,'Считыватель ZKTeco','Считыватель','reader_zkteco'),(93,10,12,'Считыватель Suprema Face','Считыватель','reader_suprema_face'),(94,28,3,'Разное','Разное','zkt_settings'),(95,31,5,'Настройка ZKTeco','Настройка ZKTeco','zkt_common_settings'),(96,35,5,'Точка идентификации для Suprema','Точка верификации','verify_point_reaction_suprema'),(97,35,6,'Точка идентификации для ZKTeco','Точка верификации','verify_point_reaction_zkteco'),(98,27,2,'Сеть','Сеть','network_trassir'),(99,26,6,'О камере TRASSIR','О камере','camera_about_trassir'),(100,26,7,'Видео TRASSIR','Видео','camera_video_trassir'),(101,10,13,'Считыватель TRASSIR','Считыватель','reader_trassir'),(102,35,7,'Точка верификации TRASSIR','Точка верификации','verify_point_reaction_trassir'),(103,35,8,'Параметры точки верификации для TRASSIR','Точка верификации','verify_point_settings_trassir'),(104,9,13,'ИУ CL201 s30','ИУ CL201 s30','lock_cl201'),(105,9,14,'Зона Bolid','Зона Bolid','lock_bolid_zone'),(106,9,15,'Реле Bolid','Реле Bolid','lock_bolid_relay'),(107,27,3,'Настройка Bolid','Настройка Bolid','network_bolid');
/*!40000 ALTER TABLE `device_resource` ENABLE KEYS */;
UNLOCK TABLES;

--
-- Table structure for table `device_resource_change`
--

DROP TABLE IF EXISTS `device_resource_change`;
/*!40101 SET @saved_cs_client     = @@character_set_client */;
/*!50503 SET character_set_client = utf8mb4 */;
CREATE TABLE `device_resource_change` (
  `device_id` int NOT NULL,
  `resource_type` int NOT NULL,
  `resource_number` int NOT NULL,
  PRIMARY KEY (`device_id`,`resource_type`,`resource_number`)
) ENGINE=InnoDB DEFAULT CHARSET=utf8 COLLATE=utf8_unicode_ci;
/*!40101 SET character_set_client = @saved_cs_client */;

--
-- Dumping data for table `device_resource_change`
--

LOCK TABLES `device_resource_change` WRITE;
/*!40000 ALTER TABLE `device_resource_change` DISABLE KEYS */;
/*!40000 ALTER TABLE `device_resource_change` ENABLE KEYS */;
UNLOCK TABLES;

--
-- Table structure for table `device_resource_type`
--

DROP TABLE IF EXISTS `device_resource_type`;
/*!40101 SET @saved_cs_client     = @@character_set_client */;
/*!50503 SET character_set_client = utf8mb4 */;
CREATE TABLE `device_resource_type` (
  `id` smallint NOT NULL AUTO_INCREMENT,
  `name` varchar(150) CHARACTER SET utf8 COLLATE utf8_unicode_ci NOT NULL,
  `title` varchar(150) CHARACTER SET utf8 COLLATE utf8_unicode_ci NOT NULL,
  PRIMARY KEY (`id`),
  UNIQUE KEY `resource_type_ID_uindex` (`id`)
) ENGINE=InnoDB AUTO_INCREMENT=36 DEFAULT CHARSET=utf8 COLLATE=utf8_unicode_ci;
/*!40101 SET character_set_client = @saved_cs_client */;

--
-- Dumping data for table `device_resource_type`
--

LOCK TABLES `device_resource_type` WRITE;
/*!40000 ALTER TABLE `device_resource_type` DISABLE KEYS */;
INSERT INTO `device_resource_type` VALUES (1,'Временные зоны','time_zone'),(2,'Недельные графики','weekly_schedule'),(3,'Скользящие подневные графики','shift_day_schedule'),(4,'Скользящие понедельные графики','shift_weekly_schedule'),(5,'Календарь праздничных дней','holidays'),(6,'Генератор тревоги','alarm_gen'),(7,'Вход','input'),(8,'Выход','output'),(9,'Замок','lock'),(10,'Считыватель','reader'),(11,'Карты комиссионирования','comission_card'),(14,'Свойства ЛИКОНа','licon_config'),(16,'строки ЛИКОНа','licon_string'),(20,'Пространственные зоны','spatial_zone'),(25,'Общие настройки','general'),(26,'Камера','camera'),(27,'Сеть','network'),(28,'Разное','settings'),(29,'Состояние','hw_state'),(30,'Внешние подключения','connection'),(31,'Общие параметры','parameters'),(32,'Направление','direction'),(33,'Считыватель','reader_ext'),(34,'Шлюз или составной объект','gateway'),(35,'Точка верификации','verify_point');
/*!40000 ALTER TABLE `device_resource_type` ENABLE KEYS */;
UNLOCK TABLES;

--
-- Table structure for table `device_schema`
--

DROP TABLE IF EXISTS `device_schema`;
/*!40101 SET @saved_cs_client     = @@character_set_client */;
/*!50503 SET character_set_client = utf8mb4 */;
CREATE TABLE `device_schema` (
  `id` int NOT NULL AUTO_INCREMENT,
  `title` varchar(50) CHARACTER SET utf8 COLLATE utf8_unicode_ci DEFAULT NULL,
  `description` varchar(150) CHARACTER SET utf8 COLLATE utf8_unicode_ci DEFAULT NULL,
  `json` mediumtext CHARACTER SET utf8 COLLATE utf8_unicode_ci NOT NULL,
  PRIMARY KEY (`id`),
  UNIQUE KEY `schema_new_ID_uindex` (`id`),
  UNIQUE KEY `schema_new_TITLE_uindex` (`title`)
) ENGINE=InnoDB AUTO_INCREMENT=179 DEFAULT CHARSET=utf8 COLLATE=utf8_unicode_ci;
/*!40101 SET character_set_client = @saved_cs_client */;

--
-- Dumping data for table `device_schema`
--

LOCK TABLES `device_schema` WRITE;
/*!40000 ALTER TABLE `device_schema` DISABLE KEYS */;
INSERT INTO `device_schema` VALUES (1,'common_settings',NULL,'{\"0\":{\"is_hub\":0,\"resources\":{\"parameters\":{\"is_tab\":true,\"_common\":{\"type\":1},\"_perco_settings\":{\"type\":2},\"_mifare_settings\":{\"type\":3},\"_suprema_settings\":{\"type\":4},\"_zkt_common_settings\":{\"type\":5}}}}}'),(2,'parameters',NULL,'{\"type\":\"object\",\"widget\":\"section\",\"expandable\":true,\"title\":\"##Общие настройки##\",\"properties\":{\"reader_format\":{\"type\":\"string\",\"widget\":\"select\",\"title\":\"##Режим работы считывателей##\",\"enum\":[0,1],\"enumNames\":[\"##Wiegand 26##\",\"##Универсальный (8 байт)##\"],\"default\":1},\"global_antipass\":{\"type\":\"string\",\"widget\":\"select\",\"title\":\"##Глобальный антипасс##\",\"enum\":[0,1],\"enumNames\":[\"##Отключен##\",\"##Включен##\"],\"default\":0}}}'),(3,'perco_settings',NULL,'{\"type\":\"object\",\"title\":\"##Контроллеры PERCo##\",\"widget\":\"section\",\"properties\":{\"password\":{\"type\":\"password\",\"title\":\"##Изменить пароль##\",\"default\":\"\",\"validator\":{\"isEqual\":\"parameters_perco_settings.confirm_password\",\"maxLength\":10}},\"confirm_password\":{\"type\":\"password\",\"title\":\"##Подтверждение пароля##\",\"collect\":false,\"default\":\"\",\"validator\":{\"isEqual\":\"parameters_perco_settings.password\",\"maxLength\":10}}}}'),(4,'mifare_settings',NULL,'{\"type\": \"object\", \"title\": \"##Карты Mifare##\", \"widget\": \"section\", \"properties\": {\"general\": {\"type\": \"object\", \"title\": \"##Общие настройки карт Mifare##\", \"widget\": \"section\", \"dependencies\": {\"true\": [{\"item\": \"parameters_mifare_settings.command.write_key\", \"props\": {\"visible\": false}}]}, \"properties\": {\"safe_identifier\": {\"enum\": [0, 1], \"type\": \"string\", \"title\": \"##Чтение из защищенной области##\", \"widget\": \"select\", \"default\": 0, \"enumNames\": [\"##Простое чтение##\", \"##С записью карты##\"], \"dependencies\": {\"1\": [{\"item\": \"parameters_mifare_settings.general.id_generation\", \"props\": {\"visible\": true}}]}}, \"id_generation\": {\"enum\": [0, 1, 2], \"type\": \"string\", \"title\": \"##Генерация номера##\", \"widget\": \"select\", \"default\": 0, \"enumNames\": [\"##Ручной ввод##\", \"##Случайный номер##\", \"##Автоинкремент##\"]}, \"lock_key_mstr\": {\"readonly\": true, \"clientReader\": true, \"type\": \"string\", \"title\": \"##Ключ закрытия мастер-карты##\", \"default\": \"00000000000000000000000000000000\"}, \"next_lock_key_mstr\": {\"type\": \"string\", \"clientReader\": true, \"title\": \"##Новый ключ закрытия мастер-карты##\", \"default\": \"ffffffffffffffffffffffffffffffff\", \"validator\": {\"minLength\": 1, \"maxLength\": 32, \"pattern\": \"hex\"}}, \"mstr_level\": {\"type\": \"string\", \"clientReader\": true, \"title\": \"##Уровень мастер-карты##\", \"default\": 2, \"visible\": \"$$developerVisible$$\", \"validator\": {\"min\": 1, \"max\": 65535, \"pattern\": \"number\"}}, \"id_order\": {\"enum\": [0, 1], \"type\": \"string\", \"clientReader\": true, \"title\": \"##Порядок байт в идентификаторе##\", \"widget\": \"select\", \"default\": 1, \"enumNames\": [\"##От старшего к младшему##\", \"##От младшего к старшему##\"]}, \"lock_general\": {\"type\": \"boolean\", \"visible\": false, \"default\": false, \"dependencies\": {\"true\": [{\"item\": \"parameters_mifare_settings.general.next_lock_key_mstr\", \"props\": {\"disabled\": true}}]}}, \"label\": {\"type\": \"string\", \"widget\": \"simple-text\", \"content\": \"##Поля HID и EM-marine только для считывателя IR19 и контроллера замка CL211.9##\", \"htmlClass\": \"message-device-settings\"}, \"HID\": {\"type\": \"string\", \"title\": \"HID\", \"widget\": \"select\", \"default\": 1, \"enum\": [0, 1], \"enumNames\": [\"##Отключено##\", \"##Включено##\"], \"clientReader\": true}, \"Emm\": {\"type\": \"string\", \"title\": \"EM-marine\", \"widget\": \"select\", \"default\": 1, \"enum\": [0, 1], \"enumNames\": [\"##Отключено##\", \"##Включено##\"], \"clientReader\": true}, \"block_read_uid\": {\"type\": \"string\", \"title\": \"##Запрет работы с UID нераспознанных карт##\", \"widget\": \"select\", \"default\": 0, \"enum\": [0, 1], \"enumNames\": [\"##Нет (небезопасно)##\", \"##Да##\"], \"clientReader\": true}}}, \"card_in_use\": {\"type\": \"object\", \"title\": \"##Выбрать типы карт##\", \"widget\": \"section\", \"dependencies\": {\"true\": [{\"item\": \"parameters_mifare_settings.command\", \"props\": {\"visible\": false}}]}, \"properties\": {\"Ultralight_EV1_48_byte\": {\"type\": \"boolean\", \"title\": \"Ultralight EV1 48 byte\", \"default\": false, \"clientReader\": true, \"dependencies\": {\"true\": [{\"item\": \"parameters_mifare_settings.Ultralight_EV1_48_byte\", \"props\": {\"visible\": true}}, {\"item\": \"parameters_mifare_settings.card_in_use.SIM\", \"props\": {\"disabled\": false}}]}}, \"Ultralight_EV1_128_byte\": {\"type\": \"boolean\", \"title\": \"Ultralight EV1 128 byte\", \"default\": false, \"clientReader\": true, \"dependencies\": {\"true\": [{\"item\": \"parameters_mifare_settings.Ultralight_EV1_128_byte\", \"props\": {\"visible\": true}}, {\"item\": \"parameters_mifare_settings.card_in_use.SIM\", \"props\": {\"disabled\": false}}]}}, \"Ultralight_C_144_byte\": {\"type\": \"boolean\", \"title\": \"Ultralight C 144 byte\", \"default\": false, \"clientReader\": true, \"dependencies\": {\"true\": [{\"item\": \"parameters_mifare_settings.Ultralight_C_144_byte\", \"props\": {\"visible\": true}}, {\"item\": \"parameters_mifare_settings.card_in_use.SIM\", \"props\": {\"disabled\": false}}]}}, \"Classic_ID_64\": {\"type\": \"boolean\", \"title\": \"Classic ID 64\", \"default\": false, \"clientReader\": true, \"dependencies\": {\"true\": [{\"item\": \"parameters_mifare_settings.Classic_ID_64\", \"props\": {\"visible\": true}}, {\"item\": \"parameters_mifare_settings.Classic_common\", \"props\": {\"visible\": true}}, {\"item\": \"parameters_mifare_settings.card_in_use.SIM\", \"props\": {\"disabled\": false}}]}}, \"Classic_1_KB\": {\"type\": \"boolean\", \"title\": \"Classic 1 KB\", \"default\": false, \"clientReader\": true, \"dependencies\": {\"true\": [{\"item\": \"parameters_mifare_settings.Classic_1_KB\", \"props\": {\"visible\": true}}, {\"item\": \"parameters_mifare_settings.Classic_common\", \"props\": {\"visible\": true}}, {\"item\": \"parameters_mifare_settings.card_in_use.SIM\", \"props\": {\"disabled\": false}}]}}, \"Classic_4_KB\": {\"type\": \"boolean\", \"title\": \"Classic 4 KB\", \"default\": false, \"clientReader\": true, \"dependencies\": {\"true\": [{\"item\": \"parameters_mifare_settings.Classic_4_KB\", \"props\": {\"visible\": true}}, {\"item\": \"parameters_mifare_settings.Classic_common\", \"props\": {\"visible\": true}}, {\"item\": \"parameters_mifare_settings.card_in_use.SIM\", \"props\": {\"disabled\": false}}]}}, \"Plus_2_KB\": {\"type\": \"boolean\", \"title\": \"Plus 2 KB\", \"default\": false, \"clientReader\": true, \"dependencies\": {\"true\": [{\"item\": \"parameters_mifare_settings.Plus_2_KB\", \"props\": {\"visible\": true}}, {\"item\": \"parameters_mifare_settings.Plus_common\", \"props\": {\"visible\": true}}, {\"item\": \"parameters_mifare_settings.card_in_use.SIM\", \"props\": {\"disabled\": false}}]}}, \"Plus_4_KB\": {\"type\": \"boolean\", \"title\": \"Plus 4 KB\", \"default\": false, \"clientReader\": true, \"dependencies\": {\"true\": [{\"item\": \"parameters_mifare_settings.Plus_4_KB\", \"props\": {\"visible\": true}}, {\"item\": \"parameters_mifare_settings.Plus_common\", \"props\": {\"visible\": true}}, {\"item\": \"parameters_mifare_settings.card_in_use.SIM\", \"props\": {\"disabled\": false}}]}}, \"Plus_SE_1_KB\": {\"type\": \"boolean\", \"title\": \"Plus SE 1 KB\", \"default\": false, \"clientReader\": true, \"dependencies\": {\"true\": [{\"item\": \"parameters_mifare_settings.Plus_SE_1_KB\", \"props\": {\"visible\": true}}, {\"item\": \"parameters_mifare_settings.Plus_common\", \"props\": {\"visible\": true}}, {\"item\": \"parameters_mifare_settings.card_in_use.SIM\", \"props\": {\"disabled\": false}}]}}, \"DESFire\": {\"type\": \"boolean\", \"title\": \"DESFire\", \"default\": false, \"clientReader\": true, \"dependencies\": {\"true\": [{\"item\": \"parameters_mifare_settings.DESFire\", \"props\": {\"visible\": true}}, {\"item\": \"parameters_mifare_settings.card_in_use.SIM\", \"props\": {\"readonly\": false}}, {\"item\": \"parameters_mifare_settings.card_in_use.SIM\", \"props\": {\"disabled\": false}}]}}, \"MIR\": {\"type\": \"boolean\", \"title\": \"##МИР##\", \"default\": false, \"clientReader\": true, \"dependencies\": {\"true\": [{\"item\": \"parameters_mifare_settings.MIR\", \"props\": {\"visible\": true}}, {\"item\": \"parameters_mifare_settings.card_in_use.SIM\", \"props\": {\"disabled\": false}}]}}, \"SIM\": {\"type\": \"boolean\", \"title\": \"##Смартфон (SIM-карта)##\", \"default\": true, \"clientReader\": true, \"dependencies\": {\"true\": [{\"item\": \"parameters_mifare_settings.SIM\", \"props\": {\"visible\": true}}]}}, \"bank_cards\": {\"type\": \"boolean\", \"title\": \"##Банковские карты##\", \"default\": true, \"clientReader\": true, \"dependencies\": {\"true\": [{\"item\": \"parameters_mifare_settings.bank_cards\", \"props\": {\"visible\": true}}]}}}}, \"Ultralight_EV1_48_byte\": {\"type\": \"object\", \"title\": \"Ultralight EV1 48 byte\", \"widget\": \"section\", \"properties\": {\"page\": {\"enum\": [4, 6, 8, 10, 12, 14], \"clientReader\": true, \"type\": \"string\", \"title\": \"##Страница##\", \"widget\": \"select\", \"default\": 4, \"enumNames\": [\"4-5\", \"6-7\", \"8-9\", \"10-11\", \"12-13\", \"14-15\"]}}}, \"Ultralight_EV1_128_byte\": {\"type\": \"object\", \"title\": \"Ultralight EV1 128 byte\", \"widget\": \"section\", \"properties\": {\"page\": {\"enum\": [4, 6, 8, 10, 12, 14, 16, 18, 20, 22, 24, 26, 28, 30, 32, 34], \"clientReader\": true, \"type\": \"string\", \"title\": \"##Страница##\", \"widget\": \"select\", \"default\": 4, \"enumNames\": [\"4-5\", \"6-7\", \"8-9\", \"10-11\", \"12-13\", \"14-15\", \"16-17\", \"18-19\", \"20-21\", \"22-23\", \"24-25\", \"26-27\", \"28-29\", \"30-31\", \"32-33\", \"34-35\"]}}}, \"Ultralight_C_144_byte\": {\"type\": \"object\", \"title\": \"Ultralight C 144 byte\", \"widget\": \"section\", \"properties\": {\"page\": {\"enum\": [4, 6, 8, 10, 12, 14, 16, 18, 20, 22, 24, 26, 28, 30, 32, 34, 36, 38], \"clientReader\": true, \"type\": \"string\", \"title\": \"##Страница##\", \"widget\": \"select\", \"default\": 4, \"enumNames\": [\"4-5\", \"6-7\", \"8-9\", \"10-11\", \"12-13\", \"14-15\", \"16-17\", \"18-19\", \"20-21\", \"22-23\", \"24-25\", \"26-27\", \"28-29\", \"30-31\", \"32-33\", \"34-35\", \"36-37\", \"38-39\"]}, \"access_key_old\": {\"type\": \"string\", \"readonly\": true, \"clientReader\": true, \"title\": \"##Старый ключ аутентификации##\", \"default\": \"00000000000000000000000000000000\"}, \"access_key\": {\"type\": \"string\", \"clientReader\": true, \"title\": \"##Ключ аутентификации##\", \"default\": \"ffffffffffffffffffffffffffffffff\", \"widgetConfig\": {\"onActivateMessage\": {\"type\": \"warning\", \"message\": \"##ВНИМАНИЕ! В случае изменения данных параметров необходимо записать мастер-карту с новыми параметрами, после чего переконфигурировать этой картой все считыватели и изменить ключи на всех картах доcтупа этого типа##\"}}, \"validator\": {\"pattern\": \"hex\", \"maxLength\": 32}}, \"lock_ultralight\": {\"type\": \"boolean\", \"visible\": false, \"default\": false, \"dependencies\": {\"true\": [{\"item\": \"parameters_mifare_settings.Ultralight_C_144_byte.access_key\", \"props\": {\"disabled\": true}}]}}}}, \"Classic_common\": {\"type\": \"object\", \"widget\": \"section\", \"title\": \"##Общие настройки карт Classic##\", \"properties\": {\"access_type_old\": {\"enum\": [10, 11], \"type\": \"string\", \"clientReader\": true, \"title\": \"##Старый тип ключа для аутентификации##\", \"widget\": \"select\", \"readonly\": true, \"default\": 10, \"enumNames\": [\"A\", \"B\"]}, \"key_old\": {\"type\": \"string\", \"readonly\": true, \"clientReader\": true, \"title\": \"##Старый ключ аутентификации##\", \"default\": \"000000000000\"}, \"access_type\": {\"enum\": [10, 11], \"type\": \"string\", \"clientReader\": true, \"title\": \"##Тип ключа аутентификации##\", \"widget\": \"select\", \"default\": 10, \"enumNames\": [\"A\", \"B\"], \"widgetConfig\": {\"onActivateMessage\": {\"type\": \"warning\", \"message\": \"##ВНИМАНИЕ! В случае изменения данных параметров необходимо записать мастер-карту с новыми параметрами, после чего переконфигурировать этой картой все считыватели и изменить ключи на всех картах доcтупа этого типа##\"}}, \"dependencies\": {\"isChange\": [{\"item\": \"parameters_mifare_settings.Classic_common.key\", \"props\": {\"mark_as_change\": true}}]}}, \"key\": {\"type\": \"string\", \"clientReader\": true, \"title\": \"##Ключ аутентификации##\", \"default\": \"fffffffffff0\", \"validator\": {\"pattern\": \"hex\", \"maxLength\": 12}, \"widgetConfig\": {\"onActivateMessage\": {\"type\": \"warning\", \"message\": \"##ВНИМАНИЕ! В случае изменения данных параметров необходимо записать мастер-карту с новыми параметрами, после чего переконфигурировать этой картой все считыватели и изменить ключи на всех картах доcтупа этого типа##\"}}, \"dependencies\": {\"isChange\": [{\"item\": \"parameters_mifare_settings.Classic_common.access_type\", \"props\": {\"mark_as_change\": true}}]}}, \"lock_classic\": {\"type\": \"boolean\", \"visible\": false, \"default\": false, \"dependencies\": {\"true\": [{\"item\": \"parameters_mifare_settings.Classic_common.access_type\", \"props\": {\"disabled\": true}}, {\"item\": \"parameters_mifare_settings.Classic_common.key\", \"props\": {\"disabled\": true}}]}}}}, \"Classic_ID_64\": {\"type\": \"object\", \"title\": \"Classic ID 64\", \"widget\": \"section\", \"htmlClass\": \"sub-item\", \"properties\": {\"block\": {\"enum\": [1, 2], \"type\": \"string\", \"clientReader\": true, \"title\": \"##Номер блока##\", \"widget\": \"select\", \"default\": 1, \"enumNames\": [\"1\", \"2\"]}}}, \"Classic_1_KB\": {\"type\": \"object\", \"title\": \"Classic 1 KB\", \"widget\": \"section\", \"htmlClass\": \"sub-item\", \"properties\": {\"sector\": {\"enum\": [0, 1, 2, 3, 4, 5, 6, 7, 8, 9, 10, 11, 12, 13, 14, 15], \"type\": \"string\", \"title\": \"##Номер сектора##\", \"widget\": \"select\", \"default\": 0, \"clientReader\": true, \"enumNames\": [\"0\", \"1\", \"2\", \"3\", \"4\", \"5\", \"6\", \"7\", \"8\", \"9\", \"10\", \"11\", \"12\", \"13\", \"14\", \"15\"], \"dependencies\": {\"0\": [{\"item\": \"parameters_mifare_settings.Classic_1_KB.block\", \"props\": {\"enum\": [1, 2], \"enumNames\": [\"1\", \"2\"], \"default\": 1}}]}}, \"block\": {\"enum\": [0, 1, 2], \"type\": \"string\", \"clientReader\": true, \"title\": \"##Номер блока##\", \"widget\": \"select\", \"default\": 1, \"enumNames\": [\"0\", \"1\", \"2\"]}, \"fingerprint_range\": {\"type\": \"string\", \"title\": \"##Размер области отпечатков##\", \"clientReader\": true, \"visible\": false, \"default\": 520, \"validator\": {\"pattern\": \"number\", \"min\": 260, \"max\": 520}}}}, \"Classic_4_KB\": {\"type\": \"object\", \"title\": \"Classic 4 KB\", \"widget\": \"section\", \"htmlClass\": \"sub-item\", \"properties\": {\"sector\": {\"enum\": [0, 1, 2, 3, 4, 5, 6, 7, 8, 9, 10, 11, 12, 13, 14, 15, 16, 17, 18, 19, 20, 21, 22, 23, 24, 25, 26, 27, 28, 29, 30, 31, 32, 33, 34, 35, 36, 37, 38, 39], \"type\": \"string\", \"clientReader\": true, \"title\": \"##Номер сектора##\", \"widget\": \"select\", \"default\": 0, \"enumNames\": [\"0\", \"1\", \"2\", \"3\", \"4\", \"5\", \"6\", \"7\", \"8\", \"9\", \"10\", \"11\", \"12\", \"13\", \"14\", \"15\", \"16\", \"17\", \"18\", \"19\", \"20\", \"21\", \"22\", \"23\", \"24\", \"25\", \"26\", \"27\", \"28\", \"29\", \"30\", \"31\", \"32\", \"33\", \"34\", \"35\", \"36\", \"37\", \"38\", \"39\"], \"dependencies\": {\"0\": [{\"item\": \"parameters_mifare_settings.Classic_4_KB.block\", \"props\": {\"enum\": [1, 2], \"enumNames\": [\"1\", \"2\"], \"default\": 1}}], \"1\": [{\"item\": \"parameters_mifare_settings.Classic_4_KB.block\", \"props\": {\"enum\": [0, 1, 2], \"enumNames\": [\"0\", \"1\", \"2\"], \"default\": 0}}], \"2\": \"use 1\", \"3\": \"use 1\", \"4\": \"use 1\", \"5\": \"use 1\", \"6\": \"use 1\", \"7\": \"use 1\", \"8\": \"use 1\", \"9\": \"use 1\", \"10\": \"use 1\", \"11\": \"use 1\", \"12\": \"use 1\", \"13\": \"use 1\", \"14\": \"use 1\", \"15\": \"use 1\", \"16\": \"use 1\", \"17\": \"use 1\", \"18\": \"use 1\", \"19\": \"use 1\", \"20\": \"use 1\", \"21\": \"use 1\", \"22\": \"use 1\", \"23\": \"use 1\", \"24\": \"use 1\", \"25\": \"use 1\", \"26\": \"use 1\", \"27\": \"use 1\", \"28\": \"use 1\", \"29\": \"use 1\", \"30\": \"use 1\", \"31\": \"use 1\"}}, \"block\": {\"enum\": [0, 1, 2, 3, 4, 5, 6, 7, 8, 9, 10, 11, 12, 13, 14], \"type\": \"string\", \"clientReader\": true, \"title\": \"##Номер блока##\", \"widget\": \"select\", \"default\": 1, \"enumNames\": [\"0\", \"1\", \"2\", \"3\", \"4\", \"5\", \"6\", \"7\", \"8\", \"9\", \"10\", \"11\", \"12\", \"13\", \"14\"]}, \"fingerprint_range\": {\"type\": \"string\", \"title\": \"##Размер области отпечатков##\", \"clientReader\": true, \"visible\": false, \"default\": 1300, \"validator\": {\"pattern\": \"number\", \"min\": 260, \"max\": 1300}}}}, \"Plus_common\": {\"type\": \"object\", \"widget\": \"section\", \"title\": \"##Общие настройки карт Plus##\", \"dependencies\": {\"true\": [{\"item\": \"parameters_mifare_settings.command.up_security_level_SL\", \"props\": {\"visible\": true}}]}, \"properties\": {\"access_type_old\": {\"enum\": [10, 11], \"type\": \"string\", \"clientReader\": true, \"readonly\": true, \"title\": \"##Старый тип ключа аутентификации##\", \"widget\": \"select\", \"default\": 10, \"enumNames\": [\"A\", \"B\"]}, \"key_old\": {\"type\": \"string\", \"readonly\": true, \"clientReader\": true, \"title\": \"##Старый ключ аутентификации##\", \"default\": \"000000000000\"}, \"aes_a_key_old\": {\"type\": \"string\", \"readonly\": true, \"clientReader\": true, \"title\": \"##Старый ключ для уровня безопасности SL3 при типе ключа A##\", \"default\": \"00000000000000000000000000000000\"}, \"aes_b_key_old\": {\"type\": \"string\", \"readonly\": true, \"clientReader\": true, \"title\": \"##Старый ключ для уровня безопасности SL3 при типе ключа B##\", \"default\": \"00000000000000000000000000000000\"}, \"access_type\": {\"enum\": [10, 11], \"type\": \"string\", \"clientReader\": true, \"title\": \"##Тип ключа аутентификации##\", \"widget\": \"select\", \"default\": 10, \"enumNames\": [\"A\", \"B\"], \"widgetConfig\": {\"onActivateMessage\": {\"type\": \"warning\", \"message\": \"##ВНИМАНИЕ! В случае изменения данных параметров необходимо записать мастер-карту с новыми параметрами, после чего переконфигурировать этой картой все считыватели и изменить ключи на всех картах доcтупа этого типа##\"}}, \"dependencies\": {\"isChange\": [{\"item\": \"parameters_mifare_settings.Plus_common.key\", \"props\": {\"mark_as_change\": true}}]}}, \"key\": {\"type\": \"string\", \"title\": \"##Ключ аутентификации##\", \"default\": \"ffffffffffff\", \"clientReader\": true, \"validator\": {\"pattern\": \"hex\", \"maxLength\": 12}, \"widgetConfig\": {\"onActivateMessage\": {\"type\": \"warning\", \"message\": \"##ВНИМАНИЕ! В случае изменения данных параметров необходимо записать мастер-карту с новыми параметрами, после чего переконфигурировать этой картой все считыватели и изменить ключи на всех картах доcтупа этого типа##\"}}, \"dependencies\": {\"isChange\": [{\"item\": \"parameters_mifare_settings.Plus_common.access_type\", \"props\": {\"mark_as_change\": true}}]}}, \"lock_access_key\": {\"type\": \"boolean\", \"visible\": false, \"default\": false, \"dependencies\": {\"true\": [{\"item\": \"parameters_mifare_settings.Plus_common.access_type\", \"props\": {\"disabled\": true}}, {\"item\": \"parameters_mifare_settings.Plus_common.key\", \"props\": {\"disabled\": true}}]}}, \"aes_a_key\": {\"type\": \"string\", \"title\": \"##Ключ для уровня безопасности SL3 при типе ключа A##\", \"clientReader\": true, \"default\": \"ffffffffffffffffffffffffffffffff\", \"widgetConfig\": {\"onActivateMessage\": {\"type\": \"warning\", \"message\": \"##ВНИМАНИЕ! В случае изменения данных параметров необходимо записать мастер-карту с новыми параметрами, после чего переконфигурировать этой картой все считыватели и изменить ключи на всех картах доcтупа этого типа##\"}}, \"validator\": {\"pattern\": \"hex\", \"maxLength\": 32}}, \"lock_aes_a_key\": {\"type\": \"boolean\", \"visible\": false, \"default\": false, \"dependencies\": {\"true\": [{\"item\": \"parameters_mifare_settings.Plus_common.aes_a_key\", \"props\": {\"disabled\": true}}]}}, \"aes_b_key\": {\"type\": \"string\", \"clientReader\": true, \"title\": \"##Ключ для уровня безопасности SL3 при типе ключа B##\", \"default\": \"ffffffffffffffffffffffffffffffff\", \"widgetConfig\": {\"onActivateMessage\": {\"type\": \"warning\", \"message\": \"##ВНИМАНИЕ! В случае изменения данных параметров необходимо записать мастер-карту с новыми параметрами, после чего переконфигурировать этой картой все считыватели и изменить ключи на всех картах доcтупа этого типа##\"}}, \"validator\": {\"pattern\": \"hex\", \"maxLength\": 32}}, \"lock_aes_b_key\": {\"type\": \"boolean\", \"visible\": false, \"default\": false, \"dependencies\": {\"true\": [{\"item\": \"parameters_mifare_settings.Plus_common.aes_b_key\", \"props\": {\"disabled\": true}}]}}, \"sl\": {\"enum\": [1, 3], \"type\": \"string\", \"clientReader\": true, \"title\": \"##Уровень безопасности SL##\", \"widget\": \"select\", \"default\": 1, \"enumNames\": [\"1\", \"3\"]}, \"mstr_key\": {\"type\": \"string\", \"title\": \"##Мастер ключ##\", \"clientReader\": true, \"default\": \"ffffffffffffffffffffffffffffffff\", \"widgetConfig\": {\"onActivateMessage\": {\"type\": \"warning\", \"message\": \"##ВНИМАНИЕ! В случае изменения данных параметров Вы не сможете поднять уровень безопасности у уже используемых карт данного типа. Рекомендуем или поднять его до максимально желаемого уровня до изменения данных параметров, или сохранить где-либо значения данных параметров, чтобы их можно было ввести повторно при необходимости поднятия уровня у используемых сейчас карт данного типа##\"}}, \"validator\": {\"pattern\": \"hex\", \"maxLength\": 32}}, \"lock_mstr_key\": {\"type\": \"boolean\", \"visible\": false, \"default\": false, \"dependencies\": {\"true\": [{\"item\": \"parameters_mifare_settings.Plus_common.mstr_key\", \"props\": {\"disabled\": true}}]}}, \"config_key\": {\"type\": \"string\", \"clientReader\": true, \"title\": \"##Конфигурационный ключ##\", \"default\": \"ffffffffffffffffffffffffffffffff\", \"widgetConfig\": {\"onActivateMessage\": {\"type\": \"warning\", \"message\": \"##ВНИМАНИЕ! В случае изменения данных параметров Вы не сможете поднять уровень безопасности у уже используемых карт данного типа. Рекомендуем или поднять его до максимально желаемого уровня до изменения данных параметров, или сохранить где-либо значения данных параметров, чтобы их можно было ввести повторно при необходимости поднятия уровня у используемых сейчас карт данного типа##\"}}, \"validator\": {\"pattern\": \"hex\", \"maxLength\": 32}}, \"lock_config_key\": {\"type\": \"boolean\", \"visible\": false, \"default\": false, \"dependencies\": {\"true\": [{\"item\": \"parameters_mifare_settings.Plus_common.config_key\", \"props\": {\"disabled\": true}}]}}, \"keysl1_aes\": {\"type\": \"string\", \"clientReader\": true, \"title\": \"##Ключ аутентификации для уровня безопасности SL1##\", \"default\": \"ffffffffffffffffffffffffffffffff\", \"widgetConfig\": {\"onActivateMessage\": {\"type\": \"warning\", \"message\": \"##ВНИМАНИЕ! В случае изменения данных параметров Вы не сможете поднять уровень безопасности у уже используемых карт данного типа. Рекомендуем или поднять его до максимально желаемого уровня до изменения данных параметров, или сохранить где-либо значения данных параметров, чтобы их можно было ввести повторно при необходимости поднятия уровня у используемых сейчас карт данного типа##\"}}, \"validator\": {\"pattern\": \"hex\", \"maxLength\": 32}}, \"lock_keysl1_aes\": {\"type\": \"boolean\", \"visible\": false, \"default\": false, \"dependencies\": {\"true\": [{\"item\": \"parameters_mifare_settings.Plus_common.keysl1_aes\", \"props\": {\"disabled\": true}}]}}, \"switch_key3\": {\"type\": \"string\", \"clientReader\": true, \"title\": \"##Ключ переключения на уровень безопасности SL3##\", \"default\": \"ffffffffffffffffffffffffffffffff\", \"widgetConfig\": {\"onActivateMessage\": {\"type\": \"warning\", \"message\": \"##ВНИМАНИЕ! В случае изменения данных параметров Вы не сможете поднять уровень безопасности у уже используемых карт данного типа. Рекомендуем или поднять его до максимально желаемого уровня до изменения данных параметров, или сохранить где-либо значения данных параметров, чтобы их можно было ввести повторно при необходимости поднятия уровня у используемых сейчас карт данного типа##\"}}, \"validator\": {\"pattern\": \"hex\", \"maxLength\": 32}}, \"lock_switch_key3\": {\"type\": \"boolean\", \"visible\": false, \"default\": false, \"dependencies\": {\"true\": [{\"item\": \"parameters_mifare_settings.Plus_common.switch_key3\", \"props\": {\"disabled\": true}}]}}}}, \"Plus_2_KB\": {\"type\": \"object\", \"title\": \"Plus 2 KB\", \"widget\": \"section\", \"htmlClass\": \"sub-item\", \"dependencies\": {\"true\": [{\"item\": \"parameters_mifare_settings.command.up_security_level_SL\", \"props\": {\"visible\": true}}]}, \"properties\": {\"sector\": {\"enum\": [0, 1, 2, 3, 4, 5, 6, 7, 8, 9, 10, 11, 12, 13, 14, 15, 16, 17, 18, 19, 20, 21, 22, 23, 24, 25, 26, 27, 28, 29, 30, 31], \"clientReader\": true, \"type\": \"string\", \"title\": \"##Номер сектора##\", \"widget\": \"select\", \"default\": 0, \"enumNames\": [\"0\", \"1\", \"2\", \"3\", \"4\", \"5\", \"6\", \"7\", \"8\", \"9\", \"10\", \"11\", \"12\", \"13\", \"14\", \"15\", \"16\", \"17\", \"18\", \"19\", \"20\", \"21\", \"22\", \"23\", \"24\", \"25\", \"26\", \"27\", \"28\", \"29\", \"30\", \"31\"], \"dependencies\": {\"0\": [{\"item\": \"parameters_mifare_settings.Plus_2_KB.block\", \"props\": {\"enum\": [1, 2], \"enumNames\": [\"1\", \"2\"], \"default\": 1}}]}}, \"block\": {\"enum\": [0, 1, 2], \"type\": \"string\", \"clientReader\": true, \"title\": \"##Номер блока##\", \"widget\": \"select\", \"default\": 1, \"enumNames\": [\"0\", \"1\", \"2\"]}, \"fingerprint_range\": {\"type\": \"string\", \"title\": \"##Размер области отпечатков##\", \"clientReader\": true, \"default\": 1300, \"visible\": false, \"validator\": {\"pattern\": \"number\", \"min\": 260, \"max\": 1300}}}}, \"Plus_4_KB\": {\"type\": \"object\", \"title\": \"Plus 4 KB\", \"widget\": \"section\", \"htmlClass\": \"sub-item\", \"dependencies\": {\"true\": [{\"item\": \"parameters_mifare_settings.command.up_security_level_SL\", \"props\": {\"visible\": true}}]}, \"properties\": {\"sector\": {\"enum\": [0, 1, 2, 3, 4, 5, 6, 7, 8, 9, 10, 11, 12, 13, 14, 15, 16, 17, 18, 19, 20, 21, 22, 23, 24, 25, 26, 27, 28, 29, 30, 31, 32, 33, 34, 35, 36, 37, 38, 39], \"type\": \"string\", \"clientReader\": true, \"title\": \"##Номер сектора##\", \"widget\": \"select\", \"default\": 0, \"enumNames\": [\"0\", \"1\", \"2\", \"3\", \"4\", \"5\", \"6\", \"7\", \"8\", \"9\", \"10\", \"11\", \"12\", \"13\", \"14\", \"15\", \"16\", \"17\", \"18\", \"19\", \"20\", \"21\", \"22\", \"23\", \"24\", \"25\", \"26\", \"27\", \"28\", \"29\", \"30\", \"31\", \"32\", \"33\", \"34\", \"35\", \"36\", \"37\", \"38\", \"39\"], \"dependencies\": {\"0\": [{\"item\": \"parameters_mifare_settings.Plus_4_KB.block\", \"props\": {\"enum\": [1, 2], \"enumNames\": [\"1\", \"2\"], \"default\": 1}}], \"1\": [{\"item\": \"parameters_mifare_settings.Plus_4_KB.block\", \"props\": {\"enum\": [0, 1, 2], \"enumNames\": [\"0\", \"1\", \"2\"], \"default\": 0}}], \"2\": \"use 1\", \"3\": \"use 1\", \"4\": \"use 1\", \"5\": \"use 1\", \"6\": \"use 1\", \"7\": \"use 1\", \"8\": \"use 1\", \"9\": \"use 1\", \"10\": \"use 1\", \"11\": \"use 1\", \"12\": \"use 1\", \"13\": \"use 1\", \"14\": \"use 1\", \"15\": \"use 1\", \"16\": \"use 1\", \"17\": \"use 1\", \"18\": \"use 1\", \"19\": \"use 1\", \"20\": \"use 1\", \"21\": \"use 1\", \"22\": \"use 1\", \"23\": \"use 1\", \"24\": \"use 1\", \"25\": \"use 1\", \"26\": \"use 1\", \"27\": \"use 1\", \"28\": \"use 1\", \"29\": \"use 1\", \"30\": \"use 1\", \"31\": \"use 1\"}}, \"block\": {\"enum\": [0, 1, 2, 3, 4, 5, 6, 7, 8, 9, 10, 11, 12, 13, 14], \"clientReader\": true, \"type\": \"string\", \"title\": \"##Номер блока##\", \"widget\": \"select\", \"default\": 1, \"enumNames\": [\"0\", \"1\", \"2\", \"3\", \"4\", \"5\", \"6\", \"7\", \"8\", \"9\", \"10\", \"11\", \"12\", \"13\", \"14\"]}, \"fingerprint_range\": {\"type\": \"string\", \"title\": \"##Размер области отпечатков##\", \"clientReader\": true, \"visible\": false, \"default\": 1300, \"validator\": {\"pattern\": \"number\", \"min\": 260, \"max\": 1300}}}}, \"Plus_SE_1_KB\": {\"type\": \"object\", \"title\": \"Plus SE 1 KB\", \"widget\": \"section\", \"htmlClass\": \"sub-item\", \"dependencies\": {\"true\": [{\"item\": \"parameters_mifare_settings.command.up_security_level_SL\", \"props\": {\"visible\": true}}]}, \"properties\": {\"sector\": {\"enum\": [0, 1, 2, 3, 4, 5, 6, 7, 8, 9, 10, 11, 12, 13, 14, 15], \"clientReader\": true, \"type\": \"string\", \"title\": \"##Номер сектора##\", \"widget\": \"select\", \"default\": 0, \"enumNames\": [\"0\", \"1\", \"2\", \"3\", \"4\", \"5\", \"6\", \"7\", \"8\", \"9\", \"10\", \"11\", \"12\", \"13\", \"14\", \"15\"], \"dependencies\": {\"0\": [{\"item\": \"parameters_mifare_settings.Plus_SE_1_KB.block\", \"props\": {\"enum\": [1, 2], \"enumNames\": [\"1\", \"2\"], \"default\": 1}}]}}, \"block\": {\"enum\": [0, 1, 2], \"clientReader\": true, \"type\": \"string\", \"title\": \"##Номер блока##\", \"widget\": \"select\", \"default\": 1, \"enumNames\": [\"0\", \"1\", \"2\"]}, \"fingerprint_range\": {\"type\": \"string\", \"title\": \"##Размер области отпечатков##\", \"clientReader\": true, \"visible\": false, \"default\": 520, \"validator\": {\"pattern\": \"number\", \"min\": 260, \"max\": 520}}}}, \"DESFire\": {\"type\": \"object\", \"title\": \"DESFire\", \"widget\": \"section\", \"dependencies\": {\"true\": [{\"item\": \"parameters_mifare_settings.command.formatting\", \"props\": {\"visible\": true}}]}, \"properties\": {\"app_id_old\": {\"type\": \"string\", \"readonly\": true, \"clientReader\": true, \"title\": \"##Старый номер приложения##\", \"default\": \"f00000\"}, \"type_key_mstr_old\": {\"enum\": [0, 4, 5], \"type\": \"string\", \"readonly\": true, \"clientReader\": true, \"title\": \"##Старый тип ключа карты##\", \"widget\": \"select\", \"default\": 0, \"enumNames\": [\"AES (AES 128 Key [16 Bytes])\", \"2K3DES (2 Key Triple Des [16 Bytes])\", \"3K3DES (3 Key Triple Des [24 Bytes])\"]}, \"key_mstr_old\": {\"type\": \"string\", \"readonly\": true, \"clientReader\": true, \"title\": \"##Старый ключ карты##\", \"default\": \"00000000000000000000000000000000\"}, \"type_key_app_old\": {\"enum\": [0, 4, 5], \"type\": \"string\", \"readonly\": true, \"clientReader\": true, \"title\": \"##Старый тип ключа приложения##\", \"widget\": \"select\", \"default\": 0, \"enumNames\": [\"AES (AES 128 Key [16 Bytes])\", \"2K3DES (2 Key Triple Des [16 Bytes])\", \"3K3DES (3 Key Triple Des [24 Bytes])\"]}, \"key_app_old\": {\"type\": \"string\", \"readonly\": true, \"clientReader\": true, \"title\": \"##Старый ключ приложения##\", \"default\": \"00000000000000000000000000000000\"}, \"app_id\": {\"type\": \"string\", \"clientReader\": true, \"title\": \"##Номер приложения##\", \"default\": \"ffffff\", \"widgetConfig\": {\"onActivateMessage\": {\"type\": \"warning\", \"message\": \"##ВНИМАНИЕ! В случае изменения данных параметров необходимо записать мастер-карту с новыми параметрами, после чего переконфигурировать этой картой все считыватели и изменить ключи на всех картах доcтупа этого типа##\"}}, \"validator\": {\"pattern\": \"hex\", \"maxLength\": 6}, \"dependencies\": {\"isChange\": [{\"item\": \"parameters_mifare_settings.DESFire.type_key_mstr\", \"props\": {\"mark_as_change\": true}}, {\"item\": \"parameters_mifare_settings.DESFire.key_mstr\", \"props\": {\"mark_as_change\": true}}, {\"item\": \"parameters_mifare_settings.DESFire.type_key_app\", \"props\": {\"mark_as_change\": true}}, {\"item\": \"parameters_mifare_settings.DESFire.key_app\", \"props\": {\"mark_as_change\": true}}]}}, \"type_key_mstr\": {\"enum\": [0, 4, 5], \"type\": \"string\", \"clientReader\": true, \"title\": \"##Тип ключа карты##\", \"widget\": \"select\", \"default\": 0, \"widgetConfig\": {\"onActivateMessage\": {\"type\": \"warning\", \"message\": \"##ВНИМАНИЕ! В случае изменения данных параметров необходимо записать мастер-карту с новыми параметрами, после чего переконфигурировать этой картой все считыватели и изменить ключи на всех картах доcтупа этого типа##\"}}, \"enumNames\": [\"AES (AES 128 Key [16 Bytes])\", \"2K3DES (2 Key Triple Des [16 Bytes])\", \"3K3DES (3 Key Triple Des [24 Bytes])\"], \"dependencies\": {\"0\": [{\"item\": \"parameters_mifare_settings.DESFire.key_mstr\", \"props\": {\"validator\": {\"maxLength\": 32}}}], \"4\": [{\"item\": \"parameters_mifare_settings.DESFire.key_mstr\", \"props\": {\"validator\": {\"maxLength\": 32}}}], \"5\": [{\"item\": \"parameters_mifare_settings.DESFire.key_mstr\", \"props\": {\"validator\": {\"maxLength\": 48}}}], \"isChange\": [{\"item\": \"parameters_mifare_settings.DESFire.app_id\", \"props\": {\"mark_as_change\": true}}, {\"item\": \"parameters_mifare_settings.DESFire.key_mstr\", \"props\": {\"mark_as_change\": true}}, {\"item\": \"parameters_mifare_settings.DESFire.type_key_app\", \"props\": {\"mark_as_change\": true}}, {\"item\": \"parameters_mifare_settings.DESFire.key_app\", \"props\": {\"mark_as_change\": true}}]}}, \"key_mstr\": {\"type\": \"string\", \"title\": \"##Ключ карты##\", \"clientReader\": true, \"default\": \"ffffffffffffffffffffffffffffffff\", \"widgetConfig\": {\"onActivateMessage\": {\"type\": \"warning\", \"message\": \"##ВНИМАНИЕ! В случае изменения данных параметров необходимо записать мастер-карту с новыми параметрами, после чего переконфигурировать этой картой все считыватели и изменить ключи на всех картах доcтупа этого типа##\"}}, \"validator\": {\"pattern\": \"hex\", \"maxLength\": 32}, \"dependencies\": {\"isChange\": [{\"item\": \"parameters_mifare_settings.DESFire.app_id\", \"props\": {\"mark_as_change\": true}}, {\"item\": \"parameters_mifare_settings.DESFire.type_key_mstr\", \"props\": {\"mark_as_change\": true}}, {\"item\": \"parameters_mifare_settings.DESFire.type_key_app\", \"props\": {\"mark_as_change\": true}}, {\"item\": \"parameters_mifare_settings.DESFire.key_app\", \"props\": {\"mark_as_change\": true}}]}}, \"type_key_app\": {\"enum\": [0, 4, 5], \"type\": \"string\", \"title\": \"##Тип ключа приложения##\", \"widget\": \"select\", \"clientReader\": true, \"default\": 0, \"widgetConfig\": {\"onActivateMessage\": {\"type\": \"warning\", \"message\": \"##ВНИМАНИЕ! В случае изменения данных параметров необходимо записать мастер-карту с новыми параметрами, после чего переконфигурировать этой картой все считыватели и изменить ключи на всех картах доcтупа этого типа##\"}}, \"enumNames\": [\"AES (AES 128 Key [16 Bytes])\", \"2K3DES (2 Key Triple Des [16 Bytes])\", \"3K3DES (3 Key Triple Des [24 Bytes])\"], \"dependencies\": {\"0\": [{\"item\": \"parameters_mifare_settings.DESFire.key_app\", \"props\": {\"validator\": {\"maxLength\": 32}}}], \"4\": [{\"item\": \"parameters_mifare_settings.DESFire.key_app\", \"props\": {\"validator\": {\"maxLength\": 32}}}], \"5\": [{\"item\": \"parameters_mifare_settings.DESFire.key_app\", \"props\": {\"validator\": {\"maxLength\": 48}}}], \"isChange\": [{\"item\": \"parameters_mifare_settings.DESFire.app_id\", \"props\": {\"mark_as_change\": true}}, {\"item\": \"parameters_mifare_settings.DESFire.type_key_mstr\", \"props\": {\"mark_as_change\": true}}, {\"item\": \"parameters_mifare_settings.DESFire.key_mstr\", \"props\": {\"mark_as_change\": true}}, {\"item\": \"parameters_mifare_settings.DESFire.key_app\", \"props\": {\"mark_as_change\": true}}]}}, \"key_app\": {\"type\": \"string\", \"title\": \"##Ключ приложения##\", \"clientReader\": true, \"default\": \"ffffffffffffffffffffffffffffffff\", \"widgetConfig\": {\"onActivateMessage\": {\"type\": \"warning\", \"message\": \"##ВНИМАНИЕ! В случае изменения данных параметров необходимо записать мастер-карту с новыми параметрами, после чего переконфигурировать этой картой все считыватели и изменить ключи на всех картах доcтупа этого типа##\"}}, \"validator\": {\"pattern\": \"hex\", \"maxLength\": 32}, \"dependencies\": {\"isChange\": [{\"item\": \"parameters_mifare_settings.DESFire.app_id\", \"props\": {\"mark_as_change\": true}}, {\"item\": \"parameters_mifare_settings.DESFire.type_key_mstr\", \"props\": {\"mark_as_change\": true}}, {\"item\": \"parameters_mifare_settings.DESFire.key_mstr\", \"props\": {\"mark_as_change\": true}}, {\"item\": \"parameters_mifare_settings.DESFire.type_key_app\", \"props\": {\"mark_as_change\": true}}]}}, \"fingerprint_range\": {\"type\": \"string\", \"title\": \"##Размер области отпечатков##\", \"clientReader\": true, \"default\": 1300, \"visible\": false, \"validator\": {\"pattern\": \"number\", \"min\": 260, \"max\": 1300}}, \"fingerprint_app_id\": {\"type\": \"string\", \"clientReader\": true, \"title\": \"##Номер приложения отпечатка##\", \"default\": \"ff1\", \"visible\": false, \"validator\": {\"pattern\": \"hex\", \"maxLength\": 3}}, \"lock_desfire\": {\"type\": \"boolean\", \"visible\": false, \"default\": false, \"dependencies\": {\"true\": [{\"item\": \"parameters_mifare_settings.DESFire.app_id\", \"props\": {\"disabled\": true}}, {\"item\": \"parameters_mifare_settings.DESFire.type_key_mstr\", \"props\": {\"disabled\": true}}, {\"item\": \"parameters_mifare_settings.DESFire.key_mstr\", \"props\": {\"disabled\": true}}, {\"item\": \"parameters_mifare_settings.DESFire.type_key_app\", \"props\": {\"disabled\": true}}, {\"item\": \"parameters_mifare_settings.DESFire.key_app\", \"props\": {\"disabled\": true}}]}}}}, \"MIR\": {\"type\": \"object\", \"title\": \"##МИР##\", \"widget\": \"section\", \"properties\": {\"scudAID\": {\"type\": \"string\", \"title\": \"##Номер приложения##\", \"clientReader\": true, \"default\": \"ffffffffffffffffffffffffffffffff\", \"widgetConfig\": {\"onActivateMessage\": {\"type\": \"warning\", \"message\": \"##ВНИМАНИЕ! В случае изменения данных параметров необходимо записать мастер-карту с новыми параметрами, после чего переконфигурировать этой картой все считыватели и изменить ключи на всех картах доcтупа этого типа##\"}}, \"validator\": {\"pattern\": \"hex\", \"maxLength\": 32}, \"dependencies\": {\"isChange\": [{\"item\": \"parameters_mifare_settings.MIR.scudAID\", \"props\": {\"mark_as_change\": true}}, {\"item\": \"parameters_mifare_settings.MIR.masterKey\", \"props\": {\"mark_as_change\": true}}]}}, \"masterKey\": {\"type\": \"string\", \"title\": \"##Ключ приложения##\", \"clientReader\": true, \"default\": \"ffffffffffffffffffffffffffffffff\", \"widgetConfig\": {\"onActivateMessage\": {\"type\": \"warning\", \"message\": \"##ВНИМАНИЕ! В случае изменения данных параметров необходимо записать мастер-карту с новыми параметрами, после чего переконфигурировать этой картой все считыватели и изменить ключи на всех картах доcтупа этого типа##\"}}, \"validator\": {\"pattern\": \"hex\", \"maxLength\": 32}, \"dependencies\": {\"isChange\": [{\"item\": \"parameters_mifare_settings.DESFire.app_id\", \"props\": {\"mark_as_change\": true}}, {\"item\": \"parameters_mifare_settings.DESFire.type_key_mstr\", \"props\": {\"mark_as_change\": true}}, {\"item\": \"parameters_mifare_settings.DESFire.key_mstr\", \"props\": {\"mark_as_change\": true}}, {\"item\": \"parameters_mifare_settings.DESFire.type_key_app\", \"props\": {\"mark_as_change\": true}}]}}, \"lock_mir\": {\"type\": \"boolean\", \"visible\": false, \"default\": false, \"dependencies\": {\"true\": [{\"item\": \"parameters_mifare_settings.MIR.scudAID\", \"props\": {\"disabled\": true}}, {\"item\": \"parameters_mifare_settings.MIR.masterKey\", \"props\": {\"disabled\": true}}]}}}}, \"SIM\": {\"type\": \"object\", \"title\": \"##Смартфон (SIM-карта)##\", \"widget\": \"section\", \"dependencies\": {\"true\": [{\"item\": \"parameters_mifare_settings.command.write_key\", \"props\": {\"visible\": false}}]}}, \"bank_cards\": {\"type\": \"object\", \"title\": \"##Банковские карты##\", \"clientReader\": true, \"widget\": \"section\", \"dependencies\": {\"true\": [{\"item\": \"parameters_mifare_settings.command.write_key\", \"props\": {\"visible\": false}}]}, \"properties\": {\"ID_mode\": {\"enum\": [1, 2, 4], \"type\": \"string\", \"title\": \"##Используемый идентификатор##\", \"widget\": \"select\", \"clientReader\": true, \"default\": 1, \"enumNames\": [\"##PAN карты##\", \"ID mifare classic\", \"##ID приложения НСПК МИР##\"]}}}, \"command\": {\"type\": \"object\", \"title\": \"##Команды управления картами##\", \"widget\": \"commands\", \"properties\": {\"write_key\": {\"type\": \"object\", \"title\": \"##Изменить ключ##\", \"widget\": \"button\", \"command_type\": \"0\", \"command_number\": \"7\"}, \"formatting\": {\"type\": \"object\", \"title\": \"##Форматировать##\", \"widget\": \"button\", \"command_type\": \"0\", \"command_number\": \"10\", \"visible\": false}, \"get_card_info\": {\"type\": \"object\", \"title\": \"##Получить информацию о карте##\", \"widget\": \"button\", \"command_type\": \"1\", \"command_number\": \"1\"}, \"up_security_level_SL\": {\"type\": \"object\", \"title\": \"##Повысить уровень безопасности SL##\", \"widget\": \"button\", \"command_type\": \"0\", \"command_number\": \"8\", \"visible\": false}, \"write_config_to_memory\": {\"type\": \"object\", \"title\": \"##Запись конфигурации в память##\", \"widget\": \"button\", \"command_type\": \"1\", \"command_number\": \"51\", \"save_form\": true, \"dependencies\": {\"success\": [{\"item\": \"parameters_mifare_settings.general.next_lock_key_mstr\", \"props\": {\"isChange\": {\"item\": \"parameters_mifare_settings.general.lock_general\", \"value\": true}}}, {\"item\": \"parameters_mifare_settings.Classic_common.access_type\", \"props\": {\"isChange\": {\"item\": \"parameters_mifare_settings.Classic_common.lock_classic\", \"value\": true}}}, {\"item\": \"parameters_mifare_settings.Classic_common.key\", \"props\": {\"isChange\": {\"item\": \"parameters_mifare_settings.Classic_common.lock_classic\", \"value\": true}}}, {\"item\": \"parameters_mifare_settings.Ultralight_C_144_byte.access_key\", \"props\": {\"isChange\": {\"item\": \"parameters_mifare_settings.Ultralight_C_144_byte.lock_ultralight\", \"value\": true}}}, {\"item\": \"parameters_mifare_settings.Plus_common.access_type\", \"props\": {\"isChange\": {\"item\": \"parameters_mifare_settings.Plus_common.lock_access_key\", \"value\": true}}}, {\"item\": \"parameters_mifare_settings.Plus_common.key\", \"props\": {\"isChange\": {\"item\": \"parameters_mifare_settings.Plus_common.lock_access_key\", \"value\": true}}}, {\"item\": \"parameters_mifare_settings.Plus_common.aes_a_key\", \"props\": {\"isChange\": {\"item\": \"parameters_mifare_settings.Plus_common.lock_aes_a_key\", \"value\": true}}}, {\"item\": \"parameters_mifare_settings.Plus_common.aes_b_key\", \"props\": {\"isChange\": {\"item\": \"parameters_mifare_settings.Plus_common.lock_aes_b_key\", \"value\": true}}}, {\"item\": \"parameters_mifare_settings.Plus_common.mstr_key\", \"props\": {\"isChange\": {\"item\": \"parameters_mifare_settings.Plus_common.lock_mstr_key\", \"value\": true}}}, {\"item\": \"parameters_mifare_settings.Plus_common.config_key\", \"props\": {\"isChange\": {\"item\": \"parameters_mifare_settings.Plus_common.lock_config_key\", \"value\": true}}}, {\"item\": \"parameters_mifare_settings.Plus_common.keysl1_aes\", \"props\": {\"isChange\": {\"item\": \"parameters_mifare_settings.Plus_common.lock_keysl1_aes\", \"value\": true}}}, {\"item\": \"parameters_mifare_settings.Plus_common.switch_key3\", \"props\": {\"isChange\": {\"item\": \"parameters_mifare_settings.Plus_common.lock_switch_key3\", \"value\": true}}}, {\"item\": \"parameters_mifare_settings.DESFire.app_id\", \"props\": {\"isChange\": {\"item\": \"parameters_mifare_settings.DESFire.lock_desfire\", \"value\": true}}}, {\"item\": \"parameters_mifare_settings.DESFire.key_app_old\", \"props\": {\"sourceValue\": {\"source\": \"parameters_mifare_settings.DESFire.key_app\"}}}, {\"item\": \"parameters_mifare_settings.DESFire.app_id_old\", \"props\": {\"sourceValue\": {\"source\": \"parameters_mifare_settings.DESFire.app_id\"}}}, {\"item\": \"parameters_mifare_settings.DESFire.type_key_mstr_old\", \"props\": {\"sourceValue\": {\"source\": \"parameters_mifare_settings.DESFire.type_key_mstr\"}}}, {\"item\": \"parameters_mifare_settings.DESFire.key_mstr_old\", \"props\": {\"sourceValue\": {\"source\": \"parameters_mifare_settings.DESFire.key_mstr\"}}}, {\"item\": \"parameters_mifare_settings.DESFire.type_key_app_old\", \"props\": {\"sourceValue\": {\"source\": \"parameters_mifare_settings.DESFire.type_key_app\"}}}, {\"item\": \"parameters_mifare_settings.general.lock_key_mstr\", \"props\": {\"sourceValue\": {\"source\": \"parameters_mifare_settings.general.next_lock_key_mstr\"}}}, {\"item\": \"parameters_mifare_settings.Ultralight_C_144_byte.access_key_old\", \"props\": {\"sourceValue\": {\"source\": \"parameters_mifare_settings.Ultralight_C_144_byte.access_key\"}}}, {\"item\": \"parameters_mifare_settings.Classic_common.access_type_old\", \"props\": {\"sourceValue\": {\"source\": \"parameters_mifare_settings.Classic_common.access_type\"}}}, {\"item\": \"parameters_mifare_settings.Classic_common.key_old\", \"props\": {\"sourceValue\": {\"source\": \"parameters_mifare_settings.Classic_common.key\"}}}, {\"item\": \"parameters_mifare_settings.Plus_common.access_type_old\", \"props\": {\"sourceValue\": {\"source\": \"parameters_mifare_settings.Plus_common.access_type\"}}}, {\"item\": \"parameters_mifare_settings.Plus_common.key_old\", \"props\": {\"sourceValue\": {\"source\": \"parameters_mifare_settings.Plus_common.key\"}}}, {\"item\": \"parameters_mifare_settings.Plus_common.aes_a_key_old\", \"props\": {\"sourceValue\": {\"source\": \"parameters_mifare_settings.Plus_common.aes_a_key\"}}}, {\"item\": \"parameters_mifare_settings.Plus_common.aes_b_key_old\", \"props\": {\"sourceValue\": {\"source\": \"parameters_mifare_settings.Plus_common.aes_b_key\"}}}]}}, \"write_config_to_master-card\": {\"type\": \"object\", \"title\": \"##Запись конфигурации на мастер-карту##\", \"widget\": \"button\", \"command_type\": \"1\", \"command_number\": \"2\", \"dependencies\": {\"0\": [{\"item\": \"parameters_mifare_settings.Classic_common.lock_classic\", \"props\": {\"defined\": false}}, {\"item\": \"parameters_mifare_settings.general.lock_general\", \"props\": {\"defined\": false}}, {\"item\": \"parameters_mifare_settings.Ultralight_C_144_byte.lock_ultralight\", \"props\": {\"defined\": false}}, {\"item\": \"parameters_mifare_settings.Plus_common.lock_access_key\", \"props\": {\"defined\": false}}, {\"item\": \"parameters_mifare_settings.Plus_common.lock_aes_a_key\", \"props\": {\"defined\": false}}, {\"item\": \"parameters_mifare_settings.Plus_common.lock_aes_b_key\", \"props\": {\"defined\": false}}, {\"item\": \"parameters_mifare_settings.Plus_common.lock_mstr_key\", \"props\": {\"defined\": false}}, {\"item\": \"parameters_mifare_settings.Plus_common.lock_config_key\", \"props\": {\"defined\": false}}, {\"item\": \"parameters_mifare_settings.Plus_common.lock_keysl1_aes\", \"props\": {\"defined\": false}}, {\"item\": \"parameters_mifare_settings.Plus_common.lock_switch_key3\", \"props\": {\"defined\": false}}, {\"item\": \"parameters_mifare_settings.DESFire.lock_desfire\", \"props\": {\"defined\": false}}], \"1\": [{\"item\": \"parameters_mifare_settings.general.mstr_level\", \"props\": {\"add\": 1}}, {\"item\": \"parameters_mifare_settings.Classic_common.lock_classic\", \"props\": {\"defined\": false}}, {\"item\": \"parameters_mifare_settings.general.lock_general\", \"props\": {\"defined\": false}}, {\"item\": \"parameters_mifare_settings.Ultralight_C_144_byte.lock_ultralight\", \"props\": {\"defined\": false}}, {\"item\": \"parameters_mifare_settings.Plus_common.lock_access_key\", \"props\": {\"defined\": false}}, {\"item\": \"parameters_mifare_settings.Plus_common.lock_aes_a_key\", \"props\": {\"defined\": false}}, {\"item\": \"parameters_mifare_settings.Plus_common.lock_aes_b_key\", \"props\": {\"defined\": false}}, {\"item\": \"parameters_mifare_settings.Plus_common.lock_mstr_key\", \"props\": {\"defined\": false}}, {\"item\": \"parameters_mifare_settings.Plus_common.lock_config_key\", \"props\": {\"defined\": false}}, {\"item\": \"parameters_mifare_settings.Plus_common.lock_keysl1_aes\", \"props\": {\"defined\": false}}, {\"item\": \"parameters_mifare_settings.Plus_common.lock_switch_key3\", \"props\": {\"defined\": false}}, {\"item\": \"parameters_mifare_settings.DESFire.lock_desfire\", \"props\": {\"defined\": false}}]}}}}}}'),(5,'suprema_settings',NULL,'{\"type\":\"object\",\"title\":\"##Контроллеры Suprema##\",\"widget\":\"section\",\"properties\":{\"normal\":{\"type\":\"object\",\"title\":\"##Норма##\",\"widget\":\"section\",\"properties\":{\"color\":{\"type\":\"object\",\"title\":\"##Подсветка##\",\"widget\":\"section\",\"properties\":{\"counter\":{\"type\":\"string\",\"title\":\"##Количество повторов##\",\"default\":\"0\",\"readonly\":true},\"infinite\":{\"type\":\"boolean\",\"title\":\"##Бесконечно##\",\"default\":true,\"readonly\":true},\"color_settings\":{\"type\":\"object\",\"title\":\"##Цвета##\",\"widget\":\"section\",\"properties\":{\"color_1\":{\"type\":\"object\",\"title\":\"##Первый цвет##\",\"properties\":{\"color\":{\"enum\":[0,1,2,3,4,5,6,7],\"type\":\"string\",\"title\":\"##Цвет##\",\"widget\":\"select\",\"default\":5,\"enumNames\":[\"##Выключен##\",\"##Красный##\",\"##Желтый##\",\"##Зеленый##\",\"##Голубой##\",\"##Синий##\",\"##Пурпурный##\",\"##Белый##\"]},\"duration\":{\"type\":\"string\",\"title\":\"##Длительность (мс)##\",\"default\":\"2000\",\"validator\":{\"min\":0,\"max\":999999,\"minLength\":1,\"maxLength\":6,\"pattern\":\"number\"}},\"delay\":{\"type\":\"string\",\"title\":\"##Задержка (мс)##\",\"default\":\"0\",\"validator\":{\"min\":0,\"max\":999999,\"minLength\":1,\"maxLength\":6,\"pattern\":\"number\"}}}},\"color_2\":{\"type\":\"object\",\"title\":\"##Второй цвет##\",\"properties\":{\"color\":{\"enum\":[0,1,2,3,4,5,6,7],\"type\":\"string\",\"title\":\"##Цвет##\",\"widget\":\"select\",\"default\":4,\"enumNames\":[\"##Выключен##\",\"##Красный##\",\"##Желтый##\",\"##Зеленый##\",\"##Голубой##\",\"##Синий##\",\"##Пурпурный##\",\"##Белый##\"]},\"duration\":{\"type\":\"string\",\"title\":\"##Длительность (мс)##\",\"default\":\"2000\",\"validator\":{\"min\":0,\"max\":999999,\"minLength\":1,\"maxLength\":6,\"pattern\":\"number\"}},\"delay\":{\"type\":\"string\",\"title\":\"##Задержка (мс)##\",\"default\":\"0\",\"validator\":{\"min\":0,\"max\":999999,\"minLength\":1,\"maxLength\":6,\"pattern\":\"number\"}}}},\"color_3\":{\"type\":\"object\",\"title\":\"##Третий цвет##\",\"properties\":{\"color\":{\"enum\":[0,1,2,3,4,5,6,7],\"type\":\"string\",\"title\":\"##Цвет##\",\"widget\":\"select\",\"default\":0,\"enumNames\":[\"##Выключен##\",\"##Красный##\",\"##Желтый##\",\"##Зеленый##\",\"##Голубой##\",\"##Синий##\",\"##Пурпурный##\",\"##Белый##\"]},\"duration\":{\"type\":\"string\",\"title\":\"##Длительность (мс)##\",\"default\":\"0\",\"validator\":{\"min\":0,\"max\":999999,\"minLength\":1,\"maxLength\":6,\"pattern\":\"number\"}},\"delay\":{\"type\":\"string\",\"title\":\"##Задержка (мс)##\",\"default\":\"0\",\"validator\":{\"min\":0,\"max\":999999,\"minLength\":1,\"maxLength\":6,\"pattern\":\"number\"}}}}}}}},\"tone\":{\"type\":\"object\",\"title\":\"##Звук##\",\"widget\":\"section\",\"properties\":{\"counter\":{\"type\":\"string\",\"title\":\"##Количество повторов##\",\"default\":\"0\",\"readonly\":true},\"infinite\":{\"type\":\"boolean\",\"title\":\"##Бесконечно##\",\"default\":true,\"readonly\":true},\"tone_settings\":{\"type\":\"object\",\"title\":\"##Тональности##\",\"widget\":\"section\",\"properties\":{\"tone_1\":{\"type\":\"object\",\"title\":\"##Первый тон##\",\"properties\":{\"tone\":{\"enum\":[0,1,2,3],\"type\":\"string\",\"title\":\"##Тон##\",\"widget\":\"select\",\"default\":0,\"readonly\":true,\"enumNames\":[\"##Выключен##\",\"##Низкий##\",\"##Средний##\",\"##Высокий##\"]},\"duration\":{\"type\":\"string\",\"title\":\"##Длительность (мс)##\",\"default\":\"0\",\"readonly\":true},\"delay\":{\"type\":\"string\",\"title\":\"##Задержка (мс)##\",\"default\":\"0\",\"readonly\":true},\"fadeout\":{\"type\":\"boolean\",\"title\":\"##Затухание##\",\"default\":false,\"readonly\":true}}},\"tone_2\":{\"type\":\"object\",\"title\":\"##Второй тон##\",\"properties\":{\"tone\":{\"enum\":[0,1,2,3],\"type\":\"string\",\"title\":\"##Тон##\",\"widget\":\"select\",\"default\":0,\"readonly\":true,\"enumNames\":[\"##Выключен##\",\"##Низкий##\",\"##Средний##\",\"##Высокий##\"]},\"duration\":{\"type\":\"string\",\"title\":\"##Длительность (мс)##\",\"default\":\"0\",\"readonly\":true},\"delay\":{\"type\":\"string\",\"title\":\"##Задержка (мс)##\",\"default\":\"0\",\"readonly\":true},\"fadeout\":{\"type\":\"boolean\",\"title\":\"##Затухание##\",\"default\":false,\"readonly\":true}}},\"tone_3\":{\"type\":\"object\",\"title\":\"##Третий тон##\",\"properties\":{\"tone\":{\"enum\":[0,1,2,3],\"type\":\"string\",\"title\":\"##Тон##\",\"widget\":\"select\",\"default\":0,\"readonly\":true,\"enumNames\":[\"##Выключен##\",\"##Низкий##\",\"##Средний##\",\"##Высокий##\"]},\"duration\":{\"type\":\"string\",\"title\":\"##Длительность (мс)##\",\"default\":\"0\",\"readonly\":true},\"delay\":{\"type\":\"string\",\"title\":\"##Задержка (мс)##\",\"default\":\"0\",\"readonly\":true},\"fadeout\":{\"type\":\"boolean\",\"title\":\"##Затухание##\",\"default\":false,\"readonly\":true}}}}}}}}},\"locked\":{\"type\":\"object\",\"title\":\"##Блокировка##\",\"widget\":\"section\",\"properties\":{\"color\":{\"type\":\"object\",\"title\":\"##Подсветка##\",\"widget\":\"section\",\"properties\":{\"counter\":{\"type\":\"string\",\"title\":\"##Количество повторов##\",\"default\":\"0\",\"validator\":{\"min\":0,\"max\":9999,\"minLength\":1,\"maxLength\":4,\"pattern\":\"number\"}},\"infinite\":{\"type\":\"boolean\",\"title\":\"##Бесконечно##\",\"default\":true,\"dependencies\":{\"true\":[{\"item\":\"parameters_suprema_settings.locked.color.counter\",\"props\":{\"disabled\":true}}]}},\"color_settings\":{\"type\":\"object\",\"title\":\"##Цвета##\",\"widget\":\"section\",\"properties\":{\"color_1\":{\"type\":\"object\",\"title\":\"##Первый цвет##\",\"properties\":{\"color\":{\"enum\":[0,1,2,3,4,5,6,7],\"type\":\"string\",\"title\":\"##Цвет##\",\"widget\":\"select\",\"default\":1,\"enumNames\":[\"##Выключен##\",\"##Красный##\",\"##Желтый##\",\"##Зеленый##\",\"##Голубой##\",\"##Синий##\",\"##Пурпурный##\",\"##Белый##\"]},\"duration\":{\"type\":\"string\",\"title\":\"##Длительность (мс)##\",\"default\":\"2000\",\"validator\":{\"min\":0,\"max\":999999,\"minLength\":1,\"maxLength\":6,\"pattern\":\"number\"}},\"delay\":{\"type\":\"string\",\"title\":\"##Задержка (мс)##\",\"default\":\"0\",\"validator\":{\"min\":0,\"max\":999999,\"minLength\":1,\"maxLength\":6,\"pattern\":\"number\"}}}},\"color_2\":{\"type\":\"object\",\"title\":\"##Второй цвет##\",\"properties\":{\"color\":{\"enum\":[0,1,2,3,4,5,6,7],\"type\":\"string\",\"title\":\"##Цвет##\",\"widget\":\"select\",\"default\":6,\"enumNames\":[\"##Выключен##\",\"##Красный##\",\"##Желтый##\",\"##Зеленый##\",\"##Голубой##\",\"##Синий##\",\"##Пурпурный##\",\"##Белый##\"]},\"duration\":{\"type\":\"string\",\"title\":\"##Длительность (мс)##\",\"default\":\"2000\",\"validator\":{\"min\":0,\"max\":999999,\"minLength\":1,\"maxLength\":6,\"pattern\":\"number\"}},\"delay\":{\"type\":\"string\",\"title\":\"##Задержка (мс)##\",\"default\":\"0\",\"validator\":{\"min\":0,\"max\":999999,\"minLength\":1,\"maxLength\":6,\"pattern\":\"number\"}}}},\"color_3\":{\"type\":\"object\",\"title\":\"##Третий цвет##\",\"properties\":{\"color\":{\"enum\":[0,1,2,3,4,5,6,7],\"type\":\"string\",\"title\":\"##Цвет##\",\"widget\":\"select\",\"default\":0,\"enumNames\":[\"##Выключен##\",\"##Красный##\",\"##Желтый##\",\"##Зеленый##\",\"##Голубой##\",\"##Синий##\",\"##Пурпурный##\",\"##Белый##\"]},\"duration\":{\"type\":\"string\",\"title\":\"##Длительность (мс)##\",\"default\":\"0\",\"validator\":{\"min\":0,\"max\":999999,\"minLength\":1,\"maxLength\":6,\"pattern\":\"number\"}},\"delay\":{\"type\":\"string\",\"title\":\"##Задержка (мс)##\",\"default\":\"0\",\"validator\":{\"min\":0,\"max\":999999,\"minLength\":1,\"maxLength\":6,\"pattern\":\"number\"}}}}}}}},\"tone\":{\"type\":\"object\",\"title\":\"##Звук##\",\"widget\":\"section\",\"properties\":{\"counter\":{\"type\":\"string\",\"title\":\"##Количество повторов##\",\"default\":\"0\",\"validator\":{\"min\":0,\"max\":9999,\"minLength\":1,\"maxLength\":4,\"pattern\":\"number\"}},\"infinite\":{\"type\":\"boolean\",\"title\":\"##Бесконечно##\",\"dependencies\":{\"true\":[{\"item\":\"parameters_suprema_settings.locked.tone.counter\",\"props\":{\"disabled\":true}}]},\"default\":false},\"tone_settings\":{\"type\":\"object\",\"title\":\"##Тональности##\",\"widget\":\"section\",\"properties\":{\"tone_1\":{\"type\":\"object\",\"title\":\"##Первый тон##\",\"properties\":{\"tone\":{\"enum\":[0,1,2,3],\"type\":\"string\",\"title\":\"##Тон##\",\"widget\":\"select\",\"default\":0,\"enumNames\":[\"##Выключен##\",\"##Низкий##\",\"##Средний##\",\"##Высокий##\"]},\"duration\":{\"type\":\"string\",\"title\":\"##Длительность (мс)##\",\"default\":\"0\",\"validator\":{\"min\":0,\"max\":999999,\"minLength\":1,\"maxLength\":6,\"pattern\":\"number\"}},\"delay\":{\"type\":\"string\",\"title\":\"##Задержка (мс)##\",\"default\":\"0\",\"validator\":{\"min\":0,\"max\":999999,\"minLength\":1,\"maxLength\":6,\"pattern\":\"number\"}},\"fadeout\":{\"type\":\"boolean\",\"title\":\"##Затухание##\",\"default\":false}}},\"tone_2\":{\"type\":\"object\",\"title\":\"##Второй тон##\",\"properties\":{\"tone\":{\"enum\":[0,1,2,3],\"type\":\"string\",\"title\":\"##Тон##\",\"widget\":\"select\",\"default\":0,\"enumNames\":[\"##Выключен##\",\"##Низкий##\",\"##Средний##\",\"##Высокий##\"]},\"duration\":{\"type\":\"string\",\"title\":\"##Длительность (мс)##\",\"default\":\"0\",\"validator\":{\"min\":0,\"max\":999999,\"minLength\":1,\"maxLength\":6,\"pattern\":\"number\"}},\"delay\":{\"type\":\"string\",\"title\":\"##Задержка (мс)##\",\"default\":\"0\",\"validator\":{\"min\":0,\"max\":999999,\"minLength\":1,\"maxLength\":6,\"pattern\":\"number\"}},\"fadeout\":{\"type\":\"boolean\",\"title\":\"##Затухание##\",\"default\":false}}},\"tone_3\":{\"type\":\"object\",\"title\":\"##Третий тон##\",\"properties\":{\"tone\":{\"enum\":[0,1,2,3],\"type\":\"string\",\"title\":\"##Тон##\",\"widget\":\"select\",\"default\":0,\"enumNames\":[\"##Выключен##\",\"##Низкий##\",\"##Средний##\",\"##Высокий##\"]},\"duration\":{\"type\":\"string\",\"title\":\"##Длительность (мс)##\",\"default\":\"0\",\"validator\":{\"min\":0,\"max\":999999,\"minLength\":1,\"maxLength\":6,\"pattern\":\"number\"}},\"delay\":{\"type\":\"string\",\"title\":\"##Задержка (мс)##\",\"default\":\"0\",\"validator\":{\"min\":0,\"max\":999999,\"minLength\":1,\"maxLength\":6,\"pattern\":\"number\"}},\"fadeout\":{\"type\":\"boolean\",\"title\":\"##Затухание##\",\"default\":false}}}}}}}}},\"rtc_error\":{\"type\":\"object\",\"title\":\"##Ошибка RTC##\",\"widget\":\"section\",\"properties\":{\"color\":{\"type\":\"object\",\"title\":\"##Подсветка##\",\"widget\":\"section\",\"properties\":{\"counter\":{\"type\":\"string\",\"title\":\"##Количество повторов##\",\"default\":\"0\",\"validator\":{\"min\":0,\"max\":9999,\"minLength\":1,\"maxLength\":4,\"pattern\":\"number\"}},\"infinite\":{\"type\":\"boolean\",\"title\":\"##Бесконечно##\",\"default\":true,\"dependencies\":{\"true\":[{\"item\":\"parameters_suprema_settings.rtc_error.color.counter\",\"props\":{\"disabled\":true}}]}},\"color_settings\":{\"type\":\"object\",\"title\":\"##Цвета##\",\"widget\":\"section\",\"properties\":{\"color_1\":{\"type\":\"object\",\"title\":\"##Первый цвет##\",\"properties\":{\"color\":{\"enum\":[0,1,2,3,4,5,6,7],\"type\":\"string\",\"title\":\"##Цвет##\",\"widget\":\"select\",\"default\":5,\"enumNames\":[\"##Выключен##\",\"##Красный##\",\"##Желтый##\",\"##Зеленый##\",\"##Голубой##\",\"##Синий##\",\"##Пурпурный##\",\"##Белый##\"]},\"duration\":{\"type\":\"string\",\"title\":\"##Длительность (мс)##\",\"default\":\"2000\",\"validator\":{\"min\":0,\"max\":999999,\"minLength\":1,\"maxLength\":6,\"pattern\":\"number\"}},\"delay\":{\"type\":\"string\",\"title\":\"##Задержка (мс)##\",\"default\":\"0\",\"validator\":{\"min\":0,\"max\":999999,\"minLength\":1,\"maxLength\":6,\"pattern\":\"number\"}}}},\"color_2\":{\"type\":\"object\",\"title\":\"##Второй цвет##\",\"properties\":{\"color\":{\"enum\":[0,1,2,3,4,5,6,7],\"type\":\"string\",\"title\":\"##Цвет##\",\"widget\":\"select\",\"default\":1,\"enumNames\":[\"##Выключен##\",\"##Красный##\",\"##Желтый##\",\"##Зеленый##\",\"##Голубой##\",\"##Синий##\",\"##Пурпурный##\",\"##Белый##\"]},\"duration\":{\"type\":\"string\",\"title\":\"##Длительность (мс)##\",\"default\":\"2000\",\"validator\":{\"min\":0,\"max\":999999,\"minLength\":1,\"maxLength\":6,\"pattern\":\"number\"}},\"delay\":{\"type\":\"string\",\"title\":\"##Задержка (мс)##\",\"default\":\"0\",\"validator\":{\"min\":0,\"max\":999999,\"minLength\":1,\"maxLength\":6,\"pattern\":\"number\"}}}},\"color_3\":{\"type\":\"object\",\"title\":\"##Третий цвет##\",\"properties\":{\"color\":{\"enum\":[0,1,2,3,4,5,6,7],\"type\":\"string\",\"title\":\"##Цвет##\",\"widget\":\"select\",\"default\":0,\"enumNames\":[\"##Выключен##\",\"##Красный##\",\"##Желтый##\",\"##Зеленый##\",\"##Голубой##\",\"##Синий##\",\"##Пурпурный##\",\"##Белый##\"]},\"duration\":{\"type\":\"string\",\"title\":\"##Длительность (мс)##\",\"default\":\"0\",\"validator\":{\"min\":0,\"max\":999999,\"minLength\":1,\"maxLength\":6,\"pattern\":\"number\"}},\"delay\":{\"type\":\"string\",\"title\":\"##Задержка (мс)##\",\"default\":\"0\",\"validator\":{\"min\":0,\"max\":999999,\"minLength\":1,\"maxLength\":6,\"pattern\":\"number\"}}}}}}}},\"tone\":{\"type\":\"object\",\"title\":\"##Звук##\",\"widget\":\"section\",\"properties\":{\"counter\":{\"type\":\"string\",\"title\":\"##Количество повторов##\",\"default\":\"0\",\"validator\":{\"min\":0,\"max\":9999,\"minLength\":1,\"maxLength\":4,\"pattern\":\"number\"}},\"infinite\":{\"type\":\"boolean\",\"title\":\"##Бесконечно##\",\"default\":false,\"dependencies\":{\"true\":[{\"item\":\"parameters_suprema_settings.rtc_error.tone.counter\",\"props\":{\"disabled\":true}}]}},\"tone_settings\":{\"type\":\"object\",\"title\":\"##Тональности##\",\"widget\":\"section\",\"properties\":{\"tone_1\":{\"type\":\"object\",\"title\":\"##Первый тон##\",\"properties\":{\"tone\":{\"enum\":[0,1,2,3],\"type\":\"string\",\"title\":\"##Тон##\",\"widget\":\"select\",\"default\":0,\"enumNames\":[\"##Выключен##\",\"##Низкий##\",\"##Средний##\",\"##Высокий##\"]},\"duration\":{\"type\":\"string\",\"title\":\"##Длительность (мс)##\",\"default\":\"0\",\"validator\":{\"min\":0,\"max\":999999,\"minLength\":1,\"maxLength\":6,\"pattern\":\"number\"}},\"delay\":{\"type\":\"string\",\"title\":\"##Задержка (мс)##\",\"default\":\"0\",\"validator\":{\"min\":0,\"max\":999999,\"minLength\":1,\"maxLength\":6,\"pattern\":\"number\"}},\"fadeout\":{\"type\":\"boolean\",\"title\":\"##Затухание##\",\"default\":false}}},\"tone_2\":{\"type\":\"object\",\"title\":\"##Второй тон##\",\"properties\":{\"tone\":{\"enum\":[0,1,2,3],\"type\":\"string\",\"title\":\"##Тон##\",\"widget\":\"select\",\"default\":0,\"enumNames\":[\"##Выключен##\",\"##Низкий##\",\"##Средний##\",\"##Высокий##\"]},\"duration\":{\"type\":\"string\",\"title\":\"##Длительность (мс)##\",\"default\":\"0\",\"validator\":{\"min\":0,\"max\":999999,\"minLength\":1,\"maxLength\":6,\"pattern\":\"number\"}},\"delay\":{\"type\":\"string\",\"title\":\"##Задержка (мс)##\",\"default\":\"0\",\"validator\":{\"min\":0,\"max\":999999,\"minLength\":1,\"maxLength\":6,\"pattern\":\"number\"}},\"fadeout\":{\"type\":\"boolean\",\"title\":\"##Затухание##\",\"default\":false}}},\"tone_3\":{\"type\":\"object\",\"title\":\"##Третий тон##\",\"properties\":{\"tone\":{\"enum\":[0,1,2,3],\"type\":\"string\",\"title\":\"##Тон##\",\"widget\":\"select\",\"default\":0,\"enumNames\":[\"##Выключен##\",\"##Низкий##\",\"##Средний##\",\"##Высокий##\"]},\"duration\":{\"type\":\"string\",\"title\":\"##Длительность (мс)##\",\"default\":\"0\",\"validator\":{\"min\":0,\"max\":999999,\"minLength\":1,\"maxLength\":6,\"pattern\":\"number\"}},\"delay\":{\"type\":\"string\",\"title\":\"##Задержка (мс)##\",\"default\":\"0\",\"validator\":{\"min\":0,\"max\":999999,\"minLength\":1,\"maxLength\":6,\"pattern\":\"number\"}},\"fadeout\":{\"type\":\"boolean\",\"title\":\"##Затухание##\",\"default\":false}}}}}}}}},\"waiting_input\":{\"type\":\"object\",\"title\":\"##Ожидание поднесения пальца##\",\"widget\":\"section\",\"properties\":{\"color\":{\"type\":\"object\",\"title\":\"##Подсветка##\",\"widget\":\"section\",\"properties\":{\"counter\":{\"type\":\"string\",\"title\":\"##Количество повторов##\",\"default\":\"0\",\"validator\":{\"min\":0,\"max\":9999,\"minLength\":1,\"maxLength\":4,\"pattern\":\"number\"}},\"infinite\":{\"type\":\"boolean\",\"title\":\"##Бесконечно##\",\"default\":true,\"dependencies\":{\"true\":[{\"item\":\"parameters_suprema_settings.waiting_input.color.counter\",\"props\":{\"disabled\":true}}]}},\"color_settings\":{\"type\":\"object\",\"title\":\"##Цвета##\",\"widget\":\"section\",\"properties\":{\"color_1\":{\"type\":\"object\",\"title\":\"##Первый цвет##\",\"properties\":{\"color\":{\"enum\":[0,1,2,3,4,5,6,7],\"type\":\"string\",\"title\":\"##Цвет##\",\"widget\":\"select\",\"default\":2,\"enumNames\":[\"##Выключен##\",\"##Красный##\",\"##Желтый##\",\"##Зеленый##\",\"##Голубой##\",\"##Синий##\",\"##Пурпурный##\",\"##Белый##\"]},\"duration\":{\"type\":\"string\",\"title\":\"##Длительность (мс)##\",\"default\":\"250\",\"validator\":{\"min\":0,\"max\":999999,\"minLength\":1,\"maxLength\":6,\"pattern\":\"number\"}},\"delay\":{\"type\":\"string\",\"title\":\"##Задержка (мс)##\",\"default\":\"250\",\"validator\":{\"min\":0,\"max\":999999,\"minLength\":1,\"maxLength\":6,\"pattern\":\"number\"}}}},\"color_2\":{\"type\":\"object\",\"title\":\"##Второй цвет##\",\"properties\":{\"color\":{\"enum\":[0,1,2,3,4,5,6,7],\"type\":\"string\",\"title\":\"##Цвет##\",\"widget\":\"select\",\"default\":0,\"enumNames\":[\"##Выключен##\",\"##Красный##\",\"##Желтый##\",\"##Зеленый##\",\"##Голубой##\",\"##Синий##\",\"##Пурпурный##\",\"##Белый##\"]},\"duration\":{\"type\":\"string\",\"title\":\"##Длительность (мс)##\",\"default\":\"0\",\"validator\":{\"min\":0,\"max\":999999,\"minLength\":1,\"maxLength\":6,\"pattern\":\"number\"}},\"delay\":{\"type\":\"string\",\"title\":\"##Задержка (мс)##\",\"default\":\"0\",\"validator\":{\"min\":0,\"max\":999999,\"minLength\":1,\"maxLength\":6,\"pattern\":\"number\"}}}},\"color_3\":{\"type\":\"object\",\"title\":\"##Третий цвет##\",\"properties\":{\"color\":{\"enum\":[0,1,2,3,4,5,6,7],\"type\":\"string\",\"title\":\"##Цвет##\",\"widget\":\"select\",\"default\":0,\"enumNames\":[\"##Выключен##\",\"##Красный##\",\"##Желтый##\",\"##Зеленый##\",\"##Голубой##\",\"##Синий##\",\"##Пурпурный##\",\"##Белый##\"]},\"duration\":{\"type\":\"string\",\"title\":\"##Длительность (мс)##\",\"default\":\"0\",\"validator\":{\"min\":0,\"max\":999999,\"minLength\":1,\"maxLength\":6,\"pattern\":\"number\"}},\"delay\":{\"type\":\"string\",\"title\":\"##Задержка (мс)##\",\"default\":\"0\",\"validator\":{\"min\":0,\"max\":999999,\"minLength\":1,\"maxLength\":6,\"pattern\":\"number\"}}}}}}}},\"tone\":{\"type\":\"object\",\"title\":\"##Звук##\",\"widget\":\"section\",\"properties\":{\"counter\":{\"type\":\"string\",\"title\":\"##Количество повторов##\",\"default\":\"0\",\"validator\":{\"min\":0,\"max\":9999,\"minLength\":1,\"maxLength\":4,\"pattern\":\"number\"}},\"infinite\":{\"type\":\"boolean\",\"title\":\"##Бесконечно##\",\"default\":false,\"dependencies\":{\"true\":[{\"item\":\"parameters_suprema_settings.waiting_input.tone.counter\",\"props\":{\"disabled\":true}}]}},\"tone_settings\":{\"type\":\"object\",\"title\":\"##Тональности##\",\"widget\":\"section\",\"properties\":{\"tone_1\":{\"type\":\"object\",\"title\":\"##Первый тон##\",\"properties\":{\"tone\":{\"enum\":[0,1,2,3],\"type\":\"string\",\"title\":\"##Тон##\",\"widget\":\"select\",\"default\":0,\"enumNames\":[\"##Выключен##\",\"##Низкий##\",\"##Средний##\",\"##Высокий##\"]},\"duration\":{\"type\":\"string\",\"title\":\"##Длительность (мс)##\",\"default\":\"0\",\"validator\":{\"min\":0,\"max\":999999,\"minLength\":1,\"maxLength\":6,\"pattern\":\"number\"}},\"delay\":{\"type\":\"string\",\"title\":\"##Задержка (мс)##\",\"default\":\"0\",\"validator\":{\"min\":0,\"max\":999999,\"minLength\":1,\"maxLength\":6,\"pattern\":\"number\"}},\"fadeout\":{\"type\":\"boolean\",\"title\":\"##Затухание##\",\"default\":false}}},\"tone_2\":{\"type\":\"object\",\"title\":\"##Второй тон##\",\"properties\":{\"tone\":{\"enum\":[0,1,2,3],\"type\":\"string\",\"title\":\"##Тон##\",\"widget\":\"select\",\"default\":0,\"enumNames\":[\"##Выключен##\",\"##Низкий##\",\"##Средний##\",\"##Высокий##\"]},\"duration\":{\"type\":\"string\",\"title\":\"##Длительность (мс)##\",\"default\":\"0\",\"validator\":{\"min\":0,\"max\":999999,\"minLength\":1,\"maxLength\":6,\"pattern\":\"number\"}},\"delay\":{\"type\":\"string\",\"title\":\"##Задержка (мс)##\",\"default\":\"0\",\"validator\":{\"min\":0,\"max\":999999,\"minLength\":1,\"maxLength\":6,\"pattern\":\"number\"}},\"fadeout\":{\"type\":\"boolean\",\"title\":\"##Затухание##\",\"default\":false}}},\"tone_3\":{\"type\":\"object\",\"title\":\"##Третий тон##\",\"properties\":{\"tone\":{\"enum\":[0,1,2,3],\"type\":\"string\",\"title\":\"##Тон##\",\"widget\":\"select\",\"default\":0,\"enumNames\":[\"##Выключен##\",\"##Низкий##\",\"##Средний##\",\"##Высокий##\"]},\"duration\":{\"type\":\"string\",\"title\":\"##Длительность (мс)##\",\"default\":\"0\",\"validator\":{\"min\":0,\"max\":999999,\"minLength\":1,\"maxLength\":6,\"pattern\":\"number\"}},\"delay\":{\"type\":\"string\",\"title\":\"##Задержка (мс)##\",\"default\":\"0\",\"validator\":{\"min\":0,\"max\":999999,\"minLength\":1,\"maxLength\":6,\"pattern\":\"number\"}},\"fadeout\":{\"type\":\"boolean\",\"title\":\"##Затухание##\",\"default\":false}}}}}}}}},\"waiting_dhcp\":{\"type\":\"object\",\"title\":\"##Ожидание DHCP##\",\"widget\":\"section\",\"properties\":{\"color\":{\"type\":\"object\",\"title\":\"##Подсветка##\",\"widget\":\"section\",\"properties\":{\"counter\":{\"type\":\"string\",\"title\":\"##Количество повторов##\",\"default\":\"0\",\"validator\":{\"min\":0,\"max\":9999,\"minLength\":1,\"maxLength\":4,\"pattern\":\"number\"}},\"infinite\":{\"type\":\"boolean\",\"title\":\"##Бесконечно##\",\"default\":true,\"dependencies\":{\"true\":[{\"item\":\"parameters_suprema_settings.waiting_dhcp.color.counter\",\"props\":{\"disabled\":true}}]}},\"color_settings\":{\"type\":\"object\",\"title\":\"##Цвета##\",\"widget\":\"section\",\"properties\":{\"color_1\":{\"type\":\"object\",\"title\":\"##Первый цвет##\",\"properties\":{\"color\":{\"enum\":[0,1,2,3,4,5,6,7],\"type\":\"string\",\"title\":\"##Цвет##\",\"widget\":\"select\",\"default\":2,\"enumNames\":[\"##Выключен##\",\"##Красный##\",\"##Желтый##\",\"##Зеленый##\",\"##Голубой##\",\"##Синий##\",\"##Пурпурный##\",\"##Белый##\"]},\"duration\":{\"type\":\"string\",\"title\":\"##Длительность (мс)##\",\"default\":\"1000\",\"validator\":{\"min\":0,\"max\":999999,\"minLength\":1,\"maxLength\":6,\"pattern\":\"number\"}},\"delay\":{\"type\":\"string\",\"title\":\"##Задержка (мс)##\",\"default\":\"0\",\"validator\":{\"min\":0,\"max\":999999,\"minLength\":1,\"maxLength\":6,\"pattern\":\"number\"}}}},\"color_2\":{\"type\":\"object\",\"title\":\"##Второй цвет##\",\"properties\":{\"color\":{\"enum\":[0,1,2,3,4,5,6,7],\"type\":\"string\",\"title\":\"##Цвет##\",\"widget\":\"select\",\"default\":5,\"enumNames\":[\"##Выключен##\",\"##Красный##\",\"##Желтый##\",\"##Зеленый##\",\"##Голубой##\",\"##Синий##\",\"##Пурпурный##\",\"##Белый##\"]},\"duration\":{\"type\":\"string\",\"title\":\"##Длительность (мс)##\",\"default\":\"1000\",\"validator\":{\"min\":0,\"max\":999999,\"minLength\":1,\"maxLength\":6,\"pattern\":\"number\"}},\"delay\":{\"type\":\"string\",\"title\":\"##Задержка (мс)##\",\"default\":\"0\",\"validator\":{\"min\":0,\"max\":999999,\"minLength\":1,\"maxLength\":6,\"pattern\":\"number\"}}}},\"color_3\":{\"type\":\"object\",\"title\":\"##Третий цвет##\",\"properties\":{\"color\":{\"enum\":[0,1,2,3,4,5,6,7],\"type\":\"string\",\"title\":\"##Цвет##\",\"widget\":\"select\",\"default\":0,\"enumNames\":[\"##Выключен##\",\"##Красный##\",\"##Желтый##\",\"##Зеленый##\",\"##Голубой##\",\"##Синий##\",\"##Пурпурный##\",\"##Белый##\"]},\"duration\":{\"type\":\"string\",\"title\":\"##Длительность (мс)##\",\"default\":\"0\",\"validator\":{\"min\":0,\"max\":999999,\"minLength\":1,\"maxLength\":6,\"pattern\":\"number\"}},\"delay\":{\"type\":\"string\",\"title\":\"##Задержка (мс)##\",\"default\":\"0\",\"validator\":{\"min\":0,\"max\":999999,\"minLength\":1,\"maxLength\":6,\"pattern\":\"number\"}}}}}}}},\"tone\":{\"type\":\"object\",\"title\":\"##Звук##\",\"widget\":\"section\",\"properties\":{\"counter\":{\"type\":\"string\",\"title\":\"##Количество повторов##\",\"default\":\"0\",\"validator\":{\"min\":0,\"max\":9999,\"minLength\":1,\"maxLength\":4,\"pattern\":\"number\"}},\"infinite\":{\"type\":\"boolean\",\"title\":\"##Бесконечно##\",\"default\":false,\"dependencies\":{\"true\":[{\"item\":\"parameters_suprema_settings.waiting_dhcp.tone.counter\",\"props\":{\"disabled\":true}}]}},\"tone_settings\":{\"type\":\"object\",\"title\":\"##Тональности##\",\"widget\":\"section\",\"properties\":{\"tone_1\":{\"type\":\"object\",\"title\":\"##Первый тон##\",\"properties\":{\"tone\":{\"enum\":[0,1,2,3],\"type\":\"string\",\"title\":\"##Тон##\",\"widget\":\"select\",\"default\":0,\"enumNames\":[\"##Выключен##\",\"##Низкий##\",\"##Средний##\",\"##Высокий##\"]},\"duration\":{\"type\":\"string\",\"title\":\"##Длительность (мс)##\",\"default\":\"0\",\"validator\":{\"min\":0,\"max\":999999,\"minLength\":1,\"maxLength\":6,\"pattern\":\"number\"}},\"delay\":{\"type\":\"string\",\"title\":\"##Задержка (мс)##\",\"default\":\"0\",\"validator\":{\"min\":0,\"max\":999999,\"minLength\":1,\"maxLength\":6,\"pattern\":\"number\"}},\"fadeout\":{\"type\":\"boolean\",\"title\":\"##Затухание##\",\"default\":false}}},\"tone_2\":{\"type\":\"object\",\"title\":\"##Второй тон##\",\"properties\":{\"tone\":{\"enum\":[0,1,2,3],\"type\":\"string\",\"title\":\"##Тон##\",\"widget\":\"select\",\"default\":0,\"enumNames\":[\"##Выключен##\",\"##Низкий##\",\"##Средний##\",\"##Высокий##\"]},\"duration\":{\"type\":\"string\",\"title\":\"##Длительность (мс)##\",\"default\":\"0\",\"validator\":{\"min\":0,\"max\":999999,\"minLength\":1,\"maxLength\":6,\"pattern\":\"number\"}},\"delay\":{\"type\":\"string\",\"title\":\"##Задержка (мс)##\",\"default\":\"0\",\"validator\":{\"min\":0,\"max\":999999,\"minLength\":1,\"maxLength\":6,\"pattern\":\"number\"}},\"fadeout\":{\"type\":\"boolean\",\"title\":\"##Затухание##\",\"default\":false}}},\"tone_3\":{\"type\":\"object\",\"title\":\"##Третий тон##\",\"properties\":{\"tone\":{\"enum\":[0,1,2,3],\"type\":\"string\",\"title\":\"##Тон##\",\"widget\":\"select\",\"default\":0,\"enumNames\":[\"##Выключен##\",\"##Низкий##\",\"##Средний##\",\"##Высокий##\"]},\"duration\":{\"type\":\"string\",\"title\":\"##Длительность (мс)##\",\"default\":\"0\",\"validator\":{\"min\":0,\"max\":999999,\"minLength\":1,\"maxLength\":6,\"pattern\":\"number\"}},\"delay\":{\"type\":\"string\",\"title\":\"##Задержка (мс)##\",\"default\":\"0\",\"validator\":{\"min\":0,\"max\":999999,\"minLength\":1,\"maxLength\":6,\"pattern\":\"number\"}},\"fadeout\":{\"type\":\"boolean\",\"title\":\"##Затухание##\",\"default\":false}}}}}}}}},\"scan_finger\":{\"type\":\"object\",\"title\":\"##Сканирование пальца##\",\"widget\":\"section\",\"properties\":{\"color\":{\"type\":\"object\",\"title\":\"##Подсветка##\",\"widget\":\"section\",\"properties\":{\"counter\":{\"type\":\"string\",\"title\":\"##Количество повторов##\",\"default\":\"0\",\"validator\":{\"min\":0,\"max\":9999,\"minLength\":1,\"maxLength\":4,\"pattern\":\"number\"}},\"infinite\":{\"type\":\"boolean\",\"title\":\"##Бесконечно##\",\"default\":true,\"dependencies\":{\"true\":[{\"item\":\"parameters_suprema_settings.scan_finger.color.counter\",\"props\":{\"disabled\":true}}]}},\"color_settings\":{\"type\":\"object\",\"title\":\"##Цвета##\",\"widget\":\"section\",\"properties\":{\"color_1\":{\"type\":\"object\",\"title\":\"##Первый цвет##\",\"properties\":{\"color\":{\"enum\":[0,1,2,3,4,5,6,7],\"type\":\"string\",\"title\":\"##Цвет##\",\"widget\":\"select\",\"default\":6,\"enumNames\":[\"##Выключен##\",\"##Красный##\",\"##Желтый##\",\"##Зеленый##\",\"##Голубой##\",\"##Синий##\",\"##Пурпурный##\",\"##Белый##\"]},\"duration\":{\"type\":\"string\",\"title\":\"##Длительность (мс)##\",\"default\":\"2500\",\"validator\":{\"min\":0,\"max\":999999,\"minLength\":1,\"maxLength\":6,\"pattern\":\"number\"}},\"delay\":{\"type\":\"string\",\"title\":\"##Задержка (мс)##\",\"default\":\"0\",\"validator\":{\"min\":0,\"max\":999999,\"minLength\":1,\"maxLength\":6,\"pattern\":\"number\"}}}},\"color_2\":{\"type\":\"object\",\"title\":\"##Второй цвет##\",\"properties\":{\"color\":{\"enum\":[0,1,2,3,4,5,6,7],\"type\":\"string\",\"title\":\"##Цвет##\",\"widget\":\"select\",\"default\":0,\"enumNames\":[\"##Выключен##\",\"##Красный##\",\"##Желтый##\",\"##Зеленый##\",\"##Голубой##\",\"##Синий##\",\"##Пурпурный##\",\"##Белый##\"]},\"duration\":{\"type\":\"string\",\"title\":\"##Длительность (мс)##\",\"default\":\"0\",\"validator\":{\"min\":0,\"max\":999999,\"minLength\":1,\"maxLength\":6,\"pattern\":\"number\"}},\"delay\":{\"type\":\"string\",\"title\":\"##Задержка (мс)##\",\"default\":\"0\",\"validator\":{\"min\":0,\"max\":999999,\"minLength\":1,\"maxLength\":6,\"pattern\":\"number\"}}}},\"color_3\":{\"type\":\"object\",\"title\":\"##Третий цвет##\",\"properties\":{\"color\":{\"enum\":[0,1,2,3,4,5,6,7],\"type\":\"string\",\"title\":\"##Цвет##\",\"widget\":\"select\",\"default\":0,\"enumNames\":[\"##Выключен##\",\"##Красный##\",\"##Желтый##\",\"##Зеленый##\",\"##Голубой##\",\"##Синий##\",\"##Пурпурный##\",\"##Белый##\"]},\"duration\":{\"type\":\"string\",\"title\":\"##Длительность (мс)##\",\"default\":\"0\",\"validator\":{\"min\":0,\"max\":999999,\"minLength\":1,\"maxLength\":6,\"pattern\":\"number\"}},\"delay\":{\"type\":\"string\",\"title\":\"##Задержка (мс)##\",\"default\":\"0\",\"validator\":{\"min\":0,\"max\":999999,\"minLength\":1,\"maxLength\":6,\"pattern\":\"number\"}}}}}}}},\"tone\":{\"type\":\"object\",\"title\":\"##Звук##\",\"widget\":\"section\",\"properties\":{\"counter\":{\"type\":\"string\",\"title\":\"##Количество повторов##\",\"default\":\"1\",\"validator\":{\"min\":0,\"max\":9999,\"minLength\":1,\"maxLength\":4,\"pattern\":\"number\"}},\"infinite\":{\"type\":\"boolean\",\"title\":\"##Бесконечно##\",\"default\":false,\"dependencies\":{\"true\":[{\"item\":\"parameters_suprema_settings.scan_finger.tone.counter\",\"props\":{\"disabled\":true}}]}},\"tone_settings\":{\"type\":\"object\",\"title\":\"##Тональности##\",\"widget\":\"section\",\"properties\":{\"tone_1\":{\"type\":\"object\",\"title\":\"##Первый тон##\",\"properties\":{\"tone\":{\"enum\":[0,1,2,3],\"type\":\"string\",\"title\":\"##Тон##\",\"widget\":\"select\",\"default\":3,\"enumNames\":[\"##Выключен##\",\"##Низкий##\",\"##Средний##\",\"##Высокий##\"]},\"duration\":{\"type\":\"string\",\"title\":\"##Длительность (мс)##\",\"default\":\"100\",\"validator\":{\"min\":0,\"max\":999999,\"minLength\":1,\"maxLength\":6,\"pattern\":\"number\"}},\"delay\":{\"type\":\"string\",\"title\":\"##Задержка (мс)##\",\"default\":\"0\",\"validator\":{\"min\":0,\"max\":999999,\"minLength\":1,\"maxLength\":6,\"pattern\":\"number\"}},\"fadeout\":{\"type\":\"boolean\",\"title\":\"##Затухание##\",\"default\":false}}},\"tone_2\":{\"type\":\"object\",\"title\":\"##Второй тон##\",\"properties\":{\"tone\":{\"enum\":[0,1,2,3],\"type\":\"string\",\"title\":\"##Тон##\",\"widget\":\"select\",\"default\":0,\"enumNames\":[\"##Выключен##\",\"##Низкий##\",\"##Средний##\",\"##Высокий##\"]},\"duration\":{\"type\":\"string\",\"title\":\"##Длительность (мс)##\",\"default\":\"0\",\"validator\":{\"min\":0,\"max\":999999,\"minLength\":1,\"maxLength\":6,\"pattern\":\"number\"}},\"delay\":{\"type\":\"string\",\"title\":\"##Задержка (мс)##\",\"default\":\"0\",\"validator\":{\"min\":0,\"max\":999999,\"minLength\":1,\"maxLength\":6,\"pattern\":\"number\"}},\"fadeout\":{\"type\":\"boolean\",\"title\":\"##Затухание##\",\"default\":false}}},\"tone_3\":{\"type\":\"object\",\"title\":\"##Третий тон##\",\"properties\":{\"tone\":{\"enum\":[0,1,2,3],\"type\":\"string\",\"title\":\"##Тон##\",\"widget\":\"select\",\"default\":0,\"enumNames\":[\"##Выключен##\",\"##Низкий##\",\"##Средний##\",\"##Высокий##\"]},\"duration\":{\"type\":\"string\",\"title\":\"##Длительность (мс)##\",\"default\":\"0\",\"validator\":{\"min\":0,\"max\":999999,\"minLength\":1,\"maxLength\":6,\"pattern\":\"number\"}},\"delay\":{\"type\":\"string\",\"title\":\"##Задержка (мс)##\",\"default\":\"0\",\"validator\":{\"min\":0,\"max\":999999,\"minLength\":1,\"maxLength\":6,\"pattern\":\"number\"}},\"fadeout\":{\"type\":\"boolean\",\"title\":\"##Затухание##\",\"default\":false}}}}}}}}},\"scan_card\":{\"type\":\"object\",\"title\":\"##Сканирование карты##\",\"widget\":\"section\",\"properties\":{\"color\":{\"type\":\"object\",\"title\":\"##Подсветка##\",\"widget\":\"section\",\"properties\":{\"counter\":{\"type\":\"string\",\"title\":\"##Количество повторов##\",\"default\":\"0\",\"validator\":{\"min\":0,\"max\":9999,\"minLength\":1,\"maxLength\":4,\"pattern\":\"number\"}},\"infinite\":{\"type\":\"boolean\",\"title\":\"##Бесконечно##\",\"default\":true,\"dependencies\":{\"true\":[{\"item\":\"parameters_suprema_settings.scan_card.color.counter\",\"props\":{\"disabled\":true}}]}},\"color_settings\":{\"type\":\"object\",\"title\":\"##Цвета##\",\"widget\":\"section\",\"properties\":{\"color_1\":{\"type\":\"object\",\"title\":\"##Первый цвет##\",\"properties\":{\"color\":{\"enum\":[0,1,2,3,4,5,6,7],\"type\":\"string\",\"title\":\"##Цвет##\",\"widget\":\"select\",\"default\":6,\"enumNames\":[\"##Выключен##\",\"##Красный##\",\"##Желтый##\",\"##Зеленый##\",\"##Голубой##\",\"##Синий##\",\"##Пурпурный##\",\"##Белый##\"]},\"duration\":{\"type\":\"string\",\"title\":\"##Длительность (мс)##\",\"default\":\"2500\",\"validator\":{\"min\":0,\"max\":999999,\"minLength\":1,\"maxLength\":6,\"pattern\":\"number\"}},\"delay\":{\"type\":\"string\",\"title\":\"##Задержка (мс)##\",\"default\":\"0\",\"validator\":{\"min\":0,\"max\":999999,\"minLength\":1,\"maxLength\":6,\"pattern\":\"number\"}}}},\"color_2\":{\"type\":\"object\",\"title\":\"##Второй цвет##\",\"properties\":{\"color\":{\"enum\":[0,1,2,3,4,5,6,7],\"type\":\"string\",\"title\":\"##Цвет##\",\"widget\":\"select\",\"default\":0,\"enumNames\":[\"##Выключен##\",\"##Красный##\",\"##Желтый##\",\"##Зеленый##\",\"##Голубой##\",\"##Синий##\",\"##Пурпурный##\",\"##Белый##\"]},\"duration\":{\"type\":\"string\",\"title\":\"##Длительность (мс)##\",\"default\":\"0\",\"validator\":{\"min\":0,\"max\":999999,\"minLength\":1,\"maxLength\":6,\"pattern\":\"number\"}},\"delay\":{\"type\":\"string\",\"title\":\"##Задержка (мс)##\",\"default\":\"0\",\"validator\":{\"min\":0,\"max\":999999,\"minLength\":1,\"maxLength\":6,\"pattern\":\"number\"}}}},\"color_3\":{\"type\":\"object\",\"title\":\"##Третий цвет##\",\"properties\":{\"color\":{\"enum\":[0,1,2,3,4,5,6,7],\"type\":\"string\",\"title\":\"##Цвет##\",\"widget\":\"select\",\"default\":0,\"enumNames\":[\"##Выключен##\",\"##Красный##\",\"##Желтый##\",\"##Зеленый##\",\"##Голубой##\",\"##Синий##\",\"##Пурпурный##\",\"##Белый##\"]},\"duration\":{\"type\":\"string\",\"title\":\"##Длительность (мс)##\",\"default\":\"0\",\"validator\":{\"min\":0,\"max\":999999,\"minLength\":1,\"maxLength\":6,\"pattern\":\"number\"}},\"delay\":{\"type\":\"string\",\"title\":\"##Задержка (мс)##\",\"default\":\"0\",\"validator\":{\"min\":0,\"max\":999999,\"minLength\":1,\"maxLength\":6,\"pattern\":\"number\"}}}}}}}},\"tone\":{\"type\":\"object\",\"title\":\"##Звук##\",\"widget\":\"section\",\"properties\":{\"counter\":{\"type\":\"string\",\"title\":\"##Количество повторов##\",\"default\":\"1\",\"validator\":{\"min\":0,\"max\":9999,\"minLength\":1,\"maxLength\":4,\"pattern\":\"number\"}},\"infinite\":{\"type\":\"boolean\",\"title\":\"##Бесконечно##\",\"default\":false,\"dependencies\":{\"true\":[{\"item\":\"parameters_suprema_settings.scan_card.tone.counter\",\"props\":{\"disabled\":true}}]}},\"tone_settings\":{\"type\":\"object\",\"title\":\"##Тональности##\",\"widget\":\"section\",\"properties\":{\"tone_1\":{\"type\":\"object\",\"title\":\"##Первый тон##\",\"properties\":{\"tone\":{\"enum\":[0,1,2,3],\"type\":\"string\",\"title\":\"##Тон##\",\"widget\":\"select\",\"default\":3,\"enumNames\":[\"##Выключен##\",\"##Низкий##\",\"##Средний##\",\"##Высокий##\"]},\"duration\":{\"type\":\"string\",\"title\":\"##Длительность (мс)##\",\"default\":\"100\",\"validator\":{\"min\":0,\"max\":999999,\"minLength\":1,\"maxLength\":6,\"pattern\":\"number\"}},\"delay\":{\"type\":\"string\",\"title\":\"##Задержка (мс)##\",\"default\":\"0\",\"validator\":{\"min\":0,\"max\":999999,\"minLength\":1,\"maxLength\":6,\"pattern\":\"number\"}},\"fadeout\":{\"type\":\"boolean\",\"title\":\"##Затухание##\",\"default\":false}}},\"tone_2\":{\"type\":\"object\",\"title\":\"##Второй тон##\",\"properties\":{\"tone\":{\"enum\":[0,1,2,3],\"type\":\"string\",\"title\":\"##Тон##\",\"widget\":\"select\",\"default\":0,\"enumNames\":[\"##Выключен##\",\"##Низкий##\",\"##Средний##\",\"##Высокий##\"]},\"duration\":{\"type\":\"string\",\"title\":\"##Длительность (мс)##\",\"default\":\"0\",\"validator\":{\"min\":0,\"max\":999999,\"minLength\":1,\"maxLength\":6,\"pattern\":\"number\"}},\"delay\":{\"type\":\"string\",\"title\":\"##Задержка (мс)##\",\"default\":\"0\",\"validator\":{\"min\":0,\"max\":999999,\"minLength\":1,\"maxLength\":6,\"pattern\":\"number\"}},\"fadeout\":{\"type\":\"boolean\",\"title\":\"##Затухание##\",\"default\":false}}},\"tone_3\":{\"type\":\"object\",\"title\":\"##Третий тон##\",\"properties\":{\"tone\":{\"enum\":[0,1,2,3],\"type\":\"string\",\"title\":\"##Тон##\",\"widget\":\"select\",\"default\":0,\"enumNames\":[\"##Выключен##\",\"##Низкий##\",\"##Средний##\",\"##Высокий##\"]},\"duration\":{\"type\":\"string\",\"title\":\"##Длительность (мс)##\",\"default\":\"0\",\"validator\":{\"min\":0,\"max\":999999,\"minLength\":1,\"maxLength\":6,\"pattern\":\"number\"}},\"delay\":{\"type\":\"string\",\"title\":\"##Задержка (мс)##\",\"default\":\"0\",\"validator\":{\"min\":0,\"max\":999999,\"minLength\":1,\"maxLength\":6,\"pattern\":\"number\"}},\"fadeout\":{\"type\":\"boolean\",\"title\":\"##Затухание##\",\"default\":false}}}}}}}}},\"auth_success\":{\"type\":\"object\",\"title\":\"##Идентификация успешна##\",\"widget\":\"section\",\"properties\":{\"color\":{\"type\":\"object\",\"title\":\"##Подсветка##\",\"widget\":\"section\",\"properties\":{\"counter\":{\"type\":\"string\",\"title\":\"##Количество повторов##\",\"default\":\"1\",\"validator\":{\"min\":0,\"max\":9999,\"minLength\":1,\"maxLength\":4,\"pattern\":\"number\"}},\"infinite\":{\"type\":\"boolean\",\"title\":\"##Бесконечно##\",\"default\":false,\"dependencies\":{\"true\":[{\"item\":\"parameters_suprema_settings.auth_success.color.counter\",\"props\":{\"disabled\":true}}]}},\"color_settings\":{\"type\":\"object\",\"title\":\"##Цвета##\",\"widget\":\"section\",\"properties\":{\"color_1\":{\"type\":\"object\",\"title\":\"##Первый цвет##\",\"properties\":{\"color\":{\"enum\":[0,1,2,3,4,5,6,7],\"type\":\"string\",\"title\":\"##Цвет##\",\"widget\":\"select\",\"default\":3,\"enumNames\":[\"##Выключен##\",\"##Красный##\",\"##Желтый##\",\"##Зеленый##\",\"##Голубой##\",\"##Синий##\",\"##Пурпурный##\",\"##Белый##\"]},\"duration\":{\"type\":\"string\",\"title\":\"##Длительность (мс)##\",\"default\":\"1000\",\"validator\":{\"min\":0,\"max\":999999,\"minLength\":1,\"maxLength\":6,\"pattern\":\"number\"}},\"delay\":{\"type\":\"string\",\"title\":\"##Задержка (мс)##\",\"default\":\"10\",\"validator\":{\"min\":0,\"max\":999999,\"minLength\":1,\"maxLength\":6,\"pattern\":\"number\"}}}},\"color_2\":{\"type\":\"object\",\"title\":\"##Второй цвет##\",\"properties\":{\"color\":{\"enum\":[0,1,2,3,4,5,6,7],\"type\":\"string\",\"title\":\"##Цвет##\",\"widget\":\"select\",\"default\":0,\"enumNames\":[\"##Выключен##\",\"##Красный##\",\"##Желтый##\",\"##Зеленый##\",\"##Голубой##\",\"##Синий##\",\"##Пурпурный##\",\"##Белый##\"]},\"duration\":{\"type\":\"string\",\"title\":\"##Длительность (мс)##\",\"default\":\"0\",\"validator\":{\"min\":0,\"max\":999999,\"minLength\":1,\"maxLength\":6,\"pattern\":\"number\"}},\"delay\":{\"type\":\"string\",\"title\":\"##Задержка (мс)##\",\"default\":\"0\",\"validator\":{\"min\":0,\"max\":999999,\"minLength\":1,\"maxLength\":6,\"pattern\":\"number\"}}}},\"color_3\":{\"type\":\"object\",\"title\":\"##Третий цвет##\",\"properties\":{\"color\":{\"enum\":[0,1,2,3,4,5,6,7],\"type\":\"string\",\"title\":\"##Цвет##\",\"widget\":\"select\",\"default\":0,\"enumNames\":[\"##Выключен##\",\"##Красный##\",\"##Желтый##\",\"##Зеленый##\",\"##Голубой##\",\"##Синий##\",\"##Пурпурный##\",\"##Белый##\"]},\"duration\":{\"type\":\"string\",\"title\":\"##Длительность (мс)##\",\"default\":\"0\",\"validator\":{\"min\":0,\"max\":999999,\"minLength\":1,\"maxLength\":6,\"pattern\":\"number\"}},\"delay\":{\"type\":\"string\",\"title\":\"##Задержка (мс)##\",\"default\":\"0\",\"validator\":{\"min\":0,\"max\":999999,\"minLength\":1,\"maxLength\":6,\"pattern\":\"number\"}}}}}}}},\"tone\":{\"type\":\"object\",\"title\":\"##Звук##\",\"widget\":\"section\",\"properties\":{\"counter\":{\"type\":\"string\",\"title\":\"##Количество повторов##\",\"default\":\"1\",\"validator\":{\"min\":0,\"max\":9999,\"minLength\":1,\"maxLength\":4,\"pattern\":\"number\"}},\"infinite\":{\"type\":\"boolean\",\"title\":\"##Бесконечно##\",\"default\":false,\"dependencies\":{\"true\":[{\"item\":\"parameters_suprema_settings.auth_success.tone.counter\",\"props\":{\"disabled\":true}}]}},\"tone_settings\":{\"type\":\"object\",\"title\":\"##Тональности##\",\"widget\":\"section\",\"properties\":{\"tone_1\":{\"type\":\"object\",\"title\":\"##Первый тон##\",\"properties\":{\"tone\":{\"enum\":[0,1,2,3],\"type\":\"string\",\"title\":\"##Тон##\",\"widget\":\"select\",\"default\":1,\"enumNames\":[\"##Выключен##\",\"##Низкий##\",\"##Средний##\",\"##Высокий##\"]},\"duration\":{\"type\":\"string\",\"title\":\"##Длительность (мс)##\",\"default\":\"200\",\"validator\":{\"min\":0,\"max\":999999,\"minLength\":1,\"maxLength\":6,\"pattern\":\"number\"}},\"delay\":{\"type\":\"string\",\"title\":\"##Задержка (мс)##\",\"default\":\"0\",\"validator\":{\"min\":0,\"max\":999999,\"minLength\":1,\"maxLength\":6,\"pattern\":\"number\"}},\"fadeout\":{\"type\":\"boolean\",\"title\":\"##Затухание##\",\"default\":true}}},\"tone_2\":{\"type\":\"object\",\"title\":\"##Второй тон##\",\"properties\":{\"tone\":{\"enum\":[0,1,2,3],\"type\":\"string\",\"title\":\"##Тон##\",\"widget\":\"select\",\"default\":2,\"enumNames\":[\"##Выключен##\",\"##Низкий##\",\"##Средний##\",\"##Высокий##\"]},\"duration\":{\"type\":\"string\",\"title\":\"##Длительность (мс)##\",\"default\":\"200\",\"validator\":{\"min\":0,\"max\":999999,\"minLength\":1,\"maxLength\":6,\"pattern\":\"number\"}},\"delay\":{\"type\":\"string\",\"title\":\"##Задержка (мс)##\",\"default\":\"0\",\"validator\":{\"min\":0,\"max\":999999,\"minLength\":1,\"maxLength\":6,\"pattern\":\"number\"}},\"fadeout\":{\"type\":\"boolean\",\"title\":\"##Затухание##\",\"default\":true}}},\"tone_3\":{\"type\":\"object\",\"title\":\"##Третий тон##\",\"properties\":{\"tone\":{\"enum\":[0,1,2,3],\"type\":\"string\",\"title\":\"##Тон##\",\"widget\":\"select\",\"default\":3,\"enumNames\":[\"##Выключен##\",\"##Низкий##\",\"##Средний##\",\"##Высокий##\"]},\"duration\":{\"type\":\"string\",\"title\":\"##Длительность (мс)##\",\"default\":\"1000\",\"validator\":{\"min\":0,\"max\":999999,\"minLength\":1,\"maxLength\":6,\"pattern\":\"number\"}},\"delay\":{\"type\":\"string\",\"title\":\"##Задержка (мс)##\",\"default\":\"0\",\"validator\":{\"min\":0,\"max\":999999,\"minLength\":1,\"maxLength\":6,\"pattern\":\"number\"}},\"fadeout\":{\"type\":\"boolean\",\"title\":\"##Затухание##\",\"default\":true}}}}}}}}},\"auth_fail\":{\"type\":\"object\",\"title\":\"##Ошибка идентификации##\",\"widget\":\"section\",\"properties\":{\"color\":{\"type\":\"object\",\"title\":\"##Подсветка##\",\"widget\":\"section\",\"properties\":{\"counter\":{\"type\":\"string\",\"title\":\"##Количество повторов##\",\"default\":\"1\",\"validator\":{\"min\":0,\"max\":9999,\"minLength\":1,\"maxLength\":4,\"pattern\":\"number\"}},\"infinite\":{\"type\":\"boolean\",\"title\":\"##Бесконечно##\",\"default\":false,\"dependencies\":{\"true\":[{\"item\":\"parameters_suprema_settings.auth_fail.color.counter\",\"props\":{\"disabled\":true}}]}},\"color_settings\":{\"type\":\"object\",\"title\":\"##Цвета##\",\"widget\":\"section\",\"properties\":{\"color_1\":{\"type\":\"object\",\"title\":\"##Первый цвет##\",\"properties\":{\"color\":{\"enum\":[0,1,2,3,4,5,6,7],\"type\":\"string\",\"title\":\"##Цвет##\",\"widget\":\"select\",\"default\":1,\"enumNames\":[\"##Выключен##\",\"##Красный##\",\"##Желтый##\",\"##Зеленый##\",\"##Голубой##\",\"##Синий##\",\"##Пурпурный##\",\"##Белый##\"]},\"duration\":{\"type\":\"string\",\"title\":\"##Длительность (мс)##\",\"default\":\"1000\",\"validator\":{\"min\":0,\"max\":999999,\"minLength\":1,\"maxLength\":6,\"pattern\":\"number\"}},\"delay\":{\"type\":\"string\",\"title\":\"##Задержка (мс)##\",\"default\":\"10\",\"validator\":{\"min\":0,\"max\":999999,\"minLength\":1,\"maxLength\":6,\"pattern\":\"number\"}}}},\"color_2\":{\"type\":\"object\",\"title\":\"##Второй цвет##\",\"properties\":{\"color\":{\"enum\":[0,1,2,3,4,5,6,7],\"type\":\"string\",\"title\":\"##Цвет##\",\"widget\":\"select\",\"default\":0,\"enumNames\":[\"##Выключен##\",\"##Красный##\",\"##Желтый##\",\"##Зеленый##\",\"##Голубой##\",\"##Синий##\",\"##Пурпурный##\",\"##Белый##\"]},\"duration\":{\"type\":\"string\",\"title\":\"##Длительность (мс)##\",\"default\":\"0\",\"validator\":{\"min\":0,\"max\":999999,\"minLength\":1,\"maxLength\":6,\"pattern\":\"number\"}},\"delay\":{\"type\":\"string\",\"title\":\"##Задержка (мс)##\",\"default\":\"0\",\"validator\":{\"min\":0,\"max\":999999,\"minLength\":1,\"maxLength\":6,\"pattern\":\"number\"}}}},\"color_3\":{\"type\":\"object\",\"title\":\"##Третий цвет##\",\"properties\":{\"color\":{\"enum\":[0,1,2,3,4,5,6,7],\"type\":\"string\",\"title\":\"##Цвет##\",\"widget\":\"select\",\"default\":0,\"enumNames\":[\"##Выключен##\",\"##Красный##\",\"##Желтый##\",\"##Зеленый##\",\"##Голубой##\",\"##Синий##\",\"##Пурпурный##\",\"##Белый##\"]},\"duration\":{\"type\":\"string\",\"title\":\"##Длительность (мс)##\",\"default\":\"0\",\"validator\":{\"min\":0,\"max\":999999,\"minLength\":1,\"maxLength\":6,\"pattern\":\"number\"}},\"delay\":{\"type\":\"string\",\"title\":\"##Задержка (мс)##\",\"default\":\"0\",\"validator\":{\"min\":0,\"max\":999999,\"minLength\":1,\"maxLength\":6,\"pattern\":\"number\"}}}}}}}},\"tone\":{\"type\":\"object\",\"title\":\"##Звук##\",\"widget\":\"section\",\"properties\":{\"counter\":{\"type\":\"string\",\"title\":\"##Количество повторов##\",\"default\":\"1\",\"validator\":{\"min\":0,\"max\":9999,\"minLength\":1,\"maxLength\":4,\"pattern\":\"number\"}},\"infinite\":{\"type\":\"boolean\",\"title\":\"##Бесконечно##\",\"default\":false,\"dependencies\":{\"true\":[{\"item\":\"parameters_suprema_settings.auth_fail.tone.counter\",\"props\":{\"disabled\":true}}]}},\"tone_settings\":{\"type\":\"object\",\"title\":\"##Тональности##\",\"widget\":\"section\",\"properties\":{\"tone_1\":{\"type\":\"object\",\"title\":\"##Первый тон##\",\"properties\":{\"tone\":{\"enum\":[0,1,2,3],\"type\":\"string\",\"title\":\"##Тон##\",\"widget\":\"select\",\"default\":3,\"enumNames\":[\"##Выключен##\",\"##Низкий##\",\"##Средний##\",\"##Высокий##\"]},\"duration\":{\"type\":\"string\",\"title\":\"##Длительность (мс)##\",\"default\":\"100\",\"validator\":{\"min\":0,\"max\":999999,\"minLength\":1,\"maxLength\":6,\"pattern\":\"number\"}},\"delay\":{\"type\":\"string\",\"title\":\"##Задержка (мс)##\",\"default\":\"2\",\"validator\":{\"min\":0,\"max\":999999,\"minLength\":1,\"maxLength\":6,\"pattern\":\"number\"}},\"fadeout\":{\"type\":\"boolean\",\"title\":\"##Затухание##\",\"default\":false}}},\"tone_2\":{\"type\":\"object\",\"title\":\"##Второй тон##\",\"properties\":{\"tone\":{\"enum\":[0,1,2,3],\"type\":\"string\",\"title\":\"##Тон##\",\"widget\":\"select\",\"default\":3,\"enumNames\":[\"##Выключен##\",\"##Низкий##\",\"##Средний##\",\"##Высокий##\"]},\"duration\":{\"type\":\"string\",\"title\":\"##Длительность (мс)##\",\"default\":\"100\",\"validator\":{\"min\":0,\"max\":999999,\"minLength\":1,\"maxLength\":6,\"pattern\":\"number\"}},\"delay\":{\"type\":\"string\",\"title\":\"##Задержка (мс)##\",\"default\":\"2\",\"validator\":{\"min\":0,\"max\":999999,\"minLength\":1,\"maxLength\":6,\"pattern\":\"number\"}},\"fadeout\":{\"type\":\"boolean\",\"title\":\"##Затухание##\",\"default\":false}}},\"tone_3\":{\"type\":\"object\",\"title\":\"##Третий тон##\",\"properties\":{\"tone\":{\"enum\":[0,1,2,3],\"type\":\"string\",\"title\":\"##Тон##\",\"widget\":\"select\",\"default\":3,\"enumNames\":[\"##Выключен##\",\"##Низкий##\",\"##Средний##\",\"##Высокий##\"]},\"duration\":{\"type\":\"string\",\"title\":\"##Длительность (мс)##\",\"default\":\"100\",\"validator\":{\"min\":0,\"max\":999999,\"minLength\":1,\"maxLength\":6,\"pattern\":\"number\"}},\"delay\":{\"type\":\"string\",\"title\":\"##Задержка (мс)##\",\"default\":\"2\",\"validator\":{\"min\":0,\"max\":999999,\"minLength\":1,\"maxLength\":6,\"pattern\":\"number\"}},\"fadeout\":{\"type\":\"boolean\",\"title\":\"##Затухание##\",\"default\":false}}}}}}}}}}}'),(6,'network',NULL,'{\"type\":\"object\",\"widget\":\"section\",\"expandable\":true,\"title\":\"##Сеть##\",\"properties\":{\"ip_address\":{\"type\":\"string\",\"title\":\"##IP-адрес##\",\"default\":\"\",\"validator\":{\"pattern\":\"ip-address\"}},\"subnet_mask\":{\"type\":\"string\",\"title\":\"##Маска подсети##\",\"default\":\"\",\"validator\":{\"pattern\":\"ip-address\"}},\"gateway\":{\"type\":\"string\",\"title\":\"##IP-адрес шлюза##\",\"default\":\"\",\"validator\":{\"pattern\":\"ip-address\"}},\"mac_address\":{\"type\":\"string\",\"title\":\"##MAC-адрес##\",\"readonly\":true,\"default\":\"\"}}}'),(7,'settings',NULL,'{\"type\": \"object\", \"widget\": \"section\", \"title\": \"##Разное##\", \"properties\": {\"is_web_interface\": {\"type\": \"boolean\", \"title\": \"##Доступ к Web-интерфейсу##\", \"default\": false}, \"firmware_version\": {\"type\": \"string\", \"title\": \"##Версия прошивки##\", \"default\": \"\", \"readonly\": true}, \"time_zone\": {\"type\": \"string\", \"title\": \"##Коррекция времени относительно сервера системы (час)##\", \"default\": \"0\", \"validator\": {\"pattern\": \"number-neg-pos\", \"min\": -12, \"max\": 12}}}}'),(8,'hw_state',NULL,'{\"type\":\"object\",\"widget\":\"section\",\"title\":\"##Состояние##\",\"properties\":{\"plc_connect_state\":{\"type\":\"object\",\"widget\":\"section\",\"title\":\"##Состояние соединения с контроллером##\",\"properties\":{\"state\":{\"type\":\"string\",\"widget\":\"select\",\"enum\":[0,1,2,3,4],\"enumNames\":[\"##Не определено##\",\"##Работает##\",\"##Подключение##\",\"##Нет связи##\",\"##Ошибка пароля##\"],\"title\":\"##Состояние соединения с контроллером##\",\"readonly\":true},\"state_error\":{\"type\":\"string\",\"widget\":\"select\",\"enum\":[255,0,1,2,3,4,5,6,7,8,9,10,11,12,13,14,16,32,33,34,35,48,49,50,51,52,53,54,55,56,57,58,59,60,62,63,64,128],\"enumNames\":[\"##0xFF Команда ещё не выполнена или принудительно удалена из очереди сервером оборудования##\",\"##0x00 Нет ошибки##\",\"##0x01 Неверное семейство команды##\",\"##0x02 Неверный тип команды##\",\"##0x03 Неверный параметр команды##\",\"##0x04 Неверный тип ресурса##\",\"##0x05 Неверный номер ресурса##\",\"##0x06 Переполнение при записи##\",\"##0x07 Ошибка поллинга I2C##\",\"##0x08 Ошибка I2C - нет ответа на передачу адреса##\",\"##0x09 Ошибка I2C - нет ответа на передачу данных##\",\"##0x0A Ошибка чтения таймера##\",\"##0x0B Ошибка записи в DATAFLASH##\",\"##0x0C Ошибка CRC в DATAFLASH##\",\"##0x0D Ошибка занятости в DATAFLASH##\",\"##0x0E Неисправность контроллера##\",\"##0x10 Отклонение запроса на регистрацию вер-го/инд-го уст-ва##\",\"##0x20 Ошибка передачи адреса##\",\"##0x21 Ошибка передачи данных##\",\"##0x22 Ошибка приёма данных##\",\"##0x23 Неисправность линии##\",\"##0x30 Ошибка управления - отсутствует конфигурация##\",\"##0x31 Ошибка разблокировки, происходит обработка кода карты##\",\"##0x32 Ошибка - датчик прохода в неопределённом состоянии##\",\"##0x33 Ошибка - попытка установки РКД \\\"Охрана\\\"##\",\"##0x34 Невалидная команда##\",\"##0x35 Ошибка управления - несоответствие типа ресурса##\",\"##0x36 Ошибка конфигурации - группа на охране или в тревоге##\",\"##0x37 Ошибка конфигурации - ресурс на охране или в тревоге##\",\"##0x38 Ошибка управления - ресурс на охране##\",\"##0x39 Ошибка управления - ресурс ставиться охрану##\",\"##0x3A Ошибка управления/конф-и - контроллер форматируется##\",\"##0x3B Ошибка - отсутствие конф-и##\",\"##0x3C Ошибка управления выходом оповещения - КЗ выхода##\",\"##0x3E Ошибка конфигурации CL201##\",\"##0x3F Ошибка батареи часов##\",\"##0x40 Ошибка часов##\",\"##0x80 Ошибка пароля##\"],\"title\":\"##Код возврата команды подключения##\",\"readonly\":true}}},\"public_state\":{\"type\":\"object\",\"widget\":\"section\",\"title\":\"##Общее состояние##\",\"properties\":{\"public_state1\":{\"type\":\"string\",\"widget\":\"select\",\"enum\":[1,0],\"enumNames\":[\"##Да##\",\"##Нет##\"],\"title\":\"##тихая тревога - ОПС##\",\"readonly\":true},\"public_state2\":{\"type\":\"string\",\"widget\":\"select\",\"enum\":[0,1],\"enumNames\":[\"##исправен##\",\"##неисправен##\"],\"title\":\"##неисправность ИП##\",\"readonly\":true}}},\"test_mode_settings\":{\"type\":\"object\",\"widget\":\"section\",\"title\":\"##Режим тестирования прибора##\",\"properties\":{\"test_mode\":{\"type\":\"string\",\"widget\":\"select\",\"enum\":[0,1,2,3],\"enumNames\":[\"##рабочий (дежурный)##\",\"##тестирования##\",\"##тестирования ШС##\",\"##форматирование памяти прибора##\"],\"title\":\"##Режим##\",\"readonly\":true}}},\"apparat_state\":{\"type\":\"object\",\"widget\":\"section\",\"title\":\"##Аппаратное состояние##\",\"properties\":{\"apparat_state_word\":{\"type\":\"string\",\"widget\":\"select\",\"enum\":[0,1],\"enumNames\":[\"##Да##\",\"##Нет##\"],\"title\":\"##исправность встроенного источника питания ШС 18 В##\",\"readonly\":true}}},\"$$childAlarmsForState\":\"$$\",\"output_state_notify\":{\"type\":\"object\",\"widget\":\"section\",\"title\":\"##Состояние выхода оповещения №1##\",\"properties\":{\"output_state_notify1\":{\"type\":\"string\",\"widget\":\"select\",\"enum\":[0,1,2],\"enumNames\":[\"##норма##\",\"##КЗ##\",\"##Обрыв##\"],\"title\":\"##Состояние выхода оповещения №1 (исправность / неисправность)##\",\"readonly\":true}}},\"$$allOutputsState\":\"$$\",\"$$allInputsState\":\"$$\",\"shs1\":{\"type\":\"object\",\"widget\":\"section\",\"title\":\"##Состояние ШС (Шина Сигнализации) №1##\",\"properties\":{\"shs1_state\":{\"type\":\"string\",\"widget\":\"select\",\"enum\":[0,1,2],\"enumNames\":[\"##неопределено##\",\"##резерв##\",\"##охранный##\"],\"title\":\"##Тип шлейфа##\",\"readonly\":true}}},\"shs2\":{\"type\":\"object\",\"widget\":\"section\",\"title\":\"##Состояние ШС (Шина Сигнализации) №2##\",\"properties\":{\"shs2_state\":{\"type\":\"string\",\"widget\":\"select\",\"enum\":[0,1,2],\"enumNames\":[\"##неопределено##\",\"##резерв##\",\"##охранный##\"],\"title\":\"##Тип шлейфа##\",\"readonly\":true}}},\"sys_state_input\":{\"type\":\"object\",\"widget\":\"section\",\"title\":\"##Состояния служебных входов (конфигурационных перемычек)##\",\"properties\":{\"sys_state_input_state\":{\"type\":\"object\",\"widget\":\"container\",\"title\":\"##для каждого бита значение 0 – низкий логический уровень на входе / 1 – высокий логический уровень на входе##\",\"properties\":{\"ip_mode\":{\"type\":\"string\",\"widget\":\"select\",\"enum\":[0,1],\"enumNames\":[\"##Низкий##\",\"##высокий##\"],\"title\":\"##Перемычка IP_MODE##\",\"readonly\":true,\"default\":0},\"ip_default\":{\"type\":\"string\",\"widget\":\"select\",\"enum\":[0,1],\"enumNames\":[\"##Низкий##\",\"##высокий##\"],\"title\":\"##Перемычка IP_DEFAULT##\",\"readonly\":true,\"default\":0},\"xp3_1\":{\"type\":\"string\",\"widget\":\"select\",\"enum\":[0,1],\"enumNames\":[\"##Низкий##\",\"##высокий##\"],\"title\":\"##Перемычка XP 3.1##\",\"readonly\":true,\"default\":0},\"xp3_2\":{\"type\":\"string\",\"widget\":\"select\",\"enum\":[0,1],\"enumNames\":[\"##Низкий##\",\"##высокий##\"],\"title\":\"##Перемычка XP 3.2##\",\"readonly\":true,\"default\":0},\"xp3_3\":{\"type\":\"string\",\"widget\":\"select\",\"enum\":[0,1],\"enumNames\":[\"##Низкий##\",\"##высокий##\"],\"title\":\"##Перемычка XP 3.3##\",\"readonly\":true,\"default\":0}}}}}}}'),(9,'lock_type_7',NULL,'{\"parent_schema\":\"lock\",\"properties\":{\"change_zone\":{\"type\":\"boolean\",\"title\":\"##Смена зоны при проходе##\",\"default\":false},\"fire_alarm_in_guard\":{\"type\":\"boolean\",\"title\":\"##Fire Alarm в режиме работы \\\"Охрана\\\"##\",\"default\":false},\"normal_direction\":{\"type\":\"boolean\",\"title\":\"##Прямое направление прохода##\",\"default\":true,\"visible\":false}}}'),(10,'output_type_12',NULL,'{\"type\":\"object\",\"widget\":\"section\",\"title\":\"##Дополнительный вывод##\",\"properties\":{\"command\":{\"type\":\"object\",\"widget\":\"commands\",\"title\":\"##Команды управления выходом##\",\"properties\":{\"normalize\":{\"type\":\"object\",\"command_type\":\"2\",\"command_value\":\"0\",\"widget\":\"button\",\"title\":\"##Нормализовать##\"},\"activate\":{\"type\":\"object\",\"command_type\":\"2\",\"command_value\":\"1\",\"widget\":\"button\",\"title\":\"##Активизировать##\",\"command_param\":{\"type\":\"object\",\"widget\":\"combotime\",\"title\":\"##Время активизации##\",\"properties\":{\"selector\":{\"type\":\"select\",\"widget\":\"select\",\"enum\":[0,1,2],\"enumNames\":[\"##Миллисекунды##\",\"##Секунды##\",\"##Бесконечность##\"],\"default\":1,\"dependencies\":{\"0\":[{\"item\":\"select\",\"props\":{\"visible\":true}}],\"1\":[{\"item\":\"input\",\"props\":{\"visible\":true}}]}},\"input\":{\"type\":\"string\",\"default\":5,\"validator\":{\"pattern\":\"number\",\"min\":1,\"max\":251}},\"select\":{\"type\":\"string\",\"widget\":\"select\",\"enum\":[0,1,2],\"enumNames\":[\"250\",\"500\",\"750\"],\"default\":0}}}}}},\"type\":{\"type\":\"string\",\"widget\":\"select\",\"enum\":[0,1,2,5,4],\"enumNames\":[\"##Нет##\",\"##Обычный выход##\",\"##Генератор тревоги##\",\"##Вход Fire Alarm##\",\"##Синхронизирующий вход/выход##\"],\"title\":\"##Тип##\",\"default\":0,\"dependencies\":{\"1\":[{\"item\":\"$$selfLink$$.normal_state\",\"props\":{\"visible\":true}},{\"item\":\"$$selfLink$$.command\",\"props\":{\"visible\":true}}],\"2\":[{\"item\":\"$$selfLink$$.normal_state\",\"props\":{\"visible\":true}},{\"item\":\"$$selfLink$$.program_time\",\"props\":{\"visible\":true}}],\"5\":[{\"item\":\"$$selfLink$$.normal_state\",\"props\":{\"visible\":true}}]}},\"normal_state\":{\"type\":\"string\",\"widget\":\"select\",\"title\":\"##Нормальное состояние##\",\"enum\":[0,1],\"enumNames\":[\"##Не запитан##\",\"##Запитан##\"],\"default\":0},\"program_time\":{\"type\":\"object\",\"widget\":\"combotime\",\"title\":\"##Время активизации##\",\"properties\":{\"selector\":{\"type\":\"select\",\"widget\":\"select\",\"enum\":[0,1,2],\"enumNames\":[\"##Миллисекунды##\",\"##Секунды##\",\"##Бесконечность##\"],\"default\":1,\"dependencies\":{\"0\":[{\"item\":\"$$selfLink$$.program_time.select\",\"props\":{\"visible\":true}}],\"1\":[{\"item\":\"$$selfLink$$.program_time.input\",\"props\":{\"visible\":true}}]}},\"input\":{\"type\":\"string\",\"default\":\"1\",\"validator\":{\"pattern\":\"number\",\"min\":1,\"max\":251}},\"select\":{\"type\":\"string\",\"widget\":\"select\",\"enum\":[0,1,2],\"enumNames\":[\"250\",\"500\",\"750\"],\"default\":0}}}}}'),(11,'reader_type_5','CL05','{\"parent_schema\":\"reader\",\"properties\":{\"staff_antipass\":{\"properties\":{\"guard_mode\":{\"type\":\"antipass\",\"title\":\"##В РЕЖИМЕ РАБОТЫ \\\"Охрана\\\"##\",\"default\":0}}},\"time_control_staff\":{\"properties\":{\"guard_mode\":{\"type\":\"antipass\",\"title\":\"##В РЕЖИМЕ РАБОТЫ \\\"Охрана\\\"##\",\"default\":0}}},\"outputs_activated_unlocking_iu\":{\"type\":\"section\",\"title\":\"##Дополнительные выходы, активизируемые при разблокировке ИУ##\",\"properties\":{\"time_prop\":{\"type\":\"string\",\"widget\":\"select\",\"enum\":[0,1,2,3],\"enumNames\":[\"##Не задано##\",\"##На время срабатывания##\",\"##На указанное время##\",\"##На время срабатывания и после срабатывания##\"],\"title\":\"##Критерий активизации##\",\"default\":0,\"dependencies\":{\"0\":[{\"item\":\"$$selfLink$$.outputs_activated_unlocking_iu.outputs\",\"props\":{\"visible\":false}}],\"2\":[{\"item\":\"$$selfLink$$.outputs_activated_unlocking_iu.time\",\"props\":{\"visible\":true}}],\"3\":[{\"item\":\"$$selfLink$$.outputs_activated_unlocking_iu.time\",\"props\":{\"visible\":true}},{\"item\":\"$$selfLink$$.outputs_activated_unlocking_iu.time.selector\",\"props\":{\"enum\":[0,1],\"enumNames\":[\"##Миллисекунды##\",\"##Секунды##\"],\"default\":1}}]}},\"time\":{\"type\":\"object\",\"widget\":\"combotime\",\"title\":\"##Время##\",\"properties\":{\"selector\":{\"type\":\"select\",\"widget\":\"select\",\"enum\":[0,1,2],\"enumNames\":[\"##Миллисекунды##\",\"##Секунды##\",\"##Бесконечность##\"],\"default\":1,\"dependencies\":{\"0\":[{\"item\":\"$$selfLink$$.outputs_activated_unlocking_iu.time.select\",\"props\":{\"visible\":true}}],\"1\":[{\"item\":\"$$selfLink$$.outputs_activated_unlocking_iu.time.input\",\"props\":{\"visible\":true}}]}},\"input\":{\"type\":\"string\",\"default\":1,\"validator\":{\"pattern\":\"number\",\"min\":1,\"max\":251}},\"select\":{\"type\":\"string\",\"widget\":\"select\",\"enum\":[0,1,2],\"enumNames\":[\"250\",\"500\",\"750\"],\"default\":0}}},\"outputs\":{\"type\":\"object\",\"widget\":\"container\",\"title\":\"\",\"properties\":{\"output1\":{\"type\":\"boolean\",\"title\":\"##Дополнительный выход##\",\"default\":false}}}}},\"outputs_normalize_unlocking_iu\":{\"type\":\"section\",\"title\":\"##Дополнительные выходы, нормализируемые при разблокировке ИУ##\",\"properties\":{\"time_prop\":{\"type\":\"string\",\"widget\":\"select\",\"enum\":[0,1,2,3],\"enumNames\":[\"##Не задано##\",\"##На время срабатывания##\",\"##На указанное время##\",\"##На время срабатывания и после срабатывания##\"],\"title\":\"##Критерий активизации##\",\"default\":0,\"dependencies\":{\"0\":[{\"item\":\"$$selfLink$$.outputs_normalize_unlocking_iu.outputs\",\"props\":{\"visible\":false}}],\"2\":[{\"item\":\"$$selfLink$$.outputs_normalize_unlocking_iu.time\",\"props\":{\"visible\":true}}],\"3\":[{\"item\":\"$$selfLink$$.outputs_normalize_unlocking_iu.time\",\"props\":{\"visible\":true}},{\"item\":\"$$selfLink$$.outputs_normalize_unlocking_iu.time.selector\",\"props\":{\"enum\":[0,1],\"enumNames\":[\"##Миллисекунды##\",\"##Секунды##\"],\"default\":1}}]}},\"time\":{\"type\":\"object\",\"widget\":\"combotime\",\"title\":\"##Время##\",\"properties\":{\"selector\":{\"type\":\"select\",\"widget\":\"select\",\"enum\":[0,1,2],\"enumNames\":[\"##Миллисекунды##\",\"##Секунды##\",\"##Бесконечность##\"],\"default\":1,\"dependencies\":{\"0\":[{\"item\":\"$$selfLink$$.outputs_normalize_unlocking_iu.time.select\",\"props\":{\"visible\":true}}],\"1\":[{\"item\":\"$$selfLink$$.outputs_normalize_unlocking_iu.time.input\",\"props\":{\"visible\":true}}]}},\"input\":{\"type\":\"string\",\"default\":5,\"validator\":{\"pattern\":\"number\",\"min\":1,\"max\":251}},\"select\":{\"type\":\"string\",\"widget\":\"select\",\"enum\":[0,1,2],\"enumNames\":[\"250\",\"500\",\"750\"],\"default\":0}}},\"outputs\":{\"type\":\"object\",\"widget\":\"container\",\"title\":\"\",\"properties\":{\"output1\":{\"type\":\"boolean\",\"title\":\"##Дополнительный выход##\",\"default\":false}}}}},\"outputs_activated_staff\":{\"type\":\"section\",\"title\":\"##Дополнительные выходы, активизируемые при предъявлении валидных идентификаторов СОТРУДНИКОВ##\",\"properties\":{\"time_prop\":{\"type\":\"string\",\"widget\":\"select\",\"enum\":[0,1,2,3],\"enumNames\":[\"##Не задано##\",\"##На время срабатывания##\",\"##На указанное время##\",\"##На время срабатывания и после срабатывания##\"],\"title\":\"##Критерий активизации##\",\"default\":0,\"dependencies\":{\"0\":[{\"item\":\"$$selfLink$$.outputs_activated_staff.outputs\",\"props\":{\"visible\":false}}],\"2\":[{\"item\":\"$$selfLink$$.outputs_activated_staff.time\",\"props\":{\"visible\":true}}],\"3\":[{\"item\":\"$$selfLink$$.outputs_activated_staff.time\",\"props\":{\"visible\":true}},{\"item\":\"$$selfLink$$.outputs_activated_staff.time.selector\",\"props\":{\"enum\":[0,1],\"enumNames\":[\"##Миллисекунды##\",\"##Секунды##\"],\"default\":1}}]}},\"time\":{\"type\":\"object\",\"widget\":\"combotime\",\"title\":\"##Время##\",\"properties\":{\"selector\":{\"type\":\"select\",\"widget\":\"select\",\"enum\":[0,1,2],\"enumNames\":[\"##Миллисекунды##\",\"##Секунды##\",\"##Бесконечность##\"],\"default\":1,\"dependencies\":{\"0\":[{\"item\":\"$$selfLink$$.outputs_activated_staff.time.select\",\"props\":{\"visible\":true}}],\"1\":[{\"item\":\"$$selfLink$$.outputs_activated_staff.time.input\",\"props\":{\"visible\":true}}]}},\"input\":{\"type\":\"string\",\"default\":5,\"validator\":{\"pattern\":\"number\",\"min\":1,\"max\":251}},\"select\":{\"type\":\"string\",\"widget\":\"select\",\"enum\":[0,1,2],\"enumNames\":[\"250\",\"500\",\"750\"],\"default\":0}}},\"outputs\":{\"type\":\"object\",\"widget\":\"container\",\"title\":\"\",\"properties\":{\"output1\":{\"type\":\"boolean\",\"title\":\"##Дополнительный выход##\",\"default\":false}}}}},\"outputs_activated_visitor\":{\"type\":\"section\",\"title\":\"##Дополнительные выходы, активизируемые при предъявлении валидных идентификаторов ПОСЕТИТЕЛЕЙ##\",\"properties\":{\"time_prop\":{\"type\":\"string\",\"widget\":\"select\",\"enum\":[0,1,2,3],\"enumNames\":[\"##Не задано##\",\"##На время срабатывания##\",\"##На указанное время##\",\"##На время срабатывания и после срабатывания##\"],\"title\":\"##Критерий активизации##\",\"default\":0,\"dependencies\":{\"0\":[{\"item\":\"$$selfLink$$.outputs_activated_visitor.outputs\",\"props\":{\"visible\":false}}],\"2\":[{\"item\":\"$$selfLink$$.outputs_activated_visitor.time\",\"props\":{\"visible\":true}}],\"3\":[{\"item\":\"$$selfLink$$.outputs_activated_visitor.time\",\"props\":{\"visible\":true}},{\"item\":\"$$selfLink$$.outputs_activated_visitor.time.selector\",\"props\":{\"enum\":[0,1],\"enumNames\":[\"##Миллисекунды##\",\"##Секунды##\"],\"default\":1}}]}},\"time\":{\"type\":\"object\",\"widget\":\"combotime\",\"title\":\"##Время##\",\"properties\":{\"selector\":{\"type\":\"select\",\"title\":\"\",\"widget\":\"select\",\"enum\":[0,1,2],\"enumNames\":[\"##Миллисекунды##\",\"##Секунды##\",\"##Бесконечность##\"],\"default\":1,\"dependencies\":{\"0\":[{\"item\":\"$$selfLink$$.outputs_activated_visitor.time.select\",\"props\":{\"visible\":true}}],\"1\":[{\"item\":\"$$selfLink$$.outputs_activated_visitor.time.input\",\"props\":{\"visible\":true}}]}},\"input\":{\"type\":\"string\",\"default\":5,\"validator\":{\"pattern\":\"number\",\"min\":1,\"max\":251}},\"select\":{\"type\":\"string\",\"widget\":\"select\",\"enum\":[0,1,2],\"enumNames\":[\"250\",\"500\",\"750\"],\"default\":0}}},\"outputs\":{\"type\":\"object\",\"widget\":\"container\",\"title\":\"\",\"properties\":{\"output1\":{\"type\":\"boolean\",\"title\":\"##Дополнительный выход##\",\"default\":false}}}}}}}'),(12,'alarm_gen_type_7',NULL,'{\"parent_schema\":\"alarm_gen\"}'),(13,'device_type_cl05',NULL,'{\"0\":{\"is_hub\":0,\"resources\":{\"network\":{\"type\":1},\"hw_state\":{\"type\":1},\"settings\":{\"type\":1},\"connection\":{\"type\":1}}},\"1\":{\"resources\":{\"alarm_gen\":{\"type\":7},\"lock\":{\"type\":7},\"output\":{\"1\":{\"type\":12}},\"reader\":{\"type\":5}},\"comission_card_count\":192}}'),(14,'device_type_cl05_0',NULL,'{\"0\":{\"is_hub\":0,\"is_active\":1,\"resources\":{\"network\":{\"type\":1},\"hw_state\":{\"type\":1},\"settings\":{\"type\":1},\"connection\":{\"type\":1}}},\"1\":{\"is_active\":1,\"resources\":{\"alarm_gen\":{\"type\":7},\"lock\":{\"type\":5},\"output\":{\"1\":{\"type\":11}},\"reader\":{\"type\":5}},\"comission_card_count\":192}}'),(15,'lock_type_5',NULL,'{\"parent_schema\":\"lock\"}'),(16,'output_type_11',NULL,'{\"type\":\"object\",\"widget\":\"section\",\"title\":\"##Дополнительный выход##\",\"properties\":{\"command_control\":{\"type\":\"object\",\"widget\":\"commands\",\"title\":\"##Команды управления выходом##\",\"properties\":{\"normalize\":{\"type\":\"object\",\"command_type\":\"2\",\"command_value\":\"0\",\"widget\":\"button\",\"title\":\"##Нормализовать##\"},\"activate\":{\"type\":\"object\",\"command_type\":\"2\",\"command_value\":\"1\",\"widget\":\"button\",\"title\":\"##Активизировать##\",\"command_param\":{\"type\":\"object\",\"widget\":\"combotime\",\"title\":\"##Время активизации##\",\"properties\":{\"selector\":{\"type\":\"select\",\"widget\":\"select\",\"enum\":[0,1,2],\"enumNames\":[\"##Миллисекунды##\",\"##Секунды##\",\"##Бесконечность##\"],\"default\":1,\"dependencies\":{\"0\":[{\"item\":\"select\",\"props\":{\"visible\":true}}],\"1\":[{\"item\":\"input\",\"props\":{\"visible\":true}}]}},\"input\":{\"type\":\"string\",\"default\":5,\"validator\":{\"pattern\":\"number\",\"min\":1,\"max\":251}},\"select\":{\"type\":\"string\",\"widget\":\"select\",\"enum\":[0,1,2],\"enumNames\":[\"250\",\"500\",\"750\"],\"default\":0}}}}}},\"type\":{\"type\":\"string\",\"widget\":\"select\",\"enum\":[0,1,2],\"enumNames\":[\"##Нет##\",\"##Обычный выход##\",\"##Генератор тревоги##\"],\"title\":\"##Тип##\",\"default\":0,\"dependencies\":{\"1\":[{\"item\":\"$$selfLink$$.normal_state\",\"props\":{\"visible\":true}},{\"item\":\"$$selfLink$$.command_control\",\"props\":{\"visible\":true}}],\"2\":[{\"item\":\"$$selfLink$$.normal_state\",\"props\":{\"visible\":true}},{\"item\":\"$$selfLink$$.program_time\",\"props\":{\"visible\":true}}]}},\"normal_state\":{\"type\":\"string\",\"widget\":\"select\",\"title\":\"##Нормальное состояние##\",\"enum\":[0,1],\"enumNames\":[\"##Не запитан##\",\"##Запитан##\"],\"default\":0},\"program_time\":{\"type\":\"object\",\"widget\":\"combotime\",\"title\":\"##Время активизации##\",\"properties\":{\"selector\":{\"type\":\"select\",\"widget\":\"select\",\"enum\":[0,1,2],\"enumNames\":[\"##Миллисекунды##\",\"##Секунды##\",\"##Бесконечность##\"],\"default\":1,\"dependencies\":{\"0\":[{\"item\":\"$$selfLink$$.program_time.select\",\"props\":{\"visible\":true}}],\"1\":[{\"item\":\"$$selfLink$$.program_time.input\",\"props\":{\"visible\":true}}]}},\"input\":{\"type\":\"string\",\"default\":\"1\",\"validator\":{\"pattern\":\"number\",\"min\":1,\"max\":251}},\"select\":{\"type\":\"string\",\"widget\":\"select\",\"enum\":[0,1,2],\"enumNames\":[\"250\",\"500\",\"750\"],\"default\":0}}}}}'),(18,'licon_config',NULL,'{\"type\":\"object\",\"widget\":\"section\",\"title\":\"##Свойства ЛИКОНА##\",\"properties\":{\"normal_direction\":{\"type\":\"boolean\",\"title\":\"##Прямое направление прохода##\",\"default\":true},\"staff_antipass\":{\"title\":\"##Защита от передачи идентификаторов СОТРУДНИКОВ (Antipass)##\",\"type\":\"string\",\"widget\":\"select\",\"enum\":[2,0,1],\"enumNames\":[\"##Жёсткая##\",\"##Нет##\",\"##Мягкая##\"],\"default\":0},\"time_control_staff\":{\"title\":\"##Контроль времени для идентификаторов СОТРУДНИКОВ##\",\"type\":\"string\",\"widget\":\"select\",\"enum\":[2,0,1],\"enumNames\":[\"##Жёсткий##\",\"##Нет##\",\"##Мягкий##\"],\"default\":0},\"display_info_time\":{\"type\":\"object\",\"widget\":\"combotime\",\"title\":\"##Время показа информации о сотруднике (по умолчанию 2 сек)##\",\"properties\":{\"selector\":{\"type\":\"select\",\"widget\":\"select\",\"enum\":[0,1,2],\"enumNames\":[\"##Миллисекунды##\",\"##Секунды##\",\"##Бесконечность##\"],\"default\":1,\"dependencies\":{\"0\":[{\"item\":\"$$selfLink$$.display_info_time.select\",\"props\":{\"visible\":true}}],\"1\":[{\"item\":\"$$selfLink$$.display_info_time.input\",\"props\":{\"visible\":true}}]}},\"input\":{\"type\":\"string\",\"default\":2,\"visible\":false,\"validator\":{\"pattern\":\"number\",\"min\":1,\"max\":251}},\"select\":{\"type\":\"string\",\"widget\":\"select\",\"visible\":false,\"enum\":[0,1,2],\"enumNames\":[\"250\",\"500\",\"750\"],\"default\":0}}},\"server_reply_time\":{\"type\":\"object\",\"widget\":\"combotime\",\"title\":\"##Время ожидания ответа на запрос от сервера системы (максимально 12 сек; по умолчанию 5 сек)##\",\"properties\":{\"selector\":{\"type\":\"select\",\"widget\":\"select\",\"enum\":[0,1],\"enumNames\":[\"##Миллисекунды##\",\"##Секунды##\"],\"default\":1,\"dependencies\":{\"0\":[{\"item\":\"$$selfLink$$.server_reply_time.select\",\"props\":{\"visible\":true}}],\"1\":[{\"item\":\"$$selfLink$$.server_reply_time.input\",\"props\":{\"visible\":true}}]}},\"input\":{\"type\":\"string\",\"default\":5,\"visible\":false,\"validator\":{\"pattern\":\"number\",\"min\":1,\"max\":12}},\"select\":{\"type\":\"string\",\"widget\":\"select\",\"visible\":false,\"enum\":[0,1,2],\"enumNames\":[\"250\",\"500\",\"750\"],\"default\":0}}}}}'),(19,'licon_string_1',NULL,'{\"type\":\"object\",\"widget\":\"section\",\"title\":\"##Строки##\",\"properties\":{\"table\":{\"type\":\"object\",\"widget\":\"table\",\"properties\":{\"cols\":{\"number\":\"№\",\"target\":\"##Назначение##\",\"value\":\"##Строка##\",\"default\":\"##Оригинал строки##\"},\"rows\":[{\"number\":\"1\",\"target\":\"##«Вход»##\",\"value\":\"##Вход##\",\"default\":\"##Вход##\",\"font\":2},{\"number\":\"2\",\"target\":\"##«Выход»##\",\"value\":\"##Выход##\",\"default\":\"##Выход##\",\"font\":2},{\"number\":\"3\",\"target\":\"##1-я строка «Карты нет в списке»##\",\"value\":\"##Карты##\",\"default\":\"##Карты##\",\"font\":2},{\"number\":\"4\",\"target\":\"##2-я строка «Карты нет в списке»##\",\"value\":\"##нет в списке##\",\"default\":\"##нет в списке##\",\"font\":2},{\"number\":\"5\",\"target\":\"##«зарегистрирован повторно» для входа##\",\"value\":\"##Вход повторно##\",\"default\":\"##Вход повторно##\",\"font\":2},{\"number\":\"6\",\"target\":\"##«зарегистрирован повторно» для выхода##\",\"value\":\"##Выход повторно##\",\"default\":\"##Выход повторно##\",\"font\":2},{\"number\":\"7\",\"target\":\"##«нарушение зоны» для входа##\",\"value\":\"##Нарушение зоны: вход##\",\"default\":\"##Нарушение зоны: вход##\",\"font\":1},{\"number\":\"8\",\"target\":\"##«нарушение зоны» для выхода##\",\"value\":\"##Нарушение зоны: выход##\",\"default\":\"##Нарушение зоны: выход##\",\"font\":1},{\"number\":\"9\",\"target\":\"##строка направления прохода правая верхняя##\",\"value\":\"##вход##\",\"default\":\"##вход##\",\"font\":2},{\"number\":\"10\",\"target\":\"##строка направления прохода левая нижняя##\",\"value\":\"##выход##\",\"default\":\"##выход##\",\"font\":2},{\"number\":\"11\",\"target\":\"##1-я строка «Вход не зарегистрирован. Нарушение зоны»##\",\"value\":\"##Вход##\",\"default\":\"##Вход##\",\"font\":1},{\"number\":\"12\",\"target\":\"##2-я строка «Вход не зарегистрирован. Нарушение зоны»##\",\"value\":\"##не зарегистрирован##\",\"default\":\"##не зарегистрирован##\",\"font\":1},{\"number\":\"13\",\"target\":\"##3-я строка «Вход не зарегистрирован. Нарушение зоны»##\",\"value\":\"##Нарушение зоны##\",\"default\":\"##Нарушение зоны##\",\"font\":1},{\"number\":\"14\",\"target\":\"##1-я строка «Выход не зарегистрирован. Нарушение зоны»##\",\"value\":\"##Выход##\",\"default\":\"##Выход##\",\"font\":1},{\"number\":\"15\",\"target\":\"##2-я строка «Выход не зарегистрирован. Нарушение зоны»##\",\"value\":\"##не зарегистрирован##\",\"default\":\"##не зарегистрирован##\",\"font\":1},{\"number\":\"16\",\"target\":\"##3-я строка «Выход не зарегистрирован. Нарушение зоны»##\",\"value\":\"##Нарушение зоны##\",\"default\":\"##Нарушение зоны##\",\"font\":1},{\"number\":\"17\",\"target\":\"##1-я строка «Для регистрации выхода используйте считыватель \\\"Выход\\\"»##\",\"value\":\"##Для регистрации##\",\"default\":\"##Для регистрации##\",\"font\":1},{\"number\":\"18\",\"target\":\"##2-я строка «Для регистрации выхода используйте считыватель \\\"Выход\\\"»##\",\"value\":\"##выхода используйте##\",\"default\":\"##выхода используйте##\",\"font\":1},{\"number\":\"19\",\"target\":\"##3-я строка «Для регистрации выхода используйте считыватель \\\"Выход\\\"»##\",\"value\":\"##считыватель##\",\"default\":\"##считыватель##\",\"font\":1},{\"number\":\"20\",\"target\":\"##1-я строка «Для регистрации входа используйте считыватель \\\"Вход\\\"»##\",\"value\":\"##Для регистрации##\",\"default\":\"##Для регистрации##\",\"font\":1},{\"number\":\"21\",\"target\":\"##2-я строка «Для регистрации входа используйте считыватель \\\"Вход\\\"»##\",\"value\":\"##входа используйте##\",\"default\":\"##входа используйте##\",\"font\":1},{\"number\":\"22\",\"target\":\"##3-я строка «Для регистрации входа используйте считыватель \\\"Вход\\\"»##\",\"value\":\"##считыватель##\",\"default\":\"##считыватель##\",\"font\":1}]}}}}'),(20,'device_type_17',NULL,'{\"0\":{\"is_hub\":0,\"resources\":{\"network\":{\"type\":1},\"settings\":{\"type\":1},\"connection\":{\"type\":1}}},\"1\":{\"resources\":{\"licon_config\":{\"type\":1},\"licon_string\":{\"type\":1}},\"comission_card_count\":0}}'),(21,'device_type_21',NULL,'{\"0\":{\"is_hub\":1,\"resources\":{\"input\":{\"1\":{\"type\":5},\"2\":{\"type\":5}},\"output\":{\"1\":{\"type\":7},\"2\":{\"type\":7},\"3\":{\"type\":7},\"4\":{\"type\":7}},\"network\":{\"type\":1},\"hw_state\":{\"type\":1},\"settings\":{\"type\":1},\"connection\":{\"type\":1}}},\"1\":{\"device_type\":600,\"comission_card_count\":192},\"3\":{\"device_type\":401,\"comission_card_count\":64},\"4\":{\"device_type\":401,\"comission_card_count\":64},\"5\":{\"device_type\":401,\"comission_card_count\":64},\"6\":{\"device_type\":401,\"comission_card_count\":64},\"7\":{\"device_type\":401,\"comission_card_count\":64},\"8\":{\"device_type\":401,\"comission_card_count\":64},\"9\":{\"device_type\":401,\"comission_card_count\":64},\"10\":{\"device_type\":401,\"comission_card_count\":64}}'),(22,'input_type_5',NULL,'{\"type\":\"object\",\"widget\":\"section\",\"title\":\"##Дополнительный вход##\",\"properties\":{\"type\":{\"type\":\"string\",\"widget\":\"select\",\"enum\":[0,1,2,3],\"enumNames\":[\"##Нет##\",\"##Обычный##\",\"##Специальный##\",\"Fire alarm\"],\"title\":\"##Тип##\",\"default\":0,\"dependencies\":{\"1\":[{\"item\":\"$$selfLink$$.normal_state\",\"props\":{\"visible\":true}},{\"item\":\"$$selfLink$$.inputs_masked\",\"props\":{\"visible\":true}},{\"item\":\"$$selfLink$$.outputs_normalize\",\"props\":{\"visible\":true}},{\"item\":\"$$selfLink$$.outputs_activated\",\"props\":{\"visible\":true}}],\"2\":[{\"item\":\"$$selfLink$$.normal_state\",\"props\":{\"visible\":true}},{\"item\":\"$$selfLink$$.alarm_gen_reset\",\"props\":{\"visible\":true}}],\"3\":[{\"item\":\"$$selfLink$$.normal_state\",\"props\":{\"visible\":true}}]}},\"normal_state\":{\"type\":\"string\",\"widget\":\"select\",\"title\":\"##Нормальное состояние контакта##\",\"enum\":[0,1],\"enumNames\":[\"##Разомкнут##\",\"##Замкнут##\"],\"default\":0},\"inputs_masked\":{\"type\":\"object\",\"title\":\"##Дополнительные входы, маскируемые при активизации##\",\"widget\":\"container\",\"properties\":{\"time_prop\":{\"type\":\"string\",\"widget\":\"select\",\"enum\":[0,1,2,3],\"enumNames\":[\"##Не задано##\",\"##На время срабатывания##\",\"##На указанное время##\",\"##На время срабатывания и после срабатывания##\"],\"title\":\"##Критерий маскирования##\",\"default\":0,\"dependencies\":{\"0\":[{\"item\":\"$$selfLink$$.inputs_masked.inputs\",\"props\":{\"visible\":false}}],\"2\":[{\"item\":\"$$selfLink$$.inputs_masked.time\",\"props\":{\"visible\":true}}],\"3\":[{\"item\":\"$$selfLink$$.inputs_masked.time\",\"props\":{\"visible\":true}},{\"item\":\"$$selfLink$$.inputs_masked.time.selector\",\"props\":{\"enum\":[0,1],\"enumNames\":[\"##Миллисекунды##\",\"##Секунды##\"],\"default\":1}}]}},\"time\":{\"type\":\"object\",\"widget\":\"combotime\",\"title\":\"##Время##\",\"properties\":{\"selector\":{\"type\":\"select\",\"widget\":\"select\",\"enum\":[0,1,2],\"enumNames\":[\"##Миллисекунды##\",\"##Секунды##\",\"##Бесконечность##\"],\"default\":1,\"dependencies\":{\"0\":[{\"item\":\"$$selfLink$$.inputs_masked.time.select\",\"props\":{\"visible\":true}}],\"1\":[{\"item\":\"$$selfLink$$.inputs_masked.time.input\",\"props\":{\"visible\":true}}]}},\"input\":{\"type\":\"string\",\"default\":5,\"validator\":{\"pattern\":\"number\",\"min\":1,\"max\":251}},\"select\":{\"type\":\"string\",\"widget\":\"select\",\"enum\":[0,1,2],\"enumNames\":[\"250\",\"500\",\"750\"],\"default\":0}}},\"inputs\":{\"type\":\"object\",\"widget\":\"container\",\"title\":\"\",\"properties\":{\"$$allInputsWithoutSelf\":\"$$\"}}}},\"outputs_normalize\":{\"type\":\"object\",\"title\":\"##Дополнительные выходы, нормализуемые при активизации##\",\"widget\":\"container\",\"properties\":{\"time_prop\":{\"type\":\"string\",\"widget\":\"select\",\"enum\":[0,1,2,3],\"enumNames\":[\"##Не задано##\",\"##На время срабатывания##\",\"##На указанное время##\",\"##На время срабатывания и после срабатывания##\"],\"title\":\"##Критерий нормализации##\",\"default\":0,\"dependencies\":{\"0\":[{\"item\":\"$$selfLink$$.outputs_normalize.outputs\",\"props\":{\"visible\":false}}],\"2\":[{\"item\":\"$$selfLink$$.outputs_normalize.time\",\"props\":{\"visible\":true}}],\"3\":[{\"item\":\"$$selfLink$$.outputs_normalize.time\",\"props\":{\"visible\":true}},{\"item\":\"$$selfLink$$.outputs_normalize.time.selector\",\"props\":{\"enum\":[0,1],\"enumNames\":[\"##Миллисекунды##\",\"##Секунды##\"],\"default\":1}}]}},\"time\":{\"type\":\"object\",\"widget\":\"combotime\",\"title\":\"##Время##\",\"properties\":{\"selector\":{\"type\":\"select\",\"widget\":\"select\",\"enum\":[0,1,2],\"enumNames\":[\"##Миллисекунды##\",\"##Секунды##\",\"##Бесконечность##\"],\"default\":1,\"dependencies\":{\"0\":[{\"item\":\"$$selfLink$$.outputs_normalize.time.select\",\"props\":{\"visible\":true}}],\"1\":[{\"item\":\"$$selfLink$$.outputs_normalize.time.input\",\"props\":{\"visible\":true}}]}},\"input\":{\"type\":\"string\",\"default\":5,\"validator\":{\"pattern\":\"number\",\"min\":1,\"max\":251}},\"select\":{\"type\":\"string\",\"widget\":\"select\",\"enum\":[0,1,2],\"enumNames\":[\"250\",\"500\",\"750\"],\"default\":0}}},\"outputs\":{\"type\":\"object\",\"widget\":\"container\",\"title\":\"\",\"properties\":{\"$$allOutputs\":\"$$\"}}}},\"outputs_activated\":{\"type\":\"object\",\"title\":\"##Дополнительные выходы, активизируемые при активизации##\",\"widget\":\"container\",\"properties\":{\"time_prop\":{\"type\":\"string\",\"widget\":\"select\",\"enum\":[0,1,2,3],\"enumNames\":[\"##Не задано##\",\"##На время срабатывания##\",\"##На указанное время##\",\"##На время срабатывания и после срабатывания##\"],\"title\":\"##Критерий активизации##\",\"default\":0,\"dependencies\":{\"0\":[{\"item\":\"$$selfLink$$.outputs_activated.outputs\",\"props\":{\"visible\":false}}],\"2\":[{\"item\":\"$$selfLink$$.outputs_activated.time\",\"props\":{\"visible\":true}}],\"3\":[{\"item\":\"$$selfLink$$.outputs_activated.time\",\"props\":{\"visible\":true}},{\"item\":\"$$selfLink$$.outputs_activated.time.selector\",\"props\":{\"enum\":[0,1],\"enumNames\":[\"##Миллисекунды##\",\"##Секунды##\"],\"default\":1}}]}},\"time\":{\"type\":\"object\",\"widget\":\"combotime\",\"title\":\"##Время##\",\"properties\":{\"selector\":{\"type\":\"select\",\"widget\":\"select\",\"enum\":[0,1,2],\"enumNames\":[\"##Миллисекунды##\",\"##Секунды##\",\"##Бесконечность##\"],\"default\":1,\"dependencies\":{\"0\":[{\"item\":\"$$selfLink$$.outputs_activated.time.select\",\"props\":{\"visible\":true}}],\"1\":[{\"item\":\"$$selfLink$$.outputs_activated.time.input\",\"props\":{\"visible\":true}}]}},\"input\":{\"type\":\"string\",\"default\":5,\"validator\":{\"pattern\":\"number\",\"min\":1,\"max\":251}},\"select\":{\"type\":\"string\",\"widget\":\"select\",\"enum\":[0,1,2],\"enumNames\":[\"250\",\"500\",\"750\"],\"default\":0}}},\"outputs\":{\"type\":\"object\",\"widget\":\"container\",\"title\":\"\",\"properties\":{\"$$allOutputs\":\"$$\"}}}},\"alarm_gen_reset\":{\"type\":\"boolean\",\"title\":\"##Сброс тревоги (Генератор тревоги)##\",\"default\":false}}}'),(23,'output_type_7',NULL,'{\"parent_schema\":\"output\"}'),(24,'device_type_604',NULL,'{\"resources\":{\"reader\":{\"1\":{\"type\":4},\"2\":{\"type\":4}},\"lock\":{\"type\":6},\"alarm_gen\":{\"type\":5}},\"is_hub\":0}'),(25,'reader_type_4','1v замок','{\"parent_schema\":\"reader\",\"properties\":{\"staff_antipass\":{\"properties\":{\"guard_mode\":{\"type\":\"antipass\",\"title\":\"##В РЕЖИМЕ РАБОТЫ \\\"Охрана\\\"##\",\"default\":0}}},\"time_control_staff\":{\"properties\":{\"guard_mode\":{\"type\":\"antipass\",\"title\":\"##В РЕЖИМЕ РАБОТЫ \\\"Охрана\\\"##\",\"default\":0}}},\"inputs_masked_unlocking_iu\":{\"type\":\"section\",\"title\":\"##Дополнительные входы, маскируемые при разблокировке ИУ##\",\"properties\":{\"time_prop\":{\"type\":\"string\",\"widget\":\"select\",\"enum\":[0,1,2,3],\"enumNames\":[\"##Не задано##\",\"##На время срабатывания##\",\"##На указанное время##\",\"##На время срабатывания и после срабатывания##\"],\"title\":\"##Критерий активизации##\",\"default\":0,\"dependencies\":{\"0\":[{\"item\":\"$$selfLink$$.inputs_masked_unlocking_iu.inputs\",\"props\":{\"visible\":false}}],\"2\":[{\"item\":\"$$selfLink$$.inputs_masked_unlocking_iu.time\",\"props\":{\"visible\":true}}],\"3\":[{\"item\":\"$$selfLink$$.inputs_masked_unlocking_iu.time\",\"props\":{\"visible\":true}},{\"item\":\"$$selfLink$$.inputs_masked_unlocking_iu.time.selector\",\"props\":{\"enum\":[0,1],\"enumNames\":[\"##Миллисекунды##\",\"##Секунды##\"],\"default\":1}}]}},\"time\":{\"type\":\"object\",\"widget\":\"combotime\",\"title\":\"##Время##\",\"properties\":{\"selector\":{\"type\":\"select\",\"widget\":\"select\",\"enum\":[0,1,2],\"enumNames\":[\"##Миллисекунды##\",\"##Секунды##\",\"##Бесконечность##\"],\"default\":1,\"dependencies\":{\"0\":[{\"item\":\"$$selfLink$$.inputs_masked_unlocking_iu.time.select\",\"props\":{\"visible\":true}}],\"1\":[{\"item\":\"$$selfLink$$.inputs_masked_unlocking_iu.time.input\",\"props\":{\"visible\":true}}]}},\"input\":{\"type\":\"string\",\"default\":1,\"validator\":{\"pattern\":\"number\",\"min\":1,\"max\":251}},\"select\":{\"type\":\"string\",\"widget\":\"select\",\"enum\":[0,1,2],\"enumNames\":[\"250\",\"500\",\"750\"],\"default\":0}}},\"inputs\":{\"type\":\"object\",\"widget\":\"container\",\"title\":\"\",\"properties\":{\"$$allParentInputs\":\"$$\"}}}},\"outputs_activated_unlocking_iu\":{\"type\":\"section\",\"title\":\"##Дополнительные выходы, активизируемые при разблокировке ИУ##\",\"properties\":{\"time_prop\":{\"type\":\"string\",\"widget\":\"select\",\"enum\":[0,1,2,3],\"enumNames\":[\"##Не задано##\",\"##На время срабатывания##\",\"##На указанное время##\",\"##На время срабатывания и после срабатывания##\"],\"title\":\"##Критерий активизации##\",\"default\":0,\"dependencies\":{\"0\":[{\"item\":\"$$selfLink$$.outputs_activated_unlocking_iu.outputs\",\"props\":{\"visible\":false}}],\"2\":[{\"item\":\"$$selfLink$$.outputs_activated_unlocking_iu.time\",\"props\":{\"visible\":true}}],\"3\":[{\"item\":\"$$selfLink$$.outputs_activated_unlocking_iu.time\",\"props\":{\"visible\":true}},{\"item\":\"$$selfLink$$.outputs_activated_unlocking_iu.time.selector\",\"props\":{\"enum\":[0,1],\"enumNames\":[\"##Миллисекунды##\",\"##Секунды##\"],\"default\":1}}]}},\"time\":{\"type\":\"object\",\"widget\":\"combotime\",\"title\":\"##Время##\",\"properties\":{\"selector\":{\"type\":\"select\",\"widget\":\"select\",\"enum\":[0,1,2],\"enumNames\":[\"##Миллисекунды##\",\"##Секунды##\",\"##Бесконечность##\"],\"default\":1,\"dependencies\":{\"0\":[{\"item\":\"$$selfLink$$.outputs_activated_unlocking_iu.time.select\",\"props\":{\"visible\":true}}],\"1\":[{\"item\":\"$$selfLink$$.outputs_activated_unlocking_iu.time.input\",\"props\":{\"visible\":true}}]}},\"input\":{\"type\":\"string\",\"default\":1,\"validator\":{\"pattern\":\"number\",\"min\":1,\"max\":251}},\"select\":{\"type\":\"string\",\"widget\":\"select\",\"enum\":[0,1,2],\"enumNames\":[\"250\",\"500\",\"750\"],\"default\":0}}},\"outputs\":{\"type\":\"object\",\"widget\":\"container\",\"title\":\"\",\"properties\":{\"$$allParentOutputs\":\"$$\"}}}},\"outputs_normalize_unlocking_iu\":{\"type\":\"section\",\"title\":\"##Дополнительные выходы, нормализируемые при разблокировке ИУ##\",\"properties\":{\"time_prop\":{\"type\":\"string\",\"widget\":\"select\",\"enum\":[0,1,2,3],\"enumNames\":[\"##Не задано##\",\"##На время срабатывания##\",\"##На указанное время##\",\"##На время срабатывания и после срабатывания##\"],\"title\":\"##Критерий активизации##\",\"default\":0,\"dependencies\":{\"0\":[{\"item\":\"$$selfLink$$.outputs_normalize_unlocking_iu.outputs\",\"props\":{\"visible\":false}}],\"2\":[{\"item\":\"$$selfLink$$.outputs_normalize_unlocking_iu.time\",\"props\":{\"visible\":true}}],\"3\":[{\"item\":\"$$selfLink$$.outputs_normalize_unlocking_iu.time\",\"props\":{\"visible\":true}},{\"item\":\"$$selfLink$$.outputs_normalize_unlocking_iu.time.selector\",\"props\":{\"enum\":[0,1],\"enumNames\":[\"##Миллисекунды##\",\"##Секунды##\"],\"default\":1}}]}},\"time\":{\"type\":\"object\",\"widget\":\"combotime\",\"title\":\"##Время##\",\"properties\":{\"selector\":{\"type\":\"select\",\"widget\":\"select\",\"enum\":[0,1,2],\"enumNames\":[\"##Миллисекунды##\",\"##Секунды##\",\"##Бесконечность##\"],\"default\":1,\"dependencies\":{\"0\":[{\"item\":\"$$selfLink$$.outputs_normalize_unlocking_iu.time.select\",\"props\":{\"visible\":true}}],\"1\":[{\"item\":\"$$selfLink$$.outputs_normalize_unlocking_iu.time.input\",\"props\":{\"visible\":true}}]}},\"input\":{\"type\":\"string\",\"default\":1,\"validator\":{\"pattern\":\"number\",\"min\":1,\"max\":251}},\"select\":{\"type\":\"string\",\"widget\":\"select\",\"enum\":[0,1,2],\"enumNames\":[\"250\",\"500\",\"750\"],\"default\":0}}},\"outputs\":{\"type\":\"object\",\"widget\":\"container\",\"title\":\"\",\"properties\":{\"$$allParentOutputs\":\"$$\"}}}},\"outputs_activated_staff\":{\"type\":\"section\",\"title\":\"##Дополнительные выходы, активизируемые при предъявлении валидных идентификаторов СОТРУДНИКОВ##\",\"properties\":{\"time_prop\":{\"type\":\"string\",\"widget\":\"select\",\"enum\":[0,1,2,3],\"enumNames\":[\"##Не задано##\",\"##На время срабатывания##\",\"##На указанное время##\",\"##На время срабатывания и после срабатывания##\"],\"title\":\"##Критерий активизации##\",\"default\":0,\"dependencies\":{\"0\":[{\"item\":\"$$selfLink$$.outputs_activated_staff.outputs\",\"props\":{\"visible\":false}}],\"2\":[{\"item\":\"$$selfLink$$.outputs_activated_staff.time\",\"props\":{\"visible\":true}}],\"3\":[{\"item\":\"$$selfLink$$.outputs_activated_staff.time\",\"props\":{\"visible\":true}},{\"item\":\"$$selfLink$$.outputs_activated_staff.time.selector\",\"props\":{\"enum\":[0,1],\"enumNames\":[\"##Миллисекунды##\",\"##Секунды##\"],\"default\":1}}]}},\"time\":{\"type\":\"object\",\"widget\":\"combotime\",\"title\":\"##Время##\",\"properties\":{\"selector\":{\"type\":\"select\",\"widget\":\"select\",\"enum\":[0,1,2],\"enumNames\":[\"##Миллисекунды##\",\"##Секунды##\",\"##Бесконечность##\"],\"default\":1,\"dependencies\":{\"0\":[{\"item\":\"$$selfLink$$.outputs_activated_staff.time.select\",\"props\":{\"visible\":true}}],\"1\":[{\"item\":\"$$selfLink$$.outputs_activated_staff.time.input\",\"props\":{\"visible\":true}}]}},\"input\":{\"type\":\"string\",\"default\":1,\"validator\":{\"pattern\":\"number\",\"min\":1,\"max\":251}},\"select\":{\"type\":\"string\",\"widget\":\"select\",\"enum\":[0,1,2],\"enumNames\":[\"250\",\"500\",\"750\"],\"default\":0}}},\"outputs\":{\"type\":\"object\",\"widget\":\"container\",\"title\":\"\",\"properties\":{\"$$allParentOutputs\":\"$$\"}}}},\"outputs_activated_visitor\":{\"type\":\"section\",\"title\":\"##Дополнительные выходы, активизируемые при предъявлении валидных идентификаторов ПОСЕТИТЕЛЕЙ##\",\"properties\":{\"time_prop\":{\"type\":\"string\",\"widget\":\"select\",\"enum\":[0,1,2,3],\"enumNames\":[\"##Не задано##\",\"##На время срабатывания##\",\"##На указанное время##\",\"##На время срабатывания и после срабатывания##\"],\"title\":\"##Критерий активизации##\",\"default\":0,\"dependencies\":{\"0\":[{\"item\":\"$$selfLink$$.outputs_activated_visitor.outputs\",\"props\":{\"visible\":false}}],\"2\":[{\"item\":\"$$selfLink$$.outputs_activated_visitor.time\",\"props\":{\"visible\":true}}],\"3\":[{\"item\":\"$$selfLink$$.outputs_activated_visitor.time\",\"props\":{\"visible\":true}},{\"item\":\"$$selfLink$$.outputs_activated_visitor.time.selector\",\"props\":{\"enum\":[0,1],\"enumNames\":[\"##Миллисекунды##\",\"##Секунды##\"],\"default\":1}}]}},\"time\":{\"type\":\"object\",\"widget\":\"combotime\",\"title\":\"##Время##\",\"properties\":{\"selector\":{\"type\":\"select\",\"widget\":\"select\",\"enum\":[0,1,2],\"enumNames\":[\"##Миллисекунды##\",\"##Секунды##\",\"##Бесконечность##\"],\"default\":1,\"dependencies\":{\"0\":[{\"item\":\"$$selfLink$$.outputs_activated_visitor.time.select\",\"props\":{\"visible\":true}}],\"1\":[{\"item\":\"$$selfLink$$.outputs_activated_visitor.time.input\",\"props\":{\"visible\":true}}]}},\"input\":{\"type\":\"string\",\"default\":1,\"validator\":{\"pattern\":\"number\",\"min\":1,\"max\":251}},\"select\":{\"type\":\"string\",\"widget\":\"select\",\"enum\":[0,1,2],\"enumNames\":[\"250\",\"500\",\"750\"],\"default\":0}}},\"outputs\":{\"type\":\"object\",\"widget\":\"container\",\"title\":\"\",\"properties\":{\"$$allParentOutputs\":\"$$\"}}}}}}'),(26,'lock_type_6',NULL,'{\"parent_schema\":\"lock\",\"properties\":{\"fire_alarm_in_guard\":{\"type\":\"boolean\",\"title\":\"##Fire Alarm в режиме работы \\\"Охрана\\\"##\",\"default\":false},\"normal_direction\":{\"type\":\"boolean\",\"title\":\"##Прямое направление прохода##\",\"default\":true,\"visible\":false}}}'),(27,'alarm_gen_type_5',NULL,'{\"parent_schema\":\"alarm_gen\",\"properties\":{\"intrusion_sensor\":{\"type\":\"object\",\"widget\":\"section\",\"title\":\"##Генерация тревоги по датчику вскрытия корпуса##\",\"properties\":{\"intrusion_sensor\":{\"type\":\"string\",\"widget\":\"select\",\"enum\":[0,1,2],\"enumNames\":[\"##Нет##\",\"##Тихая##\",\"##Громкая##\"],\"title\":\"##Генерация тревоги##\",\"default\":0}}}}}'),(28,'device_type_600',NULL,'{\"resources\":{\"reader\":{\"1\":{\"type\":4},\"2\":{\"type\":4}},\"lock\":{\"type\":4},\"alarm_gen\":{\"type\":6}},\"is_hub\":0}'),(29,'alarm_gen_type_6',NULL,'{\"parent_schema\":\"alarm_gen\"}'),(30,'lock_type_4',NULL,'{\"parent_schema\":\"lock\"}'),(31,'device_type_20',NULL,'{\"0\":{\"is_hub\":1,\"resources\":{\"input\":{\"1\":{\"type\":5},\"2\":{\"type\":5}},\"output\":{\"1\":{\"type\":7},\"2\":{\"type\":7},\"3\":{\"type\":7},\"4\":{\"type\":7}},\"network\":{\"type\":1},\"hw_state\":{\"type\":1},\"settings\":{\"type\":1},\"connection\":{\"type\":1}}},\"1\":{\"device_type\":600,\"comission_card_count\":192}}'),(32,'s30_cl15',NULL,'{\"0\":{\"is_hub\":0,\"resources\":{\"network\":{\"type\":1},\"settings\":{\"type\":2}}}}'),(33,'s30_ctl14',NULL,'{\"0\":{\"is_hub\":1,\"resources\":{\"network\":{\"type\":1},\"settings\":{\"type\":2}}}}'),(34,'s30_cr11',NULL,'{\"0\":{\"is_hub\":0,\"resources\":{\"network\":{\"type\":1},\"settings\":{\"type\":2}}}}'),(35,'s30_child_device',NULL,'{\"resources\":{},\"is_hub\":0}'),(36,'s30_ct13',NULL,'{\"0\":{\"is_hub\":1,\"resources\":{\"network\":{\"type\":1},\"settings\":{\"type\":2}}}}'),(39,'s30_settings',NULL,'{\"type\": \"object\", \"widget\": \"section\", \"title\": \"##Разное##\", \"properties\": {\"firmware_version\": {\"type\": \"string\", \"title\": \"##Версия прошивки##\", \"default\": \"\", \"readonly\": true}, \"time_zone\": {\"type\": \"string\", \"widget\": \"select\", \"title\": \"##Часовой пояс##\", \"enum\": [255, 12, 11, 10, 9, 8, 7, 6, 5, 4, 3, 2, 1, 0, -1, -2, -3, -4, -5, -6, -7, -8, -9, -10, -11, -12], \"enumNames\": [\"##Часовой пояс сервера системы##\", \"GMT-12\", \"GMT-11\", \"GMT-10\", \"GMT-9\", \"GMT-8\", \"GMT-7\", \"GMT-6\", \"GMT-5\", \"GMT-4\", \"GMT-3\", \"GMT-2\", \"GMT-1\", \"GMT\", \"GMT+1\", \"GMT+2\", \"GMT+3\", \"GMT+4\", \"GMT+5\", \"GMT+6\", \"GMT+7\", \"GMT+8\", \"GMT+9\", \"GMT+10\", \"GMT+11\", \"GMT+12\"], \"default\": 255}}}'),(40,'camera_onvif',NULL,'{\"0\":{\"is_hub\":0,\"resources\":{\"network\":{\"type\":1},\"camera\":{\"title\":\"##Тест##\",\"is_tab\":true,\"_settings\":{\"type\":2},\"_about\":{\"type\":1},\"_video\":{\"type\":3}}}}}'),(41,'camera_about_onvif',NULL,'{\"type\":\"object\",\"widget\":\"section\",\"title\":\"##О камере##\",\"properties\":{\"camera_manufacturer\":{\"type\":\"string\",\"title\":\"##Производитель##\",\"default\":\"\",\"readonly\":true},\"camera_model\":{\"type\":\"string\",\"title\":\"##Модель##\",\"default\":\"\",\"readonly\":true},\"camera_firmware\":{\"type\":\"string\",\"title\":\"##Прошивка##\",\"default\":\"\",\"readonly\":true},\"camera_serial_number\":{\"type\":\"string\",\"title\":\"##Серийный номер##\",\"default\":\"\",\"readonly\":true},\"camera_uri\":{\"type\":\"string\",\"title\":\"URI\",\"default\":\"\",\"readonly\":true}}}'),(42,'camera_settings',NULL,'{\"type\": \"object\", \"widget\": \"section\", \"title\": \"##Камера##\", \"properties\": {\"login\": {\"type\": \"string\", \"title\": \"##Логин##\", \"default\": \"\"}, \"password\": {\"type\": \"password\", \"title\": \"##Пароль##\", \"default\": \"\"}, \"port\": {\"type\": \"string\", \"title\": \"##Порт## ONVIF\", \"default\": \"80\"}}}'),(43,'camera_video',NULL,'{\"type\":\"object\",\"widget\":\"section\",\"title\":\"##Видео##\",\"properties\":{\"camera_video\":{\"type\":\"object\",\"widget\":\"camera\"}}}'),(44,'lock',NULL,'{\"type\":\"object\",\"widget\":\"section\",\"title\":\"##Замок##\",\"properties\":{\"command\":{\"type\":\"object\",\"widget\":\"commands\",\"title\":\"##Управление охранными зонами##\",\"properties\":{\"guard_on\":{\"type\":\"object\",\"command_type\":\"5\",\"command_value\":\"1\",\"command_number\":\"$$resourceNumber$$\",\"widget\":\"button\",\"title\":\"##Поставить на охрану##\"},\"guard_off\":{\"type\":\"object\",\"command_type\":\"5\",\"command_value\":\"0\",\"command_number\":\"$$resourceNumber$$\",\"widget\":\"button\",\"title\":\"##Снять с охраны##\"},\"reset_alarm\":{\"type\":\"object\",\"command_type\":\"4\",\"command_value\":\"0\",\"command_number\":\"$$resourceNumber$$\",\"widget\":\"button\",\"title\":\"##Снять тревогу##\"},\"clear_spatial_zones\":{\"type\":\"object\",\"command_type\":\"6\",\"command_value\":\"0\",\"command_number\":\"$$resourceNumber$$\",\"widget\":\"button\",\"title\":\"##Сбросить зональность##\"}}},\"normal_state_contact_input_iu\":{\"type\":\"string\",\"widget\":\"select\",\"enum\":[0,1],\"enumNames\":[\"##Нормально разомкнут##\",\"##Нормально замкнут##\"],\"title\":\"##Нормальное (т.е. заблокированное) состояние контакта (вход ИУ)##\",\"default\":1},\"normal_state_closed_exit_iu\":{\"type\":\"string\",\"widget\":\"select\",\"enum\":[0,1],\"enumNames\":[\"##Не запитан##\",\"##Запитан##\"],\"title\":\"##Нормальное состояние \\\"Закрыто \\\" выхода ИУ##\",\"default\":0},\"normalization_iu_output\":{\"type\":\"string\",\"widget\":\"select\",\"enum\":[0,1],\"enumNames\":[\"##После \\\"Открытия\\\"##\",\"##После \\\"Закрытия\\\"##\"],\"title\":\"##Нормализация выхода ИУ##\",\"default\":0},\"max_unblock_time\":{\"type\":\"object\",\"widget\":\"combotime\",\"title\":\"##Предельное время разблокировки##\",\"properties\":{\"selector\":{\"type\":\"select\",\"widget\":\"select\",\"enum\":[0,1,2],\"enumNames\":[\"##Миллисекунды##\",\"##Секунды##\",\"##Бесконечность##\"],\"default\":1,\"dependencies\":{\"0\":[{\"item\":\"$$selfLink$$.max_unblock_time.select\",\"props\":{\"visible\":true}}],\"1\":[{\"item\":\"$$selfLink$$.max_unblock_time.input\",\"props\":{\"visible\":true}}]}},\"input\":{\"type\":\"string\",\"default\":8,\"visible\":false,\"validator\":{\"pattern\":\"number\",\"min\":1,\"max\":251}},\"select\":{\"type\":\"string\",\"widget\":\"select\",\"visible\":false,\"enum\":[0,1,2],\"enumNames\":[\"250\",\"500\",\"750\"],\"default\":0}}},\"hold_time\":{\"type\":\"object\",\"widget\":\"combotime\",\"title\":\"##Время удержания в разблокированном состоянии (время анализа идентификатора)##\",\"properties\":{\"selector\":{\"type\":\"select\",\"widget\":\"select\",\"enum\":[0,1,2],\"enumNames\":[\"##Миллисекунды##\",\"##Секунды##\",\"##Бесконечность##\"],\"default\":1,\"dependencies\":{\"0\":[{\"item\":\"$$selfLink$$.hold_time.select\",\"props\":{\"visible\":true}}],\"1\":[{\"item\":\"$$selfLink$$.hold_time.input\",\"props\":{\"visible\":true}}]}},\"input\":{\"type\":\"string\",\"default\":8,\"visible\":false,\"validator\":{\"pattern\":\"number\",\"min\":1,\"max\":251}},\"select\":{\"type\":\"string\",\"widget\":\"select\",\"visible\":false,\"enum\":[0,1,2],\"enumNames\":[\"250\",\"500\",\"750\"],\"default\":0}}},\"comission_time\":{\"type\":\"object\",\"widget\":\"combotime\",\"title\":\"##Время ожидания комиссионирования##\",\"properties\":{\"selector\":{\"type\":\"string\",\"widget\":\"select\",\"enum\":[3,4],\"enumNames\":[\"##Секунды##\",\"##Минуты##\"],\"default\":3,\"dependencies\":{\"3\":[{\"item\":\"$$selfLink$$.comission_time.select\",\"props\":{\"visible\":true}}],\"4\":[{\"item\":\"$$selfLink$$.comission_time.input\",\"props\":{\"visible\":true}}]}},\"select\":{\"type\":\"string\",\"widget\":\"select\",\"visible\":false,\"enum\":[0,1,2],\"enumNames\":[\"15\",\"30\",\"45\"],\"default\":1},\"input\":{\"type\":\"string\",\"default\":1,\"visible\":false,\"validator\":{\"pattern\":\"number\",\"min\":1,\"max\":12}}}},\"check_pass_presentation_id\":{\"type\":\"boolean\",\"title\":\"##Регистрация прохода по предъявлению идентификатора##\",\"default\":false},\"is_antipass\":{\"type\":\"boolean\",\"title\":\"##Внутренняя защита от передачи идентификаторов (Local Antipass)##\",\"default\":false},\"operation_mode_control_output_iu\":{\"type\":\"string\",\"widget\":\"select\",\"enum\":[1,0],\"enumNames\":[\"##Потенциальный##\",\"##Импульсный##\"],\"title\":\"##Режим работы выхода управления ИУ##\",\"default\":1,\"dependencies\":{\"0\":[{\"item\":\"$$selfLink$$.control_pulse_time\",\"props\":{\"visible\":true}}]}},\"control_pulse_time\":{\"type\":\"string\",\"widget\":\"select\",\"title\":\"##Длительность импульса управления ИУ (миллисекунд)##\",\"enum\":[250,500,750],\"enumNames\":[\"250\",\"500\",\"750\"],\"default\":500}}}'),(45,'reader','1v parent','{\"type\":\"object\",\"widget\":\"section\",\"title\":\"##Считыватель##\",\"properties\":{\"command\":{\"type\":\"commands\",\"title\":\"##Команды считывателя##\",\"properties\":{\"set_mode_open\":{\"command_type\":\"0\",\"command_value\":\"0\",\"command_number\":\"$$resourceNumber$$\",\"title\":\"##Установить режим работы \\\"Открыто\\\"##\"},\"set_mode_control\":{\"command_type\":\"0\",\"command_value\":\"1\",\"command_number\":\"$$resourceNumber$$\",\"title\":\"##Установить режим работы \\\"Контроль\\\"##\"},\"set_mode_closed\":{\"command_type\":\"0\",\"command_value\":\"3\",\"command_number\":\"$$resourceNumber$$\",\"title\":\"##Установить режим работы \\\"Закрыто\\\"##\"},\"open_iu\":{\"command_type\":\"1\",\"command_value\":\"1\",\"command_number\":\"$$resourceNumber$$\",\"title\":\"##Открыть (разблокировать) ИУ##\",\"command_param\":{\"type\":\"object\",\"widget\":\"combotime\",\"title\":\"##Время активизации##\",\"properties\":{\"selector\":{\"type\":\"select\",\"widget\":\"select\",\"enum\":[0,1,2],\"enumNames\":[\"##Миллисекунды##\",\"##Секунды##\",\"##Бесконечность##\"],\"default\":1,\"dependencies\":{\"0\":[{\"item\":\"select\",\"props\":{\"visible\":true}}],\"1\":[{\"item\":\"input\",\"props\":{\"visible\":true}}]}},\"input\":{\"type\":\"string\",\"default\":5,\"validator\":{\"pattern\":\"number\",\"min\":1,\"max\":251}},\"select\":{\"type\":\"string\",\"widget\":\"select\",\"enum\":[0,1,2],\"enumNames\":[\"250\",\"500\",\"750\"],\"default\":0}}}},\"close_iu\":{\"command_type\":\"1\",\"command_value\":\"0\",\"command_number\":\"$$resourceNumber$$\",\"title\":\"##Закрыть (заблокировать) ИУ##\"}}},\"staff_antipass\":{\"type\":\"object\",\"widget\":\"section\",\"title\":\"##Защита от передачи идентификаторов СОТРУДНИКОВ (Antipass)##\",\"properties\":{\"control_mode\":{\"type\":\"antipass\",\"title\":\"##В РЕЖИМЕ РАБОТЫ \\\"Контроль\\\"##\",\"default\":0}}},\"visitor_antipass\":{\"type\":\"section\",\"title\":\"##Защита от передачи идентификаторов ПОСЕТИТЕЛЕЙ (Antipass)##\",\"properties\":{\"control_mode\":{\"type\":\"antipass\",\"title\":\"##В РЕЖИМЕ РАБОТЫ \\\"Контроль\\\"##\",\"default\":0}}},\"time_control_staff\":{\"type\":\"section\",\"title\":\"##Контроль времени для идентификаторов СОТРУДНИКОВ##\",\"properties\":{\"control_mode\":{\"type\":\"antipass\",\"title\":\"##В РЕЖИМЕ РАБОТЫ \\\"Контроль\\\"##\",\"default\":0}}},\"time_control_visitors\":{\"type\":\"section\",\"title\":\"##Контроль времени для идентификаторов ПОСЕТИТЕЛЕЙ##\",\"properties\":{\"control_mode\":{\"type\":\"antipass\",\"title\":\"##В РЕЖИМЕ РАБОТЫ \\\"Контроль\\\"##\",\"default\":0}}},\"confirmation_du\":{\"type\":\"object\",\"widget\":\"section\",\"title\":\"##Подтверждение от ДУ##\",\"properties\":{\"control_mode\":{\"type\":\"string\",\"widget\":\"select\",\"enum\":[0,1],\"enumNames\":[\"##Нет##\",\"##Да##\"],\"title\":\"##В РЕЖИМЕ РАБОТЫ \\\"Контроль\\\"##\",\"default\":0,\"dependencies\":{\"1\":[{\"item\":\"$$selfLink$$.confirmation_du.verify_staff_du\",\"props\":{\"visible\":true}},{\"item\":\"$$selfLink$$.confirmation_du.verify_visitor_du\",\"props\":{\"visible\":true}}]}},\"verify_staff_du\":{\"type\":\"object\",\"widget\":\"container\",\"title\":\"##Верифицировать идентификаторы СОТРУДНИКОВ##\",\"properties\":{\"pass\":{\"type\":\"boolean\",\"title\":\"##При проходе##\",\"default\":false},\"time_violation\":{\"type\":\"boolean\",\"title\":\"##При проходе с НАРУШЕНИЕМ ВРЕМЕНИ##\",\"default\":false},\"place_violation\":{\"type\":\"boolean\",\"title\":\"##При проходе с НАРУШЕНИЕМ ЗОНАЛЬНОСТИ##\",\"default\":false}}},\"verify_visitor_du\":{\"type\":\"object\",\"widget\":\"container\",\"title\":\"##Верифицировать идентификаторы ПОСЕТИТЕЛЕЙ##\",\"properties\":{\"pass\":{\"type\":\"boolean\",\"title\":\"##При проходе##\",\"default\":false},\"time_violation\":{\"type\":\"boolean\",\"title\":\"##При проходе с НАРУШЕНИЕМ ВРЕМЕНИ##\",\"default\":false},\"place_violation\":{\"type\":\"boolean\",\"title\":\"##При проходе с НАРУШЕНИЕМ ЗОНАЛЬНОСТИ##\",\"default\":false}}},\"confirm_time_du\":{\"type\":\"object\",\"widget\":\"combotime\",\"title\":\"##Время ожидания подтверждения при верификации##\",\"properties\":{\"selector\":{\"type\":\"select\",\"widget\":\"select\",\"enum\":[0,1,2],\"enumNames\":[\"##Миллисекунды##\",\"##Секунды##\",\"##Бесконечность##\"],\"default\":1,\"dependencies\":{\"0\":[{\"item\":\"$$selfLink$$.confirmation_du.confirm_time_du.select\",\"props\":{\"visible\":true}}],\"1\":[{\"item\":\"$$selfLink$$.confirmation_du.confirm_time_du.input\",\"props\":{\"visible\":true}}]}},\"input\":{\"type\":\"string\",\"default\":5,\"validator\":{\"pattern\":\"number\",\"min\":1,\"max\":251}},\"select\":{\"type\":\"string\",\"widget\":\"select\",\"enum\":[0,1,2],\"enumNames\":[\"250\",\"500\",\"750\"],\"default\":0}}}}},\"permission_du\":{\"type\":\"object\",\"widget\":\"section\",\"expandable\":true,\"title\":\"##Разрешение ДУ##\",\"properties\":{\"control_mode\":{\"type\":\"boolean\",\"title\":\"##В РЕЖИМЕ РАБОТЫ \\\"Контроль\\\"##\",\"default\":true}}},\"is_card_extract\":{\"type\":\"object\",\"widget\":\"section\",\"title\":\"##Изымать идентификаторы посетителей после прохода##\",\"properties\":{\"extract\":{\"type\":\"boolean\",\"title\":\"##Изымать идентификаторы посетителей после прохода##\",\"default\":false}}}}}'),(46,'alarm_gen',NULL,'{\"type\":\"object\",\"widget\":\"section\",\"title\":\"##Генератор тревоги##\",\"properties\":{\"command\":{\"type\":\"object\",\"widget\":\"commands\",\"title\":\"##Команды управления тревогой СКУД##\",\"properties\":{\"reset_alarm\":{\"type\":\"object\",\"command_type\":\"3\",\"command_value\":\"0\",\"command_number\":\"$$resourceNumber$$\",\"widget\":\"button\",\"title\":\"##Сбросить тревогу##\"},\"raise_alarm\":{\"type\":\"object\",\"command_type\":\"3\",\"command_value\":\"1\",\"command_number\":\"$$resourceNumber$$\",\"widget\":\"button\",\"title\":\"##Поднять тревогу##\"}}},\"key_present_alarm\":{\"type\":\"object\",\"widget\":\"section\",\"title\":\"##Генерация тревоги при предъявлении идентификатора##\",\"properties\":{\"not_registered\":{\"type\":\"string\",\"widget\":\"select\",\"enum\":[0,1,2],\"enumNames\":[\"##Нет##\",\"##Тихая##\",\"##Громкая##\"],\"title\":\"##Если ИДЕНТИФИКАТОР НЕ ЗАРЕГИСТРИРОВАН##\",\"default\":0},\"prohibited\":{\"type\":\"string\",\"widget\":\"select\",\"enum\":[0,1,2],\"enumNames\":[\"##Нет##\",\"##Тихая##\",\"##Громкая##\"],\"title\":\"##Если ИДЕНТИФИКАТОР ЗАПРЕЩЁН##\",\"default\":0},\"expired\":{\"type\":\"string\",\"widget\":\"select\",\"enum\":[0,1,2],\"enumNames\":[\"##Нет##\",\"##Тихая##\",\"##Громкая##\"],\"title\":\"##Если ИСТЁК СРОК ДЕЙСТВИЯ##\",\"default\":0},\"break_time\":{\"type\":\"string\",\"widget\":\"select\",\"enum\":[0,1,2],\"enumNames\":[\"##Нет##\",\"##Тихая##\",\"##Громкая##\"],\"title\":\"##Если НАРУШЕНО ВРЕМЯ##\",\"default\":0},\"break_zone\":{\"type\":\"string\",\"widget\":\"select\",\"enum\":[0,1,2],\"enumNames\":[\"##Нет##\",\"##Тихая##\",\"##Громкая##\"],\"title\":\"##Если НАРУШЕНА ЗОНАЛЬНОСТЬ##\",\"default\":0},\"break_mode\":{\"type\":\"string\",\"widget\":\"select\",\"enum\":[0,1,2],\"enumNames\":[\"##Нет##\",\"##Тихая##\",\"##Громкая##\"],\"title\":\"##Если НАРУШЕН РЕЖИМ РАБОТЫ##\",\"default\":0},\"break_comission\":{\"type\":\"string\",\"widget\":\"select\",\"enum\":[0,1,2],\"enumNames\":[\"##Нет##\",\"##Тихая##\",\"##Громкая##\"],\"title\":\"##Если НАРУШЕНО КОМИССИОНИРОВАНИЕ##\",\"default\":0}}},\"unauthorized_unlocking_alarm\":{\"type\":\"object\",\"widget\":\"section\",\"title\":\"##Генерация тревоги при несанкционированной разблокировке ИУ##\",\"properties\":{\"control_mode\":{\"type\":\"string\",\"widget\":\"select\",\"enum\":[0,1,2],\"enumNames\":[\"##Нет##\",\"##Тихая##\",\"##Громкая##\"],\"title\":\"##В РЕЖИМЕ РАБОТЫ \\\"Контроль\\\"##\",\"default\":0},\"close_mode\":{\"type\":\"string\",\"widget\":\"select\",\"enum\":[0,1,2],\"enumNames\":[\"##Нет##\",\"##Тихая##\",\"##Громкая##\"],\"title\":\"##В РЕЖИМЕ РАБОТЫ \\\"Закрыто\\\"##\",\"default\":0}}},\"long_open_door_alarm\":{\"type\":\"object\",\"widget\":\"section\",\"title\":\"##Генерация тревоги по недопустимо долгому открытию ИУ##\",\"properties\":{\"mode\":{\"type\":\"string\",\"widget\":\"select\",\"enum\":[0,1,2],\"enumNames\":[\"##Нет##\",\"##Тихая##\",\"##Громкая##\"],\"title\":\"##В РЕЖИМЕ РАБОТЫ \\\"Контроль\\\"##\",\"default\":0}}}}}'),(47,'alarm_gen_type_1',NULL,'{\"parent_schema\":\"alarm_gen\"}'),(48,'alarm_gen_type_2',NULL,'{\"parent_schema\":\"alarm_gen\"}'),(49,'alarm_gen_type_3',NULL,'{\"parent_schema\":\"alarm_gen\",\"properties\":{\"intrusion_sensor\":{\"type\":\"object\",\"widget\":\"section\",\"title\":\"##Генерация тревоги по датчику вскрытия корпуса##\",\"properties\":{\"intrusion_sensor\":{\"type\":\"string\",\"widget\":\"select\",\"enum\":[0,1,2],\"enumNames\":[\"##Нет##\",\"##Тихая##\",\"##Громкая##\"],\"title\":\"##Генерация тревоги##\",\"default\":0}}}}}'),(50,'alarm_gen_type_4',NULL,'{\"parent_schema\":\"alarm_gen\"}'),(51,'lock_type_1',NULL,'{\"type\":\"object\",\"widget\":\"section\",\"title\":\"##Турникет##\",\"properties\":{\"command\":{\"type\":\"object\",\"widget\":\"commands\",\"title\":\"##Управление охранными зонами##\",\"properties\":{\"clear_spatial_zones\":{\"type\":\"object\",\"command_type\":\"6\",\"command_value\":\"0\",\"command_number\":\"$$resourceNumber$$\",\"widget\":\"button\",\"title\":\"##Сбросить зональность##\"}}},\"normal_state_contact_input_iu\":{\"type\":\"string\",\"widget\":\"select\",\"enum\":[0,1],\"enumNames\":[\"##Нормально разомкнут##\",\"##Нормально замкнут##\"],\"title\":\"##Нормальное (т.е. заблокированное) состояние контакта (вход ИУ)##\",\"default\":1},\"normal_state_closed_exit_iu\":{\"type\":\"string\",\"widget\":\"select\",\"enum\":[0,1],\"enumNames\":[\"##Не запитан##\",\"##Запитан##\"],\"title\":\"##Нормальное состояние \\\"Закрыто \\\" выхода ИУ##\",\"default\":0},\"normalization_iu_output\":{\"type\":\"string\",\"widget\":\"select\",\"enum\":[0,1],\"enumNames\":[\"##После \\\"Открытия\\\"##\",\"##После \\\"Закрытия\\\"##\"],\"title\":\"##Нормализация выхода ИУ##\",\"default\":0},\"max_unblock_time\":{\"type\":\"object\",\"widget\":\"combotime\",\"title\":\"##Предельное время разблокировки##\",\"properties\":{\"selector\":{\"type\":\"select\",\"widget\":\"select\",\"enum\":[0,1,2],\"enumNames\":[\"##Миллисекунды##\",\"##Секунды##\",\"##Бесконечность##\"],\"default\":1,\"dependencies\":{\"0\":[{\"item\":\"$$selfLink$$.max_unblock_time.select\",\"props\":{\"visible\":true}}],\"1\":[{\"item\":\"$$selfLink$$.max_unblock_time.input\",\"props\":{\"visible\":true}}]}},\"input\":{\"type\":\"string\",\"default\":8,\"visible\":false,\"validator\":{\"pattern\":\"number\",\"min\":1,\"max\":251}},\"select\":{\"type\":\"string\",\"widget\":\"select\",\"visible\":false,\"enum\":[0,1,2],\"enumNames\":[\"250\",\"500\",\"750\"],\"default\":0}}},\"hold_time\":{\"type\":\"object\",\"widget\":\"combotime\",\"title\":\"##Время удержания в разблокированном состоянии (время анализа идентификатора)##\",\"properties\":{\"selector\":{\"type\":\"select\",\"widget\":\"select\",\"enum\":[0,1,2],\"enumNames\":[\"##Миллисекунды##\",\"##Секунды##\",\"##Бесконечность##\"],\"default\":1,\"dependencies\":{\"0\":[{\"item\":\"$$selfLink$$.hold_time.select\",\"props\":{\"visible\":true}}],\"1\":[{\"item\":\"$$selfLink$$.hold_time.input\",\"props\":{\"visible\":true}}]}},\"input\":{\"type\":\"string\",\"default\":8,\"visible\":false,\"validator\":{\"pattern\":\"number\",\"min\":1,\"max\":251}},\"select\":{\"type\":\"string\",\"widget\":\"select\",\"visible\":false,\"enum\":[0,1,2],\"enumNames\":[\"250\",\"500\",\"750\"],\"default\":0}}},\"comission_time\":{\"type\":\"object\",\"widget\":\"combotime\",\"title\":\"##Время ожидания комиссионирования##\",\"properties\":{\"selector\":{\"type\":\"string\",\"widget\":\"select\",\"enum\":[3,4],\"enumNames\":[\"##Секунды##\",\"##Минуты##\"],\"default\":3,\"dependencies\":{\"3\":[{\"item\":\"$$selfLink$$.comission_time.select\",\"props\":{\"visible\":true}}],\"4\":[{\"item\":\"$$selfLink$$.comission_time.input\",\"props\":{\"visible\":true}}]}},\"select\":{\"type\":\"string\",\"widget\":\"select\",\"visible\":false,\"enum\":[0,1,2],\"enumNames\":[\"15\",\"30\",\"45\"],\"default\":1},\"input\":{\"type\":\"string\",\"default\":1,\"visible\":false,\"validator\":{\"pattern\":\"number\",\"min\":1,\"max\":12}}}},\"check_pass_presentation_id\":{\"type\":\"boolean\",\"title\":\"##Регистрация прохода по предъявлению идентификатора##\",\"default\":false},\"is_antipass\":{\"type\":\"boolean\",\"title\":\"##Внутренняя защита от передачи идентификаторов (Local Antipass)##\",\"default\":false}}}'),(52,'lock_type_2',NULL,'{\"parent_schema\":\"lock\"}'),(53,'lock_type_3',NULL,'{\"parent_schema\":\"lock\"}'),(54,'input',NULL,'{\"type\":\"object\",\"widget\":\"section\",\"title\":\"##Дополнительный вход##\",\"properties\":{\"type\":{\"type\":\"string\",\"widget\":\"select\",\"enum\":[0,1,2,3],\"enumNames\":[\"##Нет##\",\"##Обычный##\",\"##Специальный##\",\"Fire alarm\"],\"title\":\"##Тип##\",\"default\":0,\"dependencies\":{\"1\":[{\"item\":\"$$selfLink$$.normal_state\",\"props\":{\"visible\":true}},{\"item\":\"$$selfLink$$.inputs_masked\",\"props\":{\"visible\":true}},{\"item\":\"$$selfLink$$.outputs_normalize\",\"props\":{\"visible\":true}},{\"item\":\"$$selfLink$$.outputs_activated\",\"props\":{\"visible\":true}}],\"2\":[{\"item\":\"$$selfLink$$.normal_state\",\"props\":{\"visible\":true}},{\"item\":\"$$selfLink$$.alarm_gen_reset\",\"props\":{\"visible\":true}}],\"3\":[{\"item\":\"$$selfLink$$.normal_state\",\"props\":{\"visible\":true}}]}},\"normal_state\":{\"type\":\"string\",\"widget\":\"select\",\"title\":\"##Нормальное состояние контакта##\",\"enum\":[0,1],\"enumNames\":[\"##Разомкнут##\",\"##Замкнут##\"],\"default\":0},\"inputs_masked\":{\"type\":\"object\",\"title\":\"##Дополнительные входы, маскируемые при активизации##\",\"widget\":\"container\",\"properties\":{\"time_prop\":{\"type\":\"string\",\"widget\":\"select\",\"enum\":[0,1,2,3],\"enumNames\":[\"##Не задано##\",\"##На время срабатывания##\",\"##На указанное время##\",\"##На время срабатывания и после срабатывания##\"],\"title\":\"##Критерий маскирования##\",\"default\":0,\"dependencies\":{\"0\":[{\"item\":\"$$selfLink$$.inputs_masked.inputs\",\"props\":{\"visible\":false}}],\"2\":[{\"item\":\"$$selfLink$$.inputs_masked.time\",\"props\":{\"visible\":true}}],\"3\":[{\"item\":\"$$selfLink$$.inputs_masked.time\",\"props\":{\"visible\":true}},{\"item\":\"$$selfLink$$.inputs_masked.time.selector\",\"props\":{\"enum\":[0,1],\"enumNames\":[\"##Миллисекунды##\",\"##Секунды##\"],\"default\":1}}]}},\"time\":{\"type\":\"object\",\"widget\":\"combotime\",\"title\":\"##Время##\",\"properties\":{\"selector\":{\"type\":\"select\",\"widget\":\"select\",\"enum\":[0,1,2],\"enumNames\":[\"##Миллисекунды##\",\"##Секунды##\",\"##Бесконечность##\"],\"default\":1,\"dependencies\":{\"0\":[{\"item\":\"$$selfLink$$.inputs_masked.time.select\",\"props\":{\"visible\":true}}],\"1\":[{\"item\":\"$$selfLink$$.inputs_masked.time.input\",\"props\":{\"visible\":true}}]}},\"input\":{\"type\":\"string\",\"default\":5,\"validator\":{\"pattern\":\"number\",\"min\":1,\"max\":251}},\"select\":{\"type\":\"string\",\"widget\":\"select\",\"enum\":[0,1,2],\"enumNames\":[\"250\",\"500\",\"750\"],\"default\":0}}},\"inputs\":{\"type\":\"object\",\"widget\":\"container\",\"title\":\"\",\"properties\":{\"$$allInputsWithoutSelf\":\"$$\"}}}},\"outputs_normalize\":{\"type\":\"object\",\"title\":\"##Дополнительные выходы, нормализуемые при активизации##\",\"widget\":\"container\",\"properties\":{\"time_prop\":{\"type\":\"string\",\"widget\":\"select\",\"enum\":[0,1,2,3],\"enumNames\":[\"##Не задано##\",\"##На время срабатывания##\",\"##На указанное время##\",\"##На время срабатывания и после срабатывания##\"],\"title\":\"##Критерий нормализации##\",\"default\":0,\"dependencies\":{\"0\":[{\"item\":\"$$selfLink$$.outputs_normalize.outputs\",\"props\":{\"visible\":false}}],\"2\":[{\"item\":\"$$selfLink$$.outputs_normalize.time\",\"props\":{\"visible\":true}}],\"3\":[{\"item\":\"$$selfLink$$.outputs_normalize.time\",\"props\":{\"visible\":true}},{\"item\":\"$$selfLink$$.outputs_normalize.time.selector\",\"props\":{\"enum\":[0,1],\"enumNames\":[\"##Миллисекунды##\",\"##Секунды##\"],\"default\":1}}]}},\"time\":{\"type\":\"object\",\"widget\":\"combotime\",\"title\":\"##Время##\",\"properties\":{\"selector\":{\"type\":\"select\",\"widget\":\"select\",\"enum\":[0,1,2],\"enumNames\":[\"##Миллисекунды##\",\"##Секунды##\",\"##Бесконечность##\"],\"default\":1,\"dependencies\":{\"0\":[{\"item\":\"$$selfLink$$.outputs_normalize.time.select\",\"props\":{\"visible\":true}}],\"1\":[{\"item\":\"$$selfLink$$.outputs_normalize.time.input\",\"props\":{\"visible\":true}}]}},\"input\":{\"type\":\"string\",\"default\":5,\"validator\":{\"pattern\":\"number\",\"min\":1,\"max\":251}},\"select\":{\"type\":\"string\",\"widget\":\"select\",\"enum\":[0,1,2],\"enumNames\":[\"250\",\"500\",\"750\"],\"default\":0}}},\"outputs\":{\"type\":\"object\",\"widget\":\"container\",\"title\":\"\",\"properties\":{\"$$allOutputs\":\"$$\"}}}},\"outputs_activated\":{\"type\":\"object\",\"title\":\"##Дополнительные выходы, активизируемые при активизации##\",\"widget\":\"container\",\"properties\":{\"time_prop\":{\"type\":\"string\",\"widget\":\"select\",\"enum\":[0,1,2,3],\"enumNames\":[\"##Не задано##\",\"##На время срабатывания##\",\"##На указанное время##\",\"##На время срабатывания и после срабатывания##\"],\"title\":\"##Критерий активизации##\",\"default\":0,\"dependencies\":{\"0\":[{\"item\":\"$$selfLink$$.outputs_activated.outputs\",\"props\":{\"visible\":false}}],\"2\":[{\"item\":\"$$selfLink$$.outputs_activated.time\",\"props\":{\"visible\":true}}],\"3\":[{\"item\":\"$$selfLink$$.outputs_activated.time\",\"props\":{\"visible\":true}},{\"item\":\"$$selfLink$$.outputs_activated.time.selector\",\"props\":{\"enum\":[0,1],\"enumNames\":[\"##Миллисекунды##\",\"##Секунды##\"],\"default\":1}}]}},\"time\":{\"type\":\"object\",\"widget\":\"combotime\",\"title\":\"##Время##\",\"properties\":{\"selector\":{\"type\":\"select\",\"widget\":\"select\",\"enum\":[0,1,2],\"enumNames\":[\"##Миллисекунды##\",\"##Секунды##\",\"##Бесконечность##\"],\"default\":1,\"dependencies\":{\"0\":[{\"item\":\"$$selfLink$$.outputs_activated.time.select\",\"props\":{\"visible\":true}}],\"1\":[{\"item\":\"$$selfLink$$.outputs_activated.time.input\",\"props\":{\"visible\":true}}]}},\"input\":{\"type\":\"string\",\"default\":5,\"validator\":{\"pattern\":\"number\",\"min\":1,\"max\":251}},\"select\":{\"type\":\"string\",\"widget\":\"select\",\"enum\":[0,1,2],\"enumNames\":[\"250\",\"500\",\"750\"],\"default\":0}}},\"outputs\":{\"type\":\"object\",\"widget\":\"container\",\"title\":\"\",\"properties\":{\"$$allOutputs\":\"$$\"}}}},\"alarm_gen_reset\":{\"type\":\"boolean\",\"title\":\"##Сброс тревоги (Генератор тревоги)##\",\"default\":false}}}'),(55,'output',NULL,'{\"type\":\"object\",\"widget\":\"section\",\"title\":\"##Дополнительный выход##\",\"properties\":{\"command\":{\"type\":\"object\",\"widget\":\"commands\",\"title\":\"##Команды управления выходом##\",\"properties\":{\"normalize\":{\"type\":\"object\",\"command_type\":\"2\",\"command_value\":\"0\",\"command_number\":\"$$resourceNumber$$\",\"widget\":\"button\",\"title\":\"##Нормализовать##\"},\"activate\":{\"type\":\"object\",\"command_type\":\"2\",\"command_value\":\"1\",\"command_number\":\"$$resourceNumber$$\",\"widget\":\"button\",\"title\":\"##Активизировать##\",\"command_param\":{\"type\":\"object\",\"widget\":\"combotime\",\"title\":\"##Время активизации##\",\"properties\":{\"selector\":{\"type\":\"select\",\"widget\":\"select\",\"enum\":[0,1,2],\"enumNames\":[\"##Миллисекунды##\",\"##Секунды##\",\"##Бесконечность##\"],\"default\":1,\"dependencies\":{\"0\":[{\"item\":\"select\",\"props\":{\"visible\":true}}],\"1\":[{\"item\":\"input\",\"props\":{\"visible\":true}}]}},\"input\":{\"type\":\"string\",\"default\":5,\"validator\":{\"pattern\":\"number\",\"min\":1,\"max\":251}},\"select\":{\"type\":\"string\",\"widget\":\"select\",\"enum\":[0,1,2],\"enumNames\":[\"250\",\"500\",\"750\"],\"default\":0}}}}}},\"type\":{\"type\":\"string\",\"widget\":\"select\",\"enum\":[0,1,2],\"enumNames\":[\"##Нет##\",\"##Обычный##\",\"##Генератор тревоги##\"],\"title\":\"##Тип##\",\"default\":0,\"dependencies\":{\"1\":[{\"item\":\"$$selfLink$$.command\",\"props\":{\"visible\":true}},{\"item\":\"$$selfLink$$.normal_state\",\"props\":{\"visible\":true}},{\"item\":\"$$inputs:all$$.outputs_normalize.outputs.$$selfNumber$$\",\"props\":{\"visible\":true}},{\"item\":\"$$inputs:all$$.outputs_activated.outputs.$$selfNumber$$\",\"props\":{\"visible\":true}}],\"2\":[{\"item\":\"$$selfLink$$.normal_state\",\"props\":{\"visible\":true}},{\"item\":\"$$selfLink$$.program_time\",\"props\":{\"visible\":true}}]}},\"normal_state\":{\"type\":\"string\",\"widget\":\"select\",\"title\":\"##Нормальное состояние##\",\"enum\":[0,1],\"enumNames\":[\"##Не запитан##\",\"##Запитан##\"],\"default\":0},\"program_time\":{\"type\":\"object\",\"widget\":\"combotime\",\"title\":\"##Время активизации##\",\"properties\":{\"selector\":{\"type\":\"select\",\"widget\":\"select\",\"enum\":[0,1,2],\"enumNames\":[\"##Миллисекунды##\",\"##Секунды##\",\"##Бесконечность##\"],\"default\":1,\"dependencies\":{\"0\":[{\"item\":\"$$selfLink$$.program_time.select\",\"props\":{\"visible\":true}}],\"1\":[{\"item\":\"$$selfLink$$.program_time.input\",\"props\":{\"visible\":true}}]}},\"input\":{\"type\":\"string\",\"default\":\"1\",\"validator\":{\"pattern\":\"number\",\"min\":1,\"max\":251}},\"select\":{\"type\":\"string\",\"widget\":\"select\",\"enum\":[0,1,2],\"enumNames\":[\"250\",\"500\",\"750\"],\"default\":0}}}}}'),(56,'reader_type_1','1v турникет','{\"parent_schema\":\"reader\",\"properties\":{\"inputs_masked_unlocking_iu\":{\"type\":\"section\",\"title\":\"##Дополнительные входы, маскируемые при разблокировке ИУ##\",\"properties\":{\"time_prop\":{\"type\":\"string\",\"widget\":\"select\",\"enum\":[0,1,2,3],\"enumNames\":[\"##Не задано##\",\"##На время срабатывания##\",\"##На указанное время##\",\"##На время срабатывания и после срабатывания##\"],\"title\":\"##Критерий активизации##\",\"default\":0,\"dependencies\":{\"0\":[{\"item\":\"$$selfLink$$.inputs_masked_unlocking_iu.inputs\",\"props\":{\"visible\":false}}],\"2\":[{\"item\":\"$$selfLink$$.inputs_masked_unlocking_iu.time\",\"props\":{\"visible\":true}}],\"3\":[{\"item\":\"$$selfLink$$.inputs_masked_unlocking_iu.time\",\"props\":{\"visible\":true}},{\"item\":\"$$selfLink$$.inputs_masked_unlocking_iu.time.selector\",\"props\":{\"enum\":[0,1],\"enumNames\":[\"##Миллисекунды##\",\"##Секунды##\"],\"default\":1}}]}},\"time\":{\"type\":\"object\",\"widget\":\"combotime\",\"title\":\"##Время##\",\"properties\":{\"selector\":{\"type\":\"select\",\"widget\":\"select\",\"enum\":[0,1,2],\"enumNames\":[\"##Миллисекунды##\",\"##Секунды##\",\"##Бесконечность##\"],\"default\":1,\"dependencies\":{\"0\":[{\"item\":\"$$selfLink$$.inputs_masked_unlocking_iu.time.select\",\"props\":{\"visible\":true}}],\"1\":[{\"item\":\"$$selfLink$$.inputs_masked_unlocking_iu.time.input\",\"props\":{\"visible\":true}}]}},\"input\":{\"type\":\"string\",\"default\":1,\"validator\":{\"pattern\":\"number\",\"min\":1,\"max\":251}},\"select\":{\"type\":\"string\",\"widget\":\"select\",\"enum\":[0,1,2],\"enumNames\":[\"250\",\"500\",\"750\"],\"default\":0}}},\"inputs\":{\"type\":\"object\",\"widget\":\"container\",\"title\":\"\",\"properties\":{\"$$allParentInputs\":\"$$\"}}}},\"outputs_activated_unlocking_iu\":{\"type\":\"section\",\"title\":\"##Дополнительные выходы, активизируемые при разблокировке ИУ##\",\"properties\":{\"time_prop\":{\"type\":\"string\",\"widget\":\"select\",\"enum\":[0,1,2,3],\"enumNames\":[\"##Не задано##\",\"##На время срабатывания##\",\"##На указанное время##\",\"##На время срабатывания и после срабатывания##\"],\"title\":\"##Критерий активизации##\",\"default\":0,\"dependencies\":{\"0\":[{\"item\":\"$$selfLink$$.outputs_activated_unlocking_iu.outputs\",\"props\":{\"visible\":false}}],\"2\":[{\"item\":\"$$selfLink$$.outputs_activated_unlocking_iu.time\",\"props\":{\"visible\":true}}],\"3\":[{\"item\":\"$$selfLink$$.outputs_activated_unlocking_iu.time\",\"props\":{\"visible\":true}},{\"item\":\"$$selfLink$$.outputs_activated_unlocking_iu.time.selector\",\"props\":{\"enum\":[0,1],\"enumNames\":[\"##Миллисекунды##\",\"##Секунды##\"],\"default\":1}}]}},\"time\":{\"type\":\"object\",\"widget\":\"combotime\",\"title\":\"##Время##\",\"properties\":{\"selector\":{\"type\":\"select\",\"widget\":\"select\",\"enum\":[0,1,2],\"enumNames\":[\"##Миллисекунды##\",\"##Секунды##\",\"##Бесконечность##\"],\"default\":1,\"dependencies\":{\"0\":[{\"item\":\"$$selfLink$$.outputs_activated_unlocking_iu.time.select\",\"props\":{\"visible\":true}}],\"1\":[{\"item\":\"$$selfLink$$.outputs_activated_unlocking_iu.time.input\",\"props\":{\"visible\":true}}]}},\"input\":{\"type\":\"string\",\"default\":1,\"validator\":{\"pattern\":\"number\",\"min\":1,\"max\":251}},\"select\":{\"type\":\"string\",\"widget\":\"select\",\"enum\":[0,1,2],\"enumNames\":[\"250\",\"500\",\"750\"],\"default\":0}}},\"outputs\":{\"type\":\"object\",\"widget\":\"container\",\"title\":\"\",\"properties\":{\"$$allParentOutputs\":\"$$\"}}}},\"outputs_normalize_unlocking_iu\":{\"type\":\"section\",\"title\":\"##Дополнительные выходы, нормализируемые при разблокировке ИУ##\",\"properties\":{\"time_prop\":{\"type\":\"string\",\"widget\":\"select\",\"enum\":[0,1,2,3],\"enumNames\":[\"##Не задано##\",\"##На время срабатывания##\",\"##На указанное время##\",\"##На время срабатывания и после срабатывания##\"],\"title\":\"##Критерий активизации##\",\"default\":0,\"dependencies\":{\"0\":[{\"item\":\"$$selfLink$$.outputs_normalize_unlocking_iu.outputs\",\"props\":{\"visible\":false}}],\"2\":[{\"item\":\"$$selfLink$$.outputs_normalize_unlocking_iu.time\",\"props\":{\"visible\":true}}],\"3\":[{\"item\":\"$$selfLink$$.outputs_normalize_unlocking_iu.time\",\"props\":{\"visible\":true}},{\"item\":\"$$selfLink$$.outputs_normalize_unlocking_iu.time.selector\",\"props\":{\"enum\":[0,1],\"enumNames\":[\"##Миллисекунды##\",\"##Секунды##\"],\"default\":1}}]}},\"time\":{\"type\":\"object\",\"widget\":\"combotime\",\"title\":\"##Время##\",\"properties\":{\"selector\":{\"type\":\"select\",\"widget\":\"select\",\"enum\":[0,1,2],\"enumNames\":[\"##Миллисекунды##\",\"##Секунды##\",\"##Бесконечность##\"],\"default\":1,\"dependencies\":{\"0\":[{\"item\":\"$$selfLink$$.outputs_normalize_unlocking_iu.time.select\",\"props\":{\"visible\":true}}],\"1\":[{\"item\":\"$$selfLink$$.outputs_normalize_unlocking_iu.time.input\",\"props\":{\"visible\":true}}]}},\"input\":{\"type\":\"string\",\"default\":1,\"validator\":{\"pattern\":\"number\",\"min\":1,\"max\":251}},\"select\":{\"type\":\"string\",\"widget\":\"select\",\"enum\":[0,1,2],\"enumNames\":[\"250\",\"500\",\"750\"],\"default\":0}}},\"outputs\":{\"type\":\"object\",\"widget\":\"container\",\"title\":\"\",\"properties\":{\"$$allParentOutputs\":\"$$\"}}}},\"outputs_activated_staff\":{\"type\":\"section\",\"title\":\"##Дополнительные выходы, активизируемые при предъявлении валидных идентификаторов СОТРУДНИКОВ##\",\"properties\":{\"time_prop\":{\"type\":\"string\",\"widget\":\"select\",\"enum\":[0,1,2,3],\"enumNames\":[\"##Не задано##\",\"##На время срабатывания##\",\"##На указанное время##\",\"##На время срабатывания и после срабатывания##\"],\"title\":\"##Критерий активизации##\",\"default\":0,\"dependencies\":{\"0\":[{\"item\":\"$$selfLink$$.outputs_activated_staff.outputs\",\"props\":{\"visible\":false}}],\"2\":[{\"item\":\"$$selfLink$$.outputs_activated_staff.time\",\"props\":{\"visible\":true}}],\"3\":[{\"item\":\"$$selfLink$$.outputs_activated_staff.time\",\"props\":{\"visible\":true}},{\"item\":\"$$selfLink$$.outputs_activated_staff.time.selector\",\"props\":{\"enum\":[0,1],\"enumNames\":[\"##Миллисекунды##\",\"##Секунды##\"],\"default\":1}}]}},\"time\":{\"type\":\"object\",\"widget\":\"combotime\",\"title\":\"##Время##\",\"properties\":{\"selector\":{\"type\":\"select\",\"widget\":\"select\",\"enum\":[0,1,2],\"enumNames\":[\"##Миллисекунды##\",\"##Секунды##\",\"##Бесконечность##\"],\"default\":1,\"dependencies\":{\"0\":[{\"item\":\"$$selfLink$$.outputs_activated_staff.time.select\",\"props\":{\"visible\":true}}],\"1\":[{\"item\":\"$$selfLink$$.outputs_activated_staff.time.input\",\"props\":{\"visible\":true}}]}},\"input\":{\"type\":\"string\",\"default\":1,\"validator\":{\"pattern\":\"number\",\"min\":1,\"max\":251}},\"select\":{\"type\":\"string\",\"widget\":\"select\",\"enum\":[0,1,2],\"enumNames\":[\"250\",\"500\",\"750\"],\"default\":0}}},\"outputs\":{\"type\":\"object\",\"widget\":\"container\",\"title\":\"\",\"properties\":{\"$$allParentOutputs\":\"$$\"}}}},\"outputs_activated_visitor\":{\"type\":\"section\",\"title\":\"##Дополнительные выходы, активизируемые при предъявлении валидных идентификаторов ПОСЕТИТЕЛЕЙ##\",\"properties\":{\"time_prop\":{\"type\":\"string\",\"widget\":\"select\",\"enum\":[0,1,2,3],\"enumNames\":[\"##Не задано##\",\"##На время срабатывания##\",\"##На указанное время##\",\"##На время срабатывания и после срабатывания##\"],\"title\":\"##Критерий активизации##\",\"default\":0,\"dependencies\":{\"0\":[{\"item\":\"$$selfLink$$.outputs_activated_visitor.outputs\",\"props\":{\"visible\":false}}],\"2\":[{\"item\":\"$$selfLink$$.outputs_activated_visitor.time\",\"props\":{\"visible\":true}}],\"3\":[{\"item\":\"$$selfLink$$.outputs_activated_visitor.time\",\"props\":{\"visible\":true}},{\"item\":\"$$selfLink$$.outputs_activated_visitor.time.selector\",\"props\":{\"enum\":[0,1],\"enumNames\":[\"##Миллисекунды##\",\"##Секунды##\"],\"default\":1}}]}},\"time\":{\"type\":\"object\",\"widget\":\"combotime\",\"title\":\"##Время##\",\"properties\":{\"selector\":{\"type\":\"select\",\"widget\":\"select\",\"enum\":[0,1,2],\"enumNames\":[\"##Миллисекунды##\",\"##Секунды##\",\"##Бесконечность##\"],\"default\":1,\"dependencies\":{\"0\":[{\"item\":\"$$selfLink$$.outputs_activated_visitor.time.select\",\"props\":{\"visible\":true}}],\"1\":[{\"item\":\"$$selfLink$$.outputs_activated_visitor.time.input\",\"props\":{\"visible\":true}}]}},\"input\":{\"type\":\"string\",\"default\":1,\"validator\":{\"pattern\":\"number\",\"min\":1,\"max\":251}},\"select\":{\"type\":\"string\",\"widget\":\"select\",\"enum\":[0,1,2],\"enumNames\":[\"250\",\"500\",\"750\"],\"default\":0}}},\"outputs\":{\"type\":\"object\",\"widget\":\"container\",\"title\":\"\",\"properties\":{\"$$allParentOutputs\":\"$$\"}}}}}}'),(57,'input_type_1',NULL,'{\"parent_schema\":\"input\"}'),(58,'output_type_1',NULL,'{\"parent_schema\":\"output\"}'),(59,'device_type_18',NULL,'{\"0\":{\"is_hub\":1,\"resources\":{\"input\":{\"1\":{\"type\":1},\"2\":{\"type\":1}},\"output\":{\"3\":{\"type\":1},\"4\":{\"type\":1}},\"network\":{\"type\":1},\"hw_state\":{\"type\":1},\"settings\":{\"type\":1},\"connection\":{\"type\":1}}},\"1\":{\"device_type\":400,\"commission_card_count\":192}}'),(60,'device_type_400',NULL,'{\"resources\":{\"reader\":{\"1\":{\"type\":1},\"2\":{\"type\":1}},\"lock\":{\"type\":1},\"alarm_gen\":{\"type\":1}}}'),(61,'device_type_401',NULL,'{\"resources\":{\"reader\":{\"type\":4},\"lock\":{\"type\":3},\"alarm_gen\":{\"type\":2}}}'),(62,'device_type_19',NULL,'{\"0\":{\"is_hub\":1,\"resources\":{\"input\":{\"1\":{\"type\":1},\"2\":{\"type\":1}},\"output\":{\"3\":{\"type\":1},\"4\":{\"type\":1}},\"network\":{\"type\":1},\"hw_state\":{\"type\":1},\"settings\":{\"type\":1},\"connection\":{\"type\":1}}},\"1\":{\"device_type\":400,\"comission_card_count\":192},\"3\":{\"device_type\":401,\"comission_card_count\":64},\"4\":{\"device_type\":401,\"comission_card_count\":64},\"5\":{\"device_type\":401,\"comission_card_count\":64},\"6\":{\"device_type\":401,\"comission_card_count\":64},\"7\":{\"device_type\":401,\"comission_card_count\":64},\"8\":{\"device_type\":401,\"comission_card_count\":64},\"9\":{\"device_type\":401,\"comission_card_count\":64},\"10\":{\"device_type\":401,\"comission_card_count\":64}}'),(63,'device_type_22',NULL,'{\"0\":{\"is_hub\":1,\"resources\":{\"input\":{\"1\":{\"type\":5},\"2\":{\"type\":5}},\"output\":{\"1\":{\"type\":7},\"2\":{\"type\":7},\"3\":{\"type\":7},\"4\":{\"type\":7}},\"network\":{\"type\":1},\"hw_state\":{\"type\":1},\"settings\":{\"type\":1},\"connection\":{\"type\":1}}},\"1\":{\"device_type\":700,\"comission_card\":192},\"2\":{\"device_type\":700,\"comission_card\":192},\"3\":{\"device_type\":401,\"comission_card\":64},\"4\":{\"device_type\":401,\"comission_card\":64},\"5\":{\"device_type\":401,\"comission_card\":64},\"6\":{\"device_type\":401,\"comission_card\":64},\"7\":{\"device_type\":401,\"comission_card\":64},\"8\":{\"device_type\":401,\"comission_card\":64},\"9\":{\"device_type\":401,\"comission_card\":64},\"10\":{\"device_type\":401,\"comission_card\":64}}'),(64,'device_type_700',NULL,'{\"resources\":{\"reader\":{\"type\":4},\"lock\":{\"type\":3},\"alarm_gen\":{\"type\":3}}}'),(65,'input_type_6',NULL,'{\"type\":\"object\",\"widget\":\"section\",\"title\":\"$$optionsName$$\",\"link\":\"$$selfLink$$\",\"properties\":{\"type\":{\"type\":\"string\",\"widget\":\"select\",\"enum\":[1,2,3,4,5,6,7,8],\"enumNames\":[\"##Обычный##\",\"##Кнопка ПДУ - выход##\",\"##Кнопка ПДУ - стоп##\",\"##Сигнал прохода##\",\"##Вход Fire alarm##\",\"##Вход подтверждения ВВУ##\",\"##Вход запрета ВВУ##\",\"##Вход сброса тревоги##\"],\"title\":\"##Тип##\",\"default\":1,\"dependencies\":{\"1\":[{\"item\":\"$$selfLink$$.controller\",\"props\":{\"visible\":false}},{\"item\":\"$$selfLink$$.direction\",\"props\":{\"visible\":false}}],\"3\":[{\"item\":\"$$selfLink$$.direction\",\"props\":{\"visible\":false}}],\"5\":\"use 1\",\"8\":\"use 3\"}},\"controller\":{\"type\":\"string\",\"widget\":\"select\",\"title\":\"##Контроллер##\",\"$$childControllersSelector$$\":\"$$\",\"default\":\"1\"},\"direction\":{\"type\":\"string\",\"widget\":\"select\",\"title\":\"##Направление##\",\"enum\":[],\"enumNames\":[],\"default\":\"1\"},\"normal_state\":{\"type\":\"string\",\"widget\":\"select\",\"title\":\"##Нормальное состояние контакта##\",\"enum\":[0,1],\"enumNames\":[\"##Разомкнут##\",\"##Замкнут##\"],\"default\":0}}}'),(66,'output_type_13',NULL,'{\"type\":\"object\",\"widget\":\"section\",\"title\":\"$$optionsName$$\",\"link\":\"$$selfLink$$\",\"properties\":{\"command\":{\"type\":\"object\",\"widget\":\"commands\",\"title\":\"##Команды управления выходом##\",\"properties\":{\"normalize\":{\"type\":\"object\",\"command_type\":\"2\",\"command_value\":\"0\",\"command_number\":\"$$resourceNumber$$\",\"widget\":\"button\",\"title\":\"##Нормализовать##\"},\"activate\":{\"type\":\"object\",\"command_type\":\"2\",\"command_value\":\"1\",\"command_number\":\"$$resourceNumber$$\",\"widget\":\"button\",\"title\":\"##Активизировать##\",\"command_param\":{\"type\":\"object\",\"widget\":\"combotime\",\"title\":\"##Время активизации##\",\"properties\":{\"selector\":{\"type\":\"select\",\"widget\":\"select\",\"enum\":[0,1,2],\"enumNames\":[\"##Миллисекунды##\",\"##Секунды##\",\"##Бесконечность##\"],\"default\":1,\"dependencies\":{\"0\":[{\"item\":\"select\",\"props\":{\"visible\":true}}],\"1\":[{\"item\":\"input\",\"props\":{\"visible\":true}}]}},\"input\":{\"type\":\"string\",\"default\":5,\"validator\":{\"pattern\":\"number\",\"min\":1,\"max\":251}},\"select\":{\"type\":\"string\",\"widget\":\"select\",\"enum\":[0,1,2],\"enumNames\":[\"250\",\"500\",\"750\"],\"default\":0}}}}}},\"type\":{\"type\":\"string\",\"widget\":\"select\",\"enum\":[1,2,3],\"enumNames\":[\"##Обычный##\",\"##Выход управления ИУ##\",\"##Выход индикации ПДУ##\"],\"title\":\"##Тип##\",\"default\":1,\"dependencies\":{\"1\":[{\"item\":\"$$selfLink$$.controller\",\"props\":{\"visible\":false}},{\"item\":\"$$selfLink$$.direction\",\"props\":{\"visible\":false}},{\"item\":\"$$selfLink$$.command\",\"props\":{\"visible\":true}}]}},\"controller\":{\"type\":\"string\",\"widget\":\"select\",\"title\":\"##Контроллер##\",\"default\":\"$$optionsHardNumbers$$\",\"$$childControllersSelector$$\":\"$$\"},\"direction\":{\"type\":\"string\",\"widget\":\"select\",\"title\":\"##Направление##\",\"enum\":[],\"enumNames\":[],\"default\":\"$$optionsDir$$\"},\"normal_state\":{\"type\":\"string\",\"widget\":\"select\",\"title\":\"##Нормальное состояние##\",\"enum\":[0,1],\"enumNames\":[\"##Не запитан##\",\"##Запитан##\"],\"default\":0}}}'),(67,'lock_type_9',NULL,'{\"type\":\"object\",\"widget\":\"section\",\"title\":\"##ИУ##\",\"properties\":{\"command\":{\"type\":\"object\",\"widget\":\"commands\",\"title\":\"##Управление охранными зонами##\",\"properties\":{\"guard_on\":{\"type\":\"object\",\"command_type\":\"5\",\"command_value\":\"1\",\"command_number\":\"$$resourceNumber$$\",\"widget\":\"button\",\"title\":\"##Поставить на охрану##\"},\"guard_off\":{\"type\":\"object\",\"command_type\":\"5\",\"command_value\":\"0\",\"command_number\":\"$$resourceNumber$$\",\"widget\":\"button\",\"title\":\"##Снять с охраны##\"},\"reset_alarm\":{\"type\":\"object\",\"command_type\":\"4\",\"command_value\":\"0\",\"command_number\":\"$$resourceNumber$$\",\"widget\":\"button\",\"title\":\"##Снять тревогу##\"},\"clear_spatial_zones\":{\"type\":\"object\",\"command_type\":\"6\",\"command_value\":\"0\",\"command_number\":\"$$resourceNumber$$\",\"widget\":\"button\",\"title\":\"##Сбросить зональность##\"}}},\"algorithm\":{\"type\":\"string\",\"widget\":\"select\",\"title\":\"##Алгоритм##\",\"enum\":[1,2,3,4],\"enumNames\":[\"##Замок##\",\"##Турникет##\",\"##АТП##\",\"##Шлюз##\"],\"default\":1},\"check_pass_presentation_id\":{\"type\":\"boolean\",\"title\":\"##Регистрация прохода по предъявлению идентификатора##\",\"default\":false},\"hold_time\":{\"type\":\"object\",\"widget\":\"combotime\",\"title\":\"##Время удержания в разблокированном состоянии (время анализа идентификатора)##\",\"properties\":{\"selector\":{\"type\":\"select\",\"widget\":\"select\",\"enum\":[1,2],\"enumNames\":[\"##Секунды##\",\"##Бесконечность##\"],\"default\":1,\"dependencies\":{\"1\":[{\"item\":\"$$selfLink$$.hold_time.input\",\"props\":{\"visible\":true}}]}},\"input\":{\"type\":\"string\",\"default\":8,\"visible\":false,\"validator\":{\"pattern\":\"number\",\"min\":1,\"max\":251}}}},\"max_unblock_time\":{\"type\":\"object\",\"widget\":\"combotime\",\"title\":\"##Предельное время разблокировки##\",\"properties\":{\"selector\":{\"type\":\"select\",\"widget\":\"select\",\"enum\":[0,1,2],\"enumNames\":[\"##Миллисекунды##\",\"##Секунды##\",\"##Бесконечность##\"],\"default\":1,\"dependencies\":{\"0\":[{\"item\":\"$$selfLink$$.max_unblock_time.select\",\"props\":{\"visible\":true}}],\"1\":[{\"item\":\"$$selfLink$$.max_unblock_time.input\",\"props\":{\"visible\":true}}]}},\"input\":{\"type\":\"string\",\"default\":8,\"visible\":false,\"validator\":{\"pattern\":\"number\",\"min\":1,\"max\":251}},\"select\":{\"type\":\"string\",\"widget\":\"select\",\"visible\":false,\"enum\":[0,1,2],\"enumNames\":[\"250\",\"500\",\"750\"],\"default\":0}}},\"operation_mode_control_output_iu\":{\"type\":\"string\",\"widget\":\"select\",\"enum\":[1,0],\"enumNames\":[\"##Потенциальный##\",\"##Импульсный##\"],\"title\":\"##Режим работы выхода управления ИУ##\",\"default\":1,\"dependencies\":{\"0\":[{\"item\":\"$$selfLink$$.control_pulse_time\",\"props\":{\"visible\":true}}]}},\"control_pulse_time\":{\"type\":\"string\",\"widget\":\"select\",\"title\":\"##Длительность импульса управления ИУ (миллисекунд)##\",\"enum\":[250,500,750],\"enumNames\":[\"250\",\"500\",\"750\"],\"default\":500},\"normalization_iu_output\":{\"type\":\"string\",\"widget\":\"select\",\"enum\":[0,1],\"enumNames\":[\"##После \\\"Открытия\\\"##\",\"##После \\\"Закрытия\\\"##\"],\"title\":\"##Нормализация выхода ИУ##\",\"default\":0},\"fire_alarm_reaction\":{\"type\":\"string\",\"widget\":\"select\",\"title\":\"##Реакция на Fire alarm в режиме работы \\\"Охрана\\\"##\",\"enum\":[0,1],\"enumNames\":[\"##Блокировать ИУ##\",\"##Разблокировать ИУ##\"],\"default\":1},\"guard_identify_time\":{\"type\":\"object\",\"widget\":\"combotime\",\"title\":\"##Время идентификации постановки/снятия РКД \\\"Охрана\\\"##\",\"properties\":{\"selector\":{\"type\":\"select\",\"widget\":\"select\",\"enum\":[1,2],\"enumNames\":[\"##Секунды##\",\"##Бесконечность##\"],\"default\":1,\"dependencies\":{\"1\":[{\"item\":\"$$selfLink$$.guard_identify_time.input\",\"props\":{\"visible\":true}}]}},\"input\":{\"type\":\"string\",\"default\":8,\"visible\":false,\"validator\":{\"pattern\":\"number\",\"min\":1,\"max\":251}}}},\"is_antipass\":{\"type\":\"boolean\",\"title\":\"##Внутренняя защита от передачи идентификаторов (Local Antipass)##\",\"default\":false}}}'),(68,'direction_type_1',NULL,'{\"type\":\"object\",\"widget\":\"section\",\"title\":\"##Направление##\",\"properties\":{\"command\":{\"type\":\"commands\",\"title\":\"##Команды считывателя##\",\"properties\":{\"set_mode_open\":{\"command_type\":\"0\",\"command_value\":\"0\",\"command_direction\":\"$$directionNumber$$\",\"command_number\":\"$$resourceNumber$$\",\"title\":\"##Установить режим работы \\\"Открыто\\\"##\"},\"set_mode_control\":{\"command_type\":\"0\",\"command_value\":\"1\",\"command_direction\":\"$$directionNumber$$\",\"command_number\":\"$$resourceNumber$$\",\"title\":\"##Установить режим работы \\\"Контроль\\\"##\"},\"set_mode_closed\":{\"command_type\":\"0\",\"command_value\":\"3\",\"command_direction\":\"$$directionNumber$$\",\"command_number\":\"$$resourceNumber$$\",\"title\":\"##Установить режим работы \\\"Закрыто\\\"##\"},\"open_iu\":{\"command_type\":\"1\",\"command_value\":\"1\",\"command_direction\":\"$$directionNumber$$\",\"command_number\":\"$$resourceNumber$$\",\"title\":\"##Открыть (разблокировать) ИУ##\",\"command_param\":{\"type\":\"object\",\"widget\":\"combotime\",\"title\":\"##Время активизации##\",\"properties\":{\"selector\":{\"type\":\"select\",\"widget\":\"select\",\"enum\":[0,1,2],\"enumNames\":[\"##Миллисекунды##\",\"##Секунды##\",\"##Бесконечность##\"],\"default\":1,\"dependencies\":{\"0\":[{\"item\":\"select\",\"props\":{\"visible\":true}}],\"1\":[{\"item\":\"input\",\"props\":{\"visible\":true}}]}},\"input\":{\"type\":\"string\",\"default\":5,\"validator\":{\"pattern\":\"number\",\"min\":1,\"max\":251}},\"select\":{\"type\":\"string\",\"widget\":\"select\",\"enum\":[0,1,2],\"enumNames\":[\"250\",\"500\",\"750\"],\"default\":0}}}},\"close_iu\":{\"command_type\":\"1\",\"command_value\":\"0\",\"command_direction\":\"$$directionNumber$$\",\"command_number\":\"$$resourceNumber$$\",\"title\":\"##Закрыть (заблокировать) ИУ##\"}}},\"staff_antipass\":{\"type\":\"object\",\"widget\":\"section\",\"title\":\"##Защита от передачи идентификаторов СОТРУДНИКОВ (Antipass)##\",\"properties\":{\"open_mode\":{\"type\":\"string\",\"widget\":\"select\",\"title\":\"##В РЕЖИМЕ РАБОТЫ \\\"Открыто\\\"##\",\"enum\":[0,1],\"enumNames\":[\"##Нет##\",\"##Да##\"],\"default\":0},\"control_mode\":{\"type\":\"antipass\",\"title\":\"##В РЕЖИМЕ РАБОТЫ \\\"Контроль\\\"##\",\"default\":0},\"guard_mode\":{\"type\":\"antipass\",\"title\":\"##В РЕЖИМЕ РАБОТЫ \\\"Охрана\\\"##\",\"default\":0}}},\"visitor_antipass\":{\"type\":\"section\",\"title\":\"##Защита от передачи идентификаторов ПОСЕТИТЕЛЕЙ (Antipass)##\",\"properties\":{\"control_mode\":{\"type\":\"antipass\",\"title\":\"##В РЕЖИМЕ РАБОТЫ \\\"Контроль\\\"##\",\"default\":0}}},\"time_control_staff\":{\"type\":\"section\",\"title\":\"##Контроль времени для идентификаторов СОТРУДНИКОВ##\",\"properties\":{\"open_mode\":{\"type\":\"string\",\"widget\":\"select\",\"title\":\"##В РЕЖИМЕ РАБОТЫ \\\"Открыто\\\"##\",\"enum\":[0,1],\"enumNames\":[\"##Нет##\",\"##Да##\"],\"default\":0},\"control_mode\":{\"type\":\"antipass\",\"title\":\"##В РЕЖИМЕ РАБОТЫ \\\"Контроль\\\"##\",\"default\":0},\"guard_mode\":{\"type\":\"antipass\",\"title\":\"##В РЕЖИМЕ РАБОТЫ \\\"Охрана\\\"##\",\"default\":0}}},\"time_control_visitors\":{\"type\":\"section\",\"title\":\"##Контроль времени для идентификаторов ПОСЕТИТЕЛЕЙ##\",\"properties\":{\"control_mode\":{\"type\":\"antipass\",\"title\":\"##В РЕЖИМЕ РАБОТЫ \\\"Контроль\\\"##\",\"default\":0}}},\"verification\":{\"type\":\"section\",\"title\":\"##Верификация##\",\"properties\":{\"level\":{\"type\":\"section\",\"title\":\"##Уровни##\",\"properties\":{\"l1\":{\"type\":\"object\",\"widget\":\"container\",\"title\":\"##Уровень 1##\",\"properties\":{\"soft\":{\"type\":\"boolean\",\"title\":\"##Софт##\",\"default\":false},\"soft_if_connect\":{\"type\":\"boolean\",\"title\":\"##Софт, если подключен##\",\"default\":false},\"pdu\":{\"type\":\"boolean\",\"title\":\"##ПДУ##\",\"default\":false},\"vvu\":{\"type\":\"boolean\",\"title\":\"##ВВУ##\",\"default\":false},\"pdu_random\":{\"type\":\"boolean\",\"title\":\"##ПДУ выборочно##\",\"default\":false},\"vvu_random\":{\"type\":\"boolean\",\"title\":\"##ВВУ выборочно##\",\"default\":false},\"pass_counter\":{\"type\":\"boolean\",\"title\":\"##Счетчик проходов##\",\"default\":false}}},\"l2\":{\"type\":\"object\",\"widget\":\"container\",\"title\":\"##Уровень 2##\",\"properties\":{\"soft\":{\"type\":\"boolean\",\"title\":\"##Софт##\",\"default\":false},\"soft_if_connect\":{\"type\":\"boolean\",\"title\":\"##Софт, если подключен##\",\"default\":false},\"pdu\":{\"type\":\"boolean\",\"title\":\"##ПДУ##\",\"default\":false},\"vvu\":{\"type\":\"boolean\",\"title\":\"##ВВУ##\",\"default\":false},\"pdu_random\":{\"type\":\"boolean\",\"title\":\"##ПДУ выборочно##\",\"default\":false},\"vvu_random\":{\"type\":\"boolean\",\"title\":\"##ВВУ выборочно##\",\"default\":false},\"pass_counter\":{\"type\":\"boolean\",\"title\":\"##Счетчик проходов##\",\"default\":false}}},\"l3\":{\"type\":\"object\",\"widget\":\"container\",\"title\":\"##Уровень 3##\",\"properties\":{\"soft\":{\"type\":\"boolean\",\"title\":\"##Софт##\",\"default\":false},\"soft_if_connect\":{\"type\":\"boolean\",\"title\":\"##Софт, если подключен##\",\"default\":false},\"pdu\":{\"type\":\"boolean\",\"title\":\"##ПДУ##\",\"default\":false},\"vvu\":{\"type\":\"boolean\",\"title\":\"##ВВУ##\",\"default\":false},\"pdu_random\":{\"type\":\"boolean\",\"title\":\"##ПДУ выборочно##\",\"default\":false},\"vvu_random\":{\"type\":\"boolean\",\"title\":\"##ВВУ выборочно##\",\"default\":false},\"pass_counter\":{\"type\":\"boolean\",\"title\":\"##Счетчик проходов##\",\"default\":false}}},\"l4\":{\"type\":\"object\",\"widget\":\"container\",\"title\":\"##Уровень 4##\",\"properties\":{\"soft\":{\"type\":\"boolean\",\"title\":\"##Софт##\",\"default\":false},\"soft_if_connect\":{\"type\":\"boolean\",\"title\":\"##Софт, если подключен##\",\"default\":false},\"pdu\":{\"type\":\"boolean\",\"title\":\"##ПДУ##\",\"default\":false},\"vvu\":{\"type\":\"boolean\",\"title\":\"##ВВУ##\",\"default\":false},\"pdu_random\":{\"type\":\"boolean\",\"title\":\"##ПДУ выборочно##\",\"default\":false},\"vvu_random\":{\"type\":\"boolean\",\"title\":\"##ВВУ выборочно##\",\"default\":false},\"pass_counter\":{\"type\":\"boolean\",\"title\":\"##Счетчик проходов##\",\"default\":false}}}}},\"soft\":{\"type\":\"section\",\"title\":\"##Софт##\",\"properties\":{\"wait_time\":{\"type\":\"object\",\"widget\":\"combotime\",\"title\":\"##Время ожидания подтверждения##\",\"properties\":{\"selector\":{\"type\":\"select\",\"widget\":\"select\",\"enum\":[1,2],\"enumNames\":[\"##Секунды##\",\"##Бесконечность##\"],\"default\":1,\"dependencies\":{\"1\":[{\"item\":\"$$selfLink$$.verification.soft.wait_time.input\",\"props\":{\"visible\":true}}]}},\"input\":{\"type\":\"string\",\"default\":8,\"visible\":false,\"validator\":{\"pattern\":\"number\",\"min\":1,\"max\":251}}}}}},\"pdu\":{\"type\":\"section\",\"title\":\"##ПДУ##\",\"properties\":{\"pass\":{\"type\":\"object\",\"widget\":\"container\",\"title\":\"##Подтверждение прохода##\",\"properties\":{\"staff\":{\"type\":\"boolean\",\"title\":\"##При проходе СОТРУДНИКОВ##\",\"default\":false},\"staff_time_violation\":{\"type\":\"boolean\",\"title\":\"##При проходе СОТРУДНИКОВ с НАРУШЕНИЕМ ВРЕМЕНИ##\",\"default\":false},\"staff_place_violation\":{\"type\":\"boolean\",\"title\":\"##При проходе СОТРУДНИКОВ c НАРУШЕНИЕМ ЗОНАЛЬНОСТИ##\",\"default\":false},\"visitor\":{\"type\":\"boolean\",\"title\":\"##При проходе ПОСЕТИТЕЛЕЙ##\",\"default\":false},\"visitor_time_violation\":{\"type\":\"boolean\",\"title\":\"##При проходе ПОСЕТИТЕЛЕЙ с НАРУШЕНИЕМ ВРЕМЕНИ##\",\"default\":false},\"visitor_place_violation\":{\"type\":\"boolean\",\"title\":\"##При проходе ПОСЕТИТЕЛЕЙ с НАРУШЕНИЕМ ЗОНАЛЬНОСТИ##\",\"default\":false}}},\"visitor_pass_confirm\":{\"type\":\"string\",\"widget\":\"select\",\"title\":\"##Подтверждение прохода для ПОСЕТИТЕЛЕЙ##\",\"enum\":[0,1],\"enumNames\":[\"##Постоянно##\",\"##В последний день действия идентификатора##\"],\"default\":0},\"wait_time\":{\"type\":\"object\",\"widget\":\"combotime\",\"title\":\"##Время ожидания подтверждения##\",\"properties\":{\"selector\":{\"type\":\"select\",\"widget\":\"select\",\"enum\":[1,2],\"enumNames\":[\"##Секунды##\",\"##Бесконечность##\"],\"default\":1,\"dependencies\":{\"1\":[{\"item\":\"$$selfLink$$.verification.pdu.wait_time.input\",\"props\":{\"visible\":true}}]}},\"input\":{\"type\":\"string\",\"default\":8,\"visible\":false,\"validator\":{\"pattern\":\"number\",\"min\":1,\"max\":251}}}},\"random\":{\"type\":\"string\",\"title\":\"##Вероятность запуска верификации## (0..100%)\",\"validator\":{\"minLength\":1,\"min\":0,\"max\":100,\"pattern\":\"number\"},\"default\":\"0\"}}},\"vvu\":{\"type\":\"section\",\"title\":\"##ВВУ##\",\"properties\":{\"pass\":{\"type\":\"object\",\"widget\":\"container\",\"title\":\"##Подтверждение прохода##\",\"properties\":{\"staff\":{\"type\":\"boolean\",\"title\":\"##При проходе СОТРУДНИКОВ##\",\"default\":false},\"staff_time_violation\":{\"type\":\"boolean\",\"title\":\"##При проходе СОТРУДНИКОВ с НАРУШЕНИЕМ ВРЕМЕНИ##\",\"default\":false},\"staff_place_violation\":{\"type\":\"boolean\",\"title\":\"##При проходе СОТРУДНИКОВ c НАРУШЕНИЕМ ЗОНАЛЬНОСТИ##\",\"default\":false},\"visitor\":{\"type\":\"boolean\",\"title\":\"##При проходе ПОСЕТИТЕЛЕЙ##\",\"default\":false},\"visitor_time_violation\":{\"type\":\"boolean\",\"title\":\"##При проходе ПОСЕТИТЕЛЕЙ с НАРУШЕНИЕМ ВРЕМЕНИ##\",\"default\":false},\"visitor_place_violation\":{\"type\":\"boolean\",\"title\":\"##При проходе ПОСЕТИТЕЛЕЙ с НАРУШЕНИЕМ ЗОНАЛЬНОСТИ##\",\"default\":false}}},\"visitor_pass_confirm\":{\"type\":\"string\",\"widget\":\"select\",\"title\":\"##Подтверждение прохода для ПОСЕТИТЕЛЕЙ##\",\"enum\":[0,1],\"enumNames\":[\"##Постоянно##\",\"##В последний день действия идентификатора##\"],\"default\":0},\"wait_time\":{\"type\":\"object\",\"widget\":\"combotime\",\"title\":\"##Время ожидания подтверждения##\",\"properties\":{\"selector\":{\"type\":\"select\",\"widget\":\"select\",\"enum\":[1,2],\"enumNames\":[\"##Секунды##\",\"##Бесконечность##\"],\"default\":1,\"dependencies\":{\"1\":[{\"item\":\"$$selfLink$$.verification.vvu.wait_time.input\",\"props\":{\"visible\":true}}]}},\"input\":{\"type\":\"string\",\"default\":8,\"visible\":false,\"validator\":{\"pattern\":\"number\",\"min\":1,\"max\":251}}}},\"no_response\":{\"type\":\"string\",\"widget\":\"select\",\"title\":\"##По истечению времени подтверждения генерировать событие##\",\"enum\":[0,1],\"enumNames\":[\"##Запрет прохода от ВВУ##\",\"##Отказ от прохода, нет ответа от ВВУ##\"],\"default\":0},\"random\":{\"type\":\"string\",\"title\":\"##Вероятность запуска верификации## (0..100%)\",\"validator\":{\"minLength\":1,\"min\":0,\"max\":100,\"pattern\":\"number\"},\"default\":\"0\"}}},\"pass_counter\":{\"type\":\"section\",\"title\":\"##Счётчик##\",\"properties\":{\"wait_time\":{\"type\":\"object\",\"widget\":\"combotime\",\"title\":\"##Время ожидания подтверждения##\",\"properties\":{\"selector\":{\"type\":\"select\",\"widget\":\"select\",\"enum\":[1,2],\"enumNames\":[\"##Секунды##\",\"##Бесконечность##\"],\"default\":1,\"dependencies\":{\"1\":[{\"item\":\"$$selfLink$$.verification.pass_counter.wait_time.input\",\"props\":{\"visible\":true}}]}},\"input\":{\"type\":\"string\",\"default\":8,\"visible\":false,\"validator\":{\"pattern\":\"number\",\"min\":1,\"max\":251}}}}}}}},\"commission\":{\"type\":\"section\",\"title\":\"##Комиссионирование##\",\"properties\":{\"wait_confirm_time\":{\"type\":\"object\",\"widget\":\"combotime\",\"title\":\"##Время ожидания##\",\"properties\":{\"selector\":{\"type\":\"select\",\"widget\":\"select\",\"enum\":[1,2],\"enumNames\":[\"##Секунды##\",\"##Бесконечность##\"],\"default\":1,\"dependencies\":{\"1\":[{\"item\":\"$$selfLink$$.commission.wait_confirm_time.input\",\"props\":{\"visible\":true}}]}},\"input\":{\"type\":\"string\",\"default\":5,\"visible\":false,\"validator\":{\"pattern\":\"number\",\"min\":1,\"max\":251}}}},\"confirm_identify_time\":{\"type\":\"object\",\"widget\":\"combotime\",\"title\":\"##Время идентификации##\",\"properties\":{\"selector\":{\"type\":\"select\",\"widget\":\"select\",\"enum\":[1,2],\"enumNames\":[\"##Секунды##\",\"##Бесконечность##\"],\"default\":1,\"dependencies\":{\"1\":[{\"item\":\"$$selfLink$$.commission.confirm_identify_time.input\",\"props\":{\"visible\":true}}]}},\"input\":{\"type\":\"string\",\"default\":5,\"visible\":false,\"validator\":{\"pattern\":\"number\",\"min\":1,\"max\":251}}}}}},\"card_extract\":{\"type\":\"object\",\"widget\":\"section\",\"title\":\"##Изымать идентификаторы ПОСЕТИТЕЛЕЙ##\",\"properties\":{\"extract\":{\"type\":\"select\",\"title\":\"##Изымать идентификаторы ПОСЕТИТЕЛЕЙ##\",\"enum\":[0,1,2],\"enumNames\":[\"##Нет##\",\"##После любого прохода##\",\"##После прохода в последний день действия идентификатора##\"],\"default\":0}}},\"card_storage\":{\"type\":\"object\",\"widget\":\"section\",\"title\":\"##Поддержка картоприемника для идентификаторов ПОСЕТИТЕЛЕЙ##\",\"properties\":{\"is_enable\":{\"type\":\"select\",\"title\":\"##Поддержка картоприемника для идентификаторов ПОСЕТИТЕЛЕЙ##\",\"enum\":[0,1],\"enumNames\":[\"##Нет##\",\"##Да##\"],\"default\":0,\"dependencies\":{\"1\":[{\"item\":\"$$selfLink$$.card_storage.output\",\"props\":{\"visible\":true}}]}},\"output\":{\"type\":\"string\",\"widget\":\"select\",\"title\":\"##Номер выхода##\",\"default\":\"1\",\"$$allOutputsSelector\":\"$$\"}}}}}'),(78,'direction_type_2',NULL,'{\"type\":\"object\",\"widget\":\"section\",\"title\":\"##Направление##\",\"properties\":{\"staff_antipass\":{\"type\":\"boolean\",\"title\":\"##Защита от передачи идентификаторов СОТРУДНИКОВ (Antipass)##\",\"default\":false},\"visitor_antipass\":{\"type\":\"boolean\",\"title\":\"##Защита от передачи идентификаторов ПОСЕТИТЕЛЕЙ (Antipass)##\",\"default\":false},\"time_control_staff\":{\"type\":\"boolean\",\"title\":\"##Контроль времени для идентификаторов СОТРУДНИКОВ##\",\"default\":false},\"time_control_visitors\":{\"type\":\"boolean\",\"title\":\"##Контроль времени для идентификаторов ПОСЕТИТЕЛЕЙ##\",\"default\":false},\"identification_time\":{\"type\":\"object\",\"widget\":\"combotime\",\"title\":\"##Время идентификации##\",\"properties\":{\"selector\":{\"type\":\"select\",\"widget\":\"select\",\"enum\":[1,2],\"enumNames\":[\"##Секунды##\",\"##Бесконечность##\"],\"default\":1,\"dependencies\":{\"1\":[{\"item\":\"$$selfLink$$.identification_time.input\",\"props\":{\"visible\":true}}]}},\"input\":{\"type\":\"string\",\"default\":5,\"visible\":false,\"validator\":{\"pattern\":\"number\",\"min\":1,\"max\":251}}}}}}'),(79,'lock_type_10','licon s30','{\"type\":\"object\",\"widget\":\"section\",\"title\":\"##Свойства##\",\"properties\":{\"is_antipass\":{\"type\":\"boolean\",\"title\":\"##Внутренняя защита от передачи идентификаторов (Local Antipass)##\",\"default\":false},\"personalization_time\":{\"type\":\"object\",\"widget\":\"combotime\",\"title\":\"##Время ожидания персонализации от сервера##\",\"properties\":{\"selector\":{\"type\":\"select\",\"widget\":\"select\",\"enum\":[1,2],\"enumNames\":[\"##Секунды##\",\"##Бесконечность##\"],\"default\":1,\"visible\":false},\"input\":{\"type\":\"string\",\"default\":5,\"visible\":true,\"validator\":{\"pattern\":\"number\",\"min\":1,\"max\":251}}}},\"visible_time\":{\"type\":\"object\",\"widget\":\"combotime\",\"title\":\"##Время отображения информации на дисплее##\",\"properties\":{\"selector\":{\"type\":\"select\",\"widget\":\"select\",\"enum\":[1,2],\"enumNames\":[\"##Секунды##\",\"##Бесконечность##\"],\"default\":1,\"dependencies\":{\"1\":[{\"item\":\"$$selfLink$$.visible_time.input\",\"props\":{\"visible\":true}}]}},\"input\":{\"type\":\"string\",\"default\":3,\"visible\":false,\"validator\":{\"pattern\":\"number\",\"min\":1,\"max\":251}}}},\"time_zone_in\":{\"type\":\"string\",\"widget\":\"select\",\"title\":\"##Временная зона входа##\",\"$$timeZoneSelector\":\"$$\"},\"time_zone_out\":{\"type\":\"string\",\"widget\":\"select\",\"title\":\"##Временная зона выхода##\",\"$$timeZoneSelector\":\"$$\"}}}'),(80,'alarm_gen_type_8',NULL,'{\"type\":\"object\",\"widget\":\"section\",\"title\":\"##Генератор тревоги##\",\"properties\":{\"command\":{\"type\":\"object\",\"widget\":\"commands\",\"title\":\"##Команды управления тревогой СКУД##\",\"properties\":{\"reset_alarm\":{\"type\":\"object\",\"command_type\":\"3\",\"command_value\":\"0\",\"command_number\":\"$$resourceNumber$$\",\"widget\":\"button\",\"title\":\"##Сбросить тревогу##\"},\"raise_alarm\":{\"type\":\"object\",\"command_type\":\"3\",\"command_value\":\"1\",\"command_number\":\"$$resourceNumber$$\",\"widget\":\"button\",\"title\":\"##Поднять тревогу##\"}}},\"key_present_alarm\":{\"type\":\"object\",\"widget\":\"section\",\"title\":\"##Генерация тревоги при предъявлении идентификатора##\",\"properties\":{\"not_registered\":{\"type\":\"boolean\",\"title\":\"##Если ИДЕНТИФИКАТОР НЕ ЗАРЕГИСТРИРОВАН##\",\"default\":false},\"prohibited\":{\"type\":\"boolean\",\"title\":\"##Если ИДЕНТИФИКАТОР ЗАПРЕЩЁН##\",\"default\":false},\"expired\":{\"type\":\"boolean\",\"title\":\"##Если ИСТЁК СРОК ДЕЙСТВИЯ##\",\"default\":false},\"break_time\":{\"type\":\"boolean\",\"title\":\"##Если НАРУШЕНО ВРЕМЯ##\",\"default\":false},\"break_zone\":{\"type\":\"boolean\",\"title\":\"##Если НАРУШЕНА ЗОНАЛЬНОСТЬ##\",\"default\":false},\"break_mode\":{\"type\":\"boolean\",\"title\":\"##Если НАРУШЕН РЕЖИМ РАБОТЫ##\",\"default\":false},\"break_comission\":{\"type\":\"boolean\",\"title\":\"##Если НАРУШЕНО КОМИССИОНИРОВАНИЕ##\",\"default\":false}}},\"unauthorized_unlocking_alarm\":{\"type\":\"object\",\"widget\":\"section\",\"title\":\"##Генерация тревоги при несанкционированной разблокировке ИУ##\",\"properties\":{\"control_mode\":{\"type\":\"boolean\",\"title\":\"##В РЕЖИМЕ РАБОТЫ \\\"Контроль\\\"##\",\"default\":false},\"close_mode\":{\"type\":\"boolean\",\"title\":\"##В РЕЖИМЕ РАБОТЫ \\\"Закрыто\\\"##\",\"default\":false}}},\"long_open_door_alarm\":{\"type\":\"object\",\"widget\":\"section\",\"title\":\"##Генерация тревоги по недопустимо долгому открытию ИУ##\",\"properties\":{\"on\":{\"type\":\"boolean\",\"title\":\"##Включена##\",\"default\":false}}}}}'),(82,'gateway_type_2',NULL,'{\"type\":\"object\",\"widget\":\"section\",\"title\":\"##Шлюз##\",\"link\":\"$$selfLink$$\",\"properties\":{\"settings\":{\"type\":\"object\",\"widget\":\"section\",\"title\":\"##Настройки##\",\"properties\":{\"algorithm\":{\"type\":\"string\",\"widget\":\"select\",\"title\":\"##Алгоритм прохода##\",\"enum\":[1,2],\"enumNames\":[\"##Мягкий##\",\"##Жесткий##\"],\"default\":1},\"time\":{\"type\":\"string\",\"title\":\"##Время нахождения в шлюзе##\",\"validator\":{\"minLength\":1,\"min\":1,\"max\":1000,\"pattern\":\"number\"},\"default\":100}}},\"in1\":{\"type\":\"object\",\"widget\":\"section\",\"title\":\"##Дверь## 1 - ##вход в шлюз##\",\"properties\":{\"controller\":{\"type\":\"number\",\"widget\":\"select\",\"title\":\"##Контроллер##\",\"validator\":{\"required\":true},\"$$selectCL15controller\":\"$$\"},\"access_mode\":{\"type\":\"string\",\"widget\":\"select\",\"title\":\"##Режим доступа##\",\"enum\":[1,2,3],\"enumNames\":[\"##По считывателю##\",\"##ПО ДУ##\",\"##По считывателю и ДУ##\"],\"default\":1}}},\"out1\":{\"type\":\"object\",\"widget\":\"section\",\"title\":\"##Дверь## 1 - ##выход из шлюза##\",\"properties\":{\"controller\":{\"type\":\"number\",\"widget\":\"select\",\"title\":\"##Контроллер##\",\"validator\":{\"required\":true},\"$$selectCL15controller\":\"$$\"},\"access_mode\":{\"type\":\"string\",\"widget\":\"select\",\"title\":\"##Режим доступа##\",\"enum\":[1,2,3],\"enumNames\":[\"##По считывателю##\",\"##ПО ДУ##\",\"##По считывателю и ДУ##\"],\"default\":1}}},\"out2\":{\"type\":\"object\",\"widget\":\"section\",\"title\":\"##Дверь## 2 - ##выход из шлюза##\",\"properties\":{\"controller\":{\"type\":\"number\",\"widget\":\"select\",\"title\":\"##Контроллер##\",\"validator\":{\"required\":true},\"$$selectCL15controller\":\"$$\"},\"access_mode\":{\"type\":\"string\",\"widget\":\"select\",\"title\":\"##Режим доступа##\",\"enum\":[1,2,3],\"enumNames\":[\"##По считывателю##\",\"##ПО ДУ##\",\"##По считывателю и ДУ##\"],\"default\":1}}},\"in2\":{\"type\":\"object\",\"widget\":\"section\",\"title\":\"##Дверь## 2 - ##вход в шлюз##\",\"properties\":{\"controller\":{\"type\":\"number\",\"widget\":\"select\",\"title\":\"##Контроллер##\",\"validator\":{\"required\":true},\"$$selectCL15controller\":\"$$\"},\"access_mode\":{\"type\":\"string\",\"widget\":\"select\",\"title\":\"##Режим доступа##\",\"enum\":[1,2,3],\"enumNames\":[\"##По считывателю##\",\"##ПО ДУ##\",\"##По считывателю и ДУ##\"],\"default\":1}}}}}'),(83,'gateway_type_1',NULL,'{\"type\":\"object\",\"widget\":\"section\",\"title\":\"##Шлюз##\",\"link\":\"$$selfLink$$\",\"properties\":{\"settings\":{\"type\":\"object\",\"widget\":\"section\",\"title\":\"##Настройки##\",\"properties\":{\"algorithm\":{\"type\":\"string\",\"widget\":\"select\",\"title\":\"##Алгоритм прохода##\",\"enum\":[1,2],\"enumNames\":[\"##Мягкий##\",\"##Жесткий##\"],\"default\":1},\"time\":{\"type\":\"string\",\"title\":\"##Время нахождения в шлюзе##\",\"validator\":{\"minLength\":1,\"min\":1,\"max\":1000,\"pattern\":\"number\"},\"default\":100}}},\"in1\":{\"type\":\"object\",\"widget\":\"section\",\"title\":\"##Дверь## 1 - ##вход в шлюз##\",\"properties\":{\"controller\":{\"type\":\"string\",\"widget\":\"select\",\"title\":\"##Контроллер##\",\"htmlClass\":\"flat_select_large\",\"validator\":{\"required\":true},\"$$selectCTL14controller\":\"$$\"},\"access_mode\":{\"type\":\"string\",\"widget\":\"select\",\"title\":\"##Режим доступа##\",\"enum\":[1,2,3],\"enumNames\":[\"##По считывателю##\",\"##ПО ДУ##\",\"##По считывателю и ДУ##\"],\"default\":1}}},\"out1\":{\"type\":\"object\",\"widget\":\"section\",\"title\":\"##Дверь## 1 - ##выход из шлюза##\",\"properties\":{\"controller\":{\"type\":\"string\",\"widget\":\"select\",\"title\":\"##Контроллер##\",\"htmlClass\":\"flat_select_large\",\"validator\":{\"required\":true},\"$$selectCTL14controller\":\"$$\"},\"access_mode\":{\"type\":\"string\",\"widget\":\"select\",\"title\":\"##Режим доступа##\",\"enum\":[1,2,3],\"enumNames\":[\"##По считывателю##\",\"##ПО ДУ##\",\"##По считывателю и ДУ##\"],\"default\":1}}},\"out2\":{\"type\":\"object\",\"widget\":\"section\",\"title\":\"##Дверь## 2 - ##выход из шлюза##\",\"properties\":{\"controller\":{\"type\":\"string\",\"widget\":\"select\",\"title\":\"##Контроллер##\",\"htmlClass\":\"flat_select_large\",\"validator\":{\"required\":true},\"$$selectCTL14controller\":\"$$\"},\"access_mode\":{\"type\":\"string\",\"widget\":\"select\",\"title\":\"##Режим доступа##\",\"enum\":[1,2,3],\"enumNames\":[\"##По считывателю##\",\"##ПО ДУ##\",\"##По считывателю и ДУ##\"],\"default\":1}}},\"in2\":{\"type\":\"object\",\"widget\":\"section\",\"title\":\"##Дверь## 2 - ##вход в шлюз##\",\"properties\":{\"controller\":{\"type\":\"string\",\"widget\":\"select\",\"title\":\"##Контроллер##\",\"htmlClass\":\"flat_select_large\",\"validator\":{\"required\":true},\"$$selectCTL14controller\":\"$$\"},\"access_mode\":{\"type\":\"string\",\"widget\":\"select\",\"title\":\"##Режим доступа##\",\"enum\":[1,2,3],\"enumNames\":[\"##По считывателю##\",\"##ПО ДУ##\",\"##По считывателю и ДУ##\"],\"default\":1}}}}}'),(89,'suprema',NULL,'{\"0\":{\"is_hub\":0,\"resources\":{\"network\":{\"type\":1},\"settings\":{\"type\":2}}},\"1\":{\"resources\":{\"lock\":{\"type\":8},\"reader\":{\"type\":7}}}}'),(90,'lock_suprema',NULL,'{\"type\": \"object\", \"widget\": \"section\", \"title\": \"##Замок##\", \"properties\": {\"is_enable\": {\"type\": \"boolean\", \"title\": \"##Управление замком##\", \"visible\": true, \"default\": true, \"dependencies\": {\"false\": [{\"item\": \"$$selfLink$$.door_sensor\", \"props\": {\"visible\": false}}, {\"item\": \"$$selfLink$$.exit_button\", \"props\": {\"visible\": false}}, {\"item\": \"$$selfLink$$.door_sensor_input\", \"props\": {\"visible\": false}}, {\"item\": \"$$selfLink$$.exit_button_input\", \"props\": {\"visible\": false}}, {\"item\": \"$$selfLink$$.max_unblock_time\", \"props\": {\"visible\": false}}, {\"item\": \"$$selfLink$$.block_after_close\", \"props\": {\"visible\": false}}, {\"item\": \"$$selfLink$$.hold_time\", \"props\": {\"visible\": false}}, {\"item\": \"$$selfLink$$.check_pass_presentation_id\", \"props\": {\"visible\": false}}]}}, \"door_sensor\": {\"type\": \"select\", \"title\": \"##Датчик двери##\", \"enum\": [1, 2], \"enumNames\": [\"##Нормально замкнут##\", \"##Нормально разомкнут##\"], \"default\": 1}, \"exit_button\": {\"type\": \"select\", \"title\": \"##Кнопка \\\"Выход\\\"##\", \"enum\": [1, 2], \"enumNames\": [\"##Нормально замкнута##\", \"##Нормально разомкнута##\"], \"default\": 1}, \"door_sensor_input\": {\"type\": \"select\", \"title\": \"##Вход датчика двери##\", \"enum\": [0, 1], \"enumNames\": [\"##Вход 0##\", \"##Вход 1##\"], \"default\": 0}, \"exit_button_input\": {\"type\": \"select\", \"title\": \"##Вход кнопки \\\"Выход\\\"##\", \"enum\": [0, 1], \"enumNames\": [\"##Вход 0##\", \"##Вход 1##\"], \"default\": 1}, \"max_unblock_time\": {\"type\": \"object\", \"widget\": \"combotime\", \"title\": \"##Предельное время открытия двери##\", \"properties\": {\"selector\": {\"type\": \"select\", \"widget\": \"select\", \"enum\": [0, 1, 2], \"enumNames\": [\"##Миллисекунды##\", \"##Секунды##\", \"##Бесконечность##\"], \"default\": 1, \"dependencies\": {\"0\": [{\"item\": \"$$selfLink$$.max_unblock_time.select\", \"props\": {\"visible\": true}}], \"1\": [{\"item\": \"$$selfLink$$.max_unblock_time.input\", \"props\": {\"visible\": true}}]}}, \"input\": {\"type\": \"string\", \"default\": 8, \"visible\": false, \"validator\": {\"pattern\": \"number\", \"min\": 1, \"max\": 251}}, \"select\": {\"type\": \"string\", \"widget\": \"select\", \"visible\": false, \"enum\": [0, 1, 2], \"enumNames\": [\"250\", \"500\", \"750\"], \"default\": 0}}}, \"block_after_close\": {\"type\": \"boolean\", \"title\": \"##Блокировать дверь после закрытия##\", \"default\": false}, \"hold_time\": {\"type\": \"object\", \"widget\": \"combotime\", \"title\": \"##Время открытия двери##\", \"properties\": {\"selector\": {\"type\": \"select\", \"widget\": \"select\", \"enum\": [0, 1, 2], \"enumNames\": [\"##Миллисекунды##\", \"##Секунды##\", \"##Бесконечность##\"], \"default\": 1, \"dependencies\": {\"0\": [{\"item\": \"$$selfLink$$.hold_time.select\", \"props\": {\"visible\": true}}], \"1\": [{\"item\": \"$$selfLink$$.hold_time.input\", \"props\": {\"visible\": true}}]}}, \"input\": {\"type\": \"string\", \"default\": 4, \"visible\": false, \"validator\": {\"pattern\": \"number\", \"min\": 1, \"max\": 251}}, \"select\": {\"type\": \"string\", \"widget\": \"select\", \"visible\": false, \"enum\": [0, 1, 2], \"enumNames\": [\"250\", \"500\", \"750\"], \"default\": 0}}}, \"check_pass_presentation_id\": {\"type\": \"boolean\", \"title\": \"##Регистрация прохода по предъявлению идентификатора##\", \"default\": false}, \"controller_pdu\": {\"type\": \"string\", \"widget\": \"select\", \"title\": \"##Подтверждение прохода от контроллера##\", \"$$selectPDUcontroller\": \"$$\"}}}'),(91,'reader_suprema',NULL,'{\"type\":\"object\",\"widget\":\"section\",\"title\":\"##Считыватель##\",\"properties\":{\"command\":{\"type\":\"commands\",\"title\":\"##Команды считывателя##\",\"properties\":{\"set_mode_open\":{\"command_type\":\"0\",\"command_value\":\"0\",\"command_number\":\"$$resourceNumber$$\",\"title\":\"##Установить режим работы \\\"Открыто\\\"##\"},\"set_mode_control\":{\"command_type\":\"0\",\"command_value\":\"1\",\"command_number\":\"$$resourceNumber$$\",\"title\":\"##Установить режим работы \\\"Контроль\\\"##\"},\"set_mode_closed\":{\"command_type\":\"0\",\"command_value\":\"3\",\"command_number\":\"$$resourceNumber$$\",\"title\":\"##Установить режим работы \\\"Закрыто\\\"##\"}}},\"sensitivity\":{\"type\":\"select\",\"title\":\"##Чувствительность##\",\"enum\":[0,1,2,3,4,5,6,7],\"enumNames\":[\"##Низкая##\",\"##Уровень 1##\",\"##Уровень 2##\",\"##Уровень 3##\",\"##Уровень 4##\",\"##Уровень 5##\",\"##Уровень 6##\",\"##Высокая##\"],\"default\":0},\"wiegand_mode\":{\"type\":\"select\",\"title\":\"##Режим Wiegand##\",\"enum\":[0,1],\"enumNames\":[\"##Вход##\",\"##Выход##\"],\"default\":0,\"dependencies\":{\"1\":[{\"item\":\"$$selfLink$$.wiegand_auth\",\"props\":{\"visible\":true}}]}},\"wiegand_auth\":{\"title\":\"##Использовать аутентификацию##\",\"type\":\"boolean\",\"visible\":false,\"default\":true},\"ident_byte_order\":{\"enum\":[0,1],\"type\":\"string\",\"title\":\"##Порядок байт в идентификаторе##\",\"widget\":\"select\",\"default\":0,\"enumNames\":[\"##От старшего к младшему##\",\"##От младшему к старшему##\"]}}}'),(92,'reader_type_10','2v турникет','{\"parent_schema\":\"reader2\",\"properties\":{\"inputs_masked_unlocking_iu\":{\"type\":\"section\",\"title\":\"##Дополнительные входы, маскируемые при разблокировке ИУ##\",\"properties\":{\"time_prop\":{\"type\":\"string\",\"widget\":\"select\",\"enum\":[0,1,2,3],\"enumNames\":[\"##Не задано##\",\"##На время срабатывания##\",\"##На указанное время##\",\"##На время срабатывания и после срабатывания##\"],\"title\":\"##Критерий активизации##\",\"default\":0,\"dependencies\":{\"0\":[{\"item\":\"$$selfLink$$.inputs_masked_unlocking_iu.inputs\",\"props\":{\"visible\":false}}],\"2\":[{\"item\":\"$$selfLink$$.inputs_masked_unlocking_iu.time\",\"props\":{\"visible\":true}}],\"3\":[{\"item\":\"$$selfLink$$.inputs_masked_unlocking_iu.time\",\"props\":{\"visible\":true}},{\"item\":\"$$selfLink$$.inputs_masked_unlocking_iu.time.selector\",\"props\":{\"enum\":[0,1],\"enumNames\":[\"##Миллисекунды##\",\"##Секунды##\"],\"default\":1}}]}},\"time\":{\"type\":\"object\",\"widget\":\"combotime\",\"title\":\"##Время##\",\"properties\":{\"selector\":{\"type\":\"select\",\"widget\":\"select\",\"enum\":[0,1,2],\"enumNames\":[\"##Миллисекунды##\",\"##Секунды##\",\"##Бесконечность##\"],\"default\":1,\"dependencies\":{\"0\":[{\"item\":\"$$selfLink$$.inputs_masked_unlocking_iu.time.select\",\"props\":{\"visible\":true}}],\"1\":[{\"item\":\"$$selfLink$$.inputs_masked_unlocking_iu.time.input\",\"props\":{\"visible\":true}}]}},\"input\":{\"type\":\"string\",\"default\":1,\"validator\":{\"pattern\":\"number\",\"min\":1,\"max\":251}},\"select\":{\"type\":\"string\",\"widget\":\"select\",\"enum\":[0,1,2],\"enumNames\":[\"250\",\"500\",\"750\"],\"default\":0}}},\"inputs\":{\"type\":\"object\",\"widget\":\"container\",\"title\":\"\",\"properties\":{\"$$allParentInputs\":\"$$\"}}}},\"outputs_activated_unlocking_iu\":{\"type\":\"section\",\"title\":\"##Дополнительные выходы, активизируемые при разблокировке ИУ##\",\"properties\":{\"time_prop\":{\"type\":\"string\",\"widget\":\"select\",\"enum\":[0,1,2,3],\"enumNames\":[\"##Не задано##\",\"##На время срабатывания##\",\"##На указанное время##\",\"##На время срабатывания и после срабатывания##\"],\"title\":\"##Критерий активизации##\",\"default\":0,\"dependencies\":{\"0\":[{\"item\":\"$$selfLink$$.outputs_activated_unlocking_iu.outputs\",\"props\":{\"visible\":false}}],\"2\":[{\"item\":\"$$selfLink$$.outputs_activated_unlocking_iu.time\",\"props\":{\"visible\":true}}],\"3\":[{\"item\":\"$$selfLink$$.outputs_activated_unlocking_iu.time\",\"props\":{\"visible\":true}},{\"item\":\"$$selfLink$$.outputs_activated_unlocking_iu.time.selector\",\"props\":{\"enum\":[0,1],\"enumNames\":[\"##Миллисекунды##\",\"##Секунды##\"],\"default\":1}}]}},\"time\":{\"type\":\"object\",\"widget\":\"combotime\",\"title\":\"##Время##\",\"properties\":{\"selector\":{\"type\":\"select\",\"widget\":\"select\",\"enum\":[0,1,2],\"enumNames\":[\"##Миллисекунды##\",\"##Секунды##\",\"##Бесконечность##\"],\"default\":1,\"dependencies\":{\"0\":[{\"item\":\"$$selfLink$$.outputs_activated_unlocking_iu.time.select\",\"props\":{\"visible\":true}}],\"1\":[{\"item\":\"$$selfLink$$.outputs_activated_unlocking_iu.time.input\",\"props\":{\"visible\":true}}]}},\"input\":{\"type\":\"string\",\"default\":1,\"validator\":{\"pattern\":\"number\",\"min\":1,\"max\":251}},\"select\":{\"type\":\"string\",\"widget\":\"select\",\"enum\":[0,1,2],\"enumNames\":[\"250\",\"500\",\"750\"],\"default\":0}}},\"outputs\":{\"type\":\"object\",\"widget\":\"container\",\"title\":\"\",\"properties\":{\"$$allParentOutputs\":\"$$\"}}}},\"outputs_normalize_unlocking_iu\":{\"type\":\"section\",\"title\":\"##Дополнительные выходы, нормализируемые при разблокировке ИУ##\",\"properties\":{\"time_prop\":{\"type\":\"string\",\"widget\":\"select\",\"enum\":[0,1,2,3],\"enumNames\":[\"##Не задано##\",\"##На время срабатывания##\",\"##На указанное время##\",\"##На время срабатывания и после срабатывания##\"],\"title\":\"##Критерий активизации##\",\"default\":0,\"dependencies\":{\"0\":[{\"item\":\"$$selfLink$$.outputs_normalize_unlocking_iu.outputs\",\"props\":{\"visible\":false}}],\"2\":[{\"item\":\"$$selfLink$$.outputs_normalize_unlocking_iu.time\",\"props\":{\"visible\":true}}],\"3\":[{\"item\":\"$$selfLink$$.outputs_normalize_unlocking_iu.time\",\"props\":{\"visible\":true}},{\"item\":\"$$selfLink$$.outputs_normalize_unlocking_iu.time.selector\",\"props\":{\"enum\":[0,1],\"enumNames\":[\"##Миллисекунды##\",\"##Секунды##\"],\"default\":1}}]}},\"time\":{\"type\":\"object\",\"widget\":\"combotime\",\"title\":\"##Время##\",\"properties\":{\"selector\":{\"type\":\"select\",\"widget\":\"select\",\"enum\":[0,1,2],\"enumNames\":[\"##Миллисекунды##\",\"##Секунды##\",\"##Бесконечность##\"],\"default\":1,\"dependencies\":{\"0\":[{\"item\":\"$$selfLink$$.outputs_normalize_unlocking_iu.time.select\",\"props\":{\"visible\":true}}],\"1\":[{\"item\":\"$$selfLink$$.outputs_normalize_unlocking_iu.time.input\",\"props\":{\"visible\":true}}]}},\"input\":{\"type\":\"string\",\"default\":1,\"validator\":{\"pattern\":\"number\",\"min\":1,\"max\":251}},\"select\":{\"type\":\"string\",\"widget\":\"select\",\"enum\":[0,1,2],\"enumNames\":[\"250\",\"500\",\"750\"],\"default\":0}}},\"outputs\":{\"type\":\"object\",\"widget\":\"container\",\"title\":\"\",\"properties\":{\"$$allParentOutputs\":\"$$\"}}}},\"outputs_activated_staff\":{\"type\":\"section\",\"title\":\"##Дополнительные выходы, активизируемые при предъявлении валидных идентификаторов СОТРУДНИКОВ##\",\"properties\":{\"time_prop\":{\"type\":\"string\",\"widget\":\"select\",\"enum\":[0,1,2,3],\"enumNames\":[\"##Не задано##\",\"##На время срабатывания##\",\"##На указанное время##\",\"##На время срабатывания и после срабатывания##\"],\"title\":\"##Критерий активизации##\",\"default\":0,\"dependencies\":{\"0\":[{\"item\":\"$$selfLink$$.outputs_activated_staff.outputs\",\"props\":{\"visible\":false}}],\"2\":[{\"item\":\"$$selfLink$$.outputs_activated_staff.time\",\"props\":{\"visible\":true}}],\"3\":[{\"item\":\"$$selfLink$$.outputs_activated_staff.time\",\"props\":{\"visible\":true}},{\"item\":\"$$selfLink$$.outputs_activated_staff.time.selector\",\"props\":{\"enum\":[0,1],\"enumNames\":[\"##Миллисекунды##\",\"##Секунды##\"],\"default\":1}}]}},\"time\":{\"type\":\"object\",\"widget\":\"combotime\",\"title\":\"##Время##\",\"properties\":{\"selector\":{\"type\":\"select\",\"widget\":\"select\",\"enum\":[0,1,2],\"enumNames\":[\"##Миллисекунды##\",\"##Секунды##\",\"##Бесконечность##\"],\"default\":1,\"dependencies\":{\"0\":[{\"item\":\"$$selfLink$$.outputs_activated_staff.time.select\",\"props\":{\"visible\":true}}],\"1\":[{\"item\":\"$$selfLink$$.outputs_activated_staff.time.input\",\"props\":{\"visible\":true}}]}},\"input\":{\"type\":\"string\",\"default\":1,\"validator\":{\"pattern\":\"number\",\"min\":1,\"max\":251}},\"select\":{\"type\":\"string\",\"widget\":\"select\",\"enum\":[0,1,2],\"enumNames\":[\"250\",\"500\",\"750\"],\"default\":0}}},\"outputs\":{\"type\":\"object\",\"widget\":\"container\",\"title\":\"\",\"properties\":{\"$$allParentOutputs\":\"$$\"}}}},\"outputs_activated_visitor\":{\"type\":\"section\",\"title\":\"##Дополнительные выходы, активизируемые при предъявлении валидных идентификаторов ПОСЕТИТЕЛЕЙ##\",\"properties\":{\"time_prop\":{\"type\":\"string\",\"widget\":\"select\",\"enum\":[0,1,2,3],\"enumNames\":[\"##Не задано##\",\"##На время срабатывания##\",\"##На указанное время##\",\"##На время срабатывания и после срабатывания##\"],\"title\":\"##Критерий активизации##\",\"default\":0,\"dependencies\":{\"0\":[{\"item\":\"$$selfLink$$.outputs_activated_visitor.outputs\",\"props\":{\"visible\":false}}],\"2\":[{\"item\":\"$$selfLink$$.outputs_activated_visitor.time\",\"props\":{\"visible\":true}}],\"3\":[{\"item\":\"$$selfLink$$.outputs_activated_visitor.time\",\"props\":{\"visible\":true}},{\"item\":\"$$selfLink$$.outputs_activated_visitor.time.selector\",\"props\":{\"enum\":[0,1],\"enumNames\":[\"##Миллисекунды##\",\"##Секунды##\"],\"default\":1}}]}},\"time\":{\"type\":\"object\",\"widget\":\"combotime\",\"title\":\"##Время##\",\"properties\":{\"selector\":{\"type\":\"select\",\"widget\":\"select\",\"enum\":[0,1,2],\"enumNames\":[\"##Миллисекунды##\",\"##Секунды##\",\"##Бесконечность##\"],\"default\":1,\"dependencies\":{\"0\":[{\"item\":\"$$selfLink$$.outputs_activated_visitor.time.select\",\"props\":{\"visible\":true}}],\"1\":[{\"item\":\"$$selfLink$$.outputs_activated_visitor.time.input\",\"props\":{\"visible\":true}}]}},\"input\":{\"type\":\"string\",\"default\":1,\"validator\":{\"pattern\":\"number\",\"min\":1,\"max\":251}},\"select\":{\"type\":\"string\",\"widget\":\"select\",\"enum\":[0,1,2],\"enumNames\":[\"250\",\"500\",\"750\"],\"default\":0}}},\"outputs\":{\"type\":\"object\",\"widget\":\"container\",\"title\":\"\",\"properties\":{\"$$allParentOutputs\":\"$$\"}}}}}}'),(93,'reader_type_9','2v замок','{\"parent_schema\":\"reader2\",\"properties\":{\"staff_antipass\":{\"properties\":{\"protection_mode\":{\"type\":\"antipass\",\"title\":\"##В РЕЖИМЕ РАБОТЫ \\\"Охрана\\\"##\",\"default\":0}}},\"time_control_staff\":{\"properties\":{\"protection_mode\":{\"type\":\"antipass\",\"title\":\"##В РЕЖИМЕ РАБОТЫ \\\"Охрана\\\"##\",\"default\":0}}},\"inputs_masked_unlocking_iu\":{\"type\":\"section\",\"title\":\"##Дополнительные входы, маскируемые при разблокировке ИУ##\",\"properties\":{\"time_prop\":{\"type\":\"string\",\"widget\":\"select\",\"enum\":[0,1,2,3],\"enumNames\":[\"##Не задано##\",\"##На время срабатывания##\",\"##На указанное время##\",\"##На время срабатывания и после срабатывания##\"],\"title\":\"##Критерий активизации##\",\"default\":0,\"dependencies\":{\"0\":[{\"item\":\"$$selfLink$$.inputs_masked_unlocking_iu.inputs\",\"props\":{\"visible\":false}}],\"2\":[{\"item\":\"$$selfLink$$.inputs_masked_unlocking_iu.time\",\"props\":{\"visible\":true}}],\"3\":[{\"item\":\"$$selfLink$$.inputs_masked_unlocking_iu.time\",\"props\":{\"visible\":true}},{\"item\":\"$$selfLink$$.inputs_masked_unlocking_iu.time.selector\",\"props\":{\"enum\":[0,1],\"enumNames\":[\"##Миллисекунды##\",\"##Секунды##\"],\"default\":1}}]}},\"time\":{\"type\":\"object\",\"widget\":\"combotime\",\"title\":\"##Время##\",\"properties\":{\"selector\":{\"type\":\"select\",\"widget\":\"select\",\"enum\":[0,1,2],\"enumNames\":[\"##Миллисекунды##\",\"##Секунды##\",\"##Бесконечность##\"],\"default\":1,\"dependencies\":{\"0\":[{\"item\":\"$$selfLink$$.inputs_masked_unlocking_iu.time.select\",\"props\":{\"visible\":true}}],\"1\":[{\"item\":\"$$selfLink$$.inputs_masked_unlocking_iu.time.input\",\"props\":{\"visible\":true}}]}},\"input\":{\"type\":\"string\",\"default\":1,\"validator\":{\"pattern\":\"number\",\"min\":1,\"max\":251}},\"select\":{\"type\":\"string\",\"widget\":\"select\",\"enum\":[0,1,2],\"enumNames\":[\"250\",\"500\",\"750\"],\"default\":0}}},\"inputs\":{\"type\":\"object\",\"widget\":\"container\",\"title\":\"\",\"properties\":{\"$$allParentInputs\":\"$$\"}}}},\"outputs_activated_unlocking_iu\":{\"type\":\"section\",\"title\":\"##Дополнительные выходы, активизируемые при разблокировке ИУ##\",\"properties\":{\"time_prop\":{\"type\":\"string\",\"widget\":\"select\",\"enum\":[0,1,2,3],\"enumNames\":[\"##Не задано##\",\"##На время срабатывания##\",\"##На указанное время##\",\"##На время срабатывания и после срабатывания##\"],\"title\":\"##Критерий активизации##\",\"default\":0,\"dependencies\":{\"0\":[{\"item\":\"$$selfLink$$.outputs_activated_unlocking_iu.outputs\",\"props\":{\"visible\":false}}],\"2\":[{\"item\":\"$$selfLink$$.outputs_activated_unlocking_iu.time\",\"props\":{\"visible\":true}}],\"3\":[{\"item\":\"$$selfLink$$.outputs_activated_unlocking_iu.time\",\"props\":{\"visible\":true}},{\"item\":\"$$selfLink$$.outputs_activated_unlocking_iu.time.selector\",\"props\":{\"enum\":[0,1],\"enumNames\":[\"##Миллисекунды##\",\"##Секунды##\"],\"default\":1}}]}},\"time\":{\"type\":\"object\",\"widget\":\"combotime\",\"title\":\"##Время##\",\"properties\":{\"selector\":{\"type\":\"select\",\"widget\":\"select\",\"enum\":[0,1,2],\"enumNames\":[\"##Миллисекунды##\",\"##Секунды##\",\"##Бесконечность##\"],\"default\":1,\"dependencies\":{\"0\":[{\"item\":\"$$selfLink$$.outputs_activated_unlocking_iu.time.select\",\"props\":{\"visible\":true}}],\"1\":[{\"item\":\"$$selfLink$$.outputs_activated_unlocking_iu.time.input\",\"props\":{\"visible\":true}}]}},\"input\":{\"type\":\"string\",\"default\":1,\"validator\":{\"pattern\":\"number\",\"min\":1,\"max\":251}},\"select\":{\"type\":\"string\",\"widget\":\"select\",\"enum\":[0,1,2],\"enumNames\":[\"250\",\"500\",\"750\"],\"default\":0}}},\"outputs\":{\"type\":\"object\",\"widget\":\"container\",\"title\":\"\",\"properties\":{\"$$allParentOutputs\":\"$$\"}}}},\"outputs_normalize_unlocking_iu\":{\"type\":\"section\",\"title\":\"##Дополнительные выходы, нормализируемые при разблокировке ИУ##\",\"properties\":{\"time_prop\":{\"type\":\"string\",\"widget\":\"select\",\"enum\":[0,1,2,3],\"enumNames\":[\"##Не задано##\",\"##На время срабатывания##\",\"##На указанное время##\",\"##На время срабатывания и после срабатывания##\"],\"title\":\"##Критерий активизации##\",\"default\":0,\"dependencies\":{\"0\":[{\"item\":\"$$selfLink$$.outputs_normalize_unlocking_iu.outputs\",\"props\":{\"visible\":false}}],\"2\":[{\"item\":\"$$selfLink$$.outputs_normalize_unlocking_iu.time\",\"props\":{\"visible\":true}}],\"3\":[{\"item\":\"$$selfLink$$.outputs_normalize_unlocking_iu.time\",\"props\":{\"visible\":true}},{\"item\":\"$$selfLink$$.outputs_normalize_unlocking_iu.time.selector\",\"props\":{\"enum\":[0,1],\"enumNames\":[\"##Миллисекунды##\",\"##Секунды##\"],\"default\":1}}]}},\"time\":{\"type\":\"object\",\"widget\":\"combotime\",\"title\":\"##Время##\",\"properties\":{\"selector\":{\"type\":\"select\",\"widget\":\"select\",\"enum\":[0,1,2],\"enumNames\":[\"##Миллисекунды##\",\"##Секунды##\",\"##Бесконечность##\"],\"default\":1,\"dependencies\":{\"0\":[{\"item\":\"$$selfLink$$.outputs_normalize_unlocking_iu.time.select\",\"props\":{\"visible\":true}}],\"1\":[{\"item\":\"$$selfLink$$.outputs_normalize_unlocking_iu.time.input\",\"props\":{\"visible\":true}}]}},\"input\":{\"type\":\"string\",\"default\":1,\"validator\":{\"pattern\":\"number\",\"min\":1,\"max\":251}},\"select\":{\"type\":\"string\",\"widget\":\"select\",\"enum\":[0,1,2],\"enumNames\":[\"250\",\"500\",\"750\"],\"default\":0}}},\"outputs\":{\"type\":\"object\",\"widget\":\"container\",\"title\":\"\",\"properties\":{\"$$allParentOutputs\":\"$$\"}}}},\"outputs_activated_staff\":{\"type\":\"section\",\"title\":\"##Дополнительные выходы, активизируемые при предъявлении валидных идентификаторов СОТРУДНИКОВ##\",\"properties\":{\"time_prop\":{\"type\":\"string\",\"widget\":\"select\",\"enum\":[0,1,2,3],\"enumNames\":[\"##Не задано##\",\"##На время срабатывания##\",\"##На указанное время##\",\"##На время срабатывания и после срабатывания##\"],\"title\":\"##Критерий активизации##\",\"default\":0,\"dependencies\":{\"0\":[{\"item\":\"$$selfLink$$.outputs_activated_staff.outputs\",\"props\":{\"visible\":false}}],\"2\":[{\"item\":\"$$selfLink$$.outputs_activated_staff.time\",\"props\":{\"visible\":true}}],\"3\":[{\"item\":\"$$selfLink$$.outputs_activated_staff.time\",\"props\":{\"visible\":true}},{\"item\":\"$$selfLink$$.outputs_activated_staff.time.selector\",\"props\":{\"enum\":[0,1],\"enumNames\":[\"##Миллисекунды##\",\"##Секунды##\"],\"default\":1}}]}},\"time\":{\"type\":\"object\",\"widget\":\"combotime\",\"title\":\"##Время##\",\"properties\":{\"selector\":{\"type\":\"select\",\"widget\":\"select\",\"enum\":[0,1,2],\"enumNames\":[\"##Миллисекунды##\",\"##Секунды##\",\"##Бесконечность##\"],\"default\":1,\"dependencies\":{\"0\":[{\"item\":\"$$selfLink$$.outputs_activated_staff.time.select\",\"props\":{\"visible\":true}}],\"1\":[{\"item\":\"$$selfLink$$.outputs_activated_staff.time.input\",\"props\":{\"visible\":true}}]}},\"input\":{\"type\":\"string\",\"default\":1,\"validator\":{\"pattern\":\"number\",\"min\":1,\"max\":251}},\"select\":{\"type\":\"string\",\"widget\":\"select\",\"enum\":[0,1,2],\"enumNames\":[\"250\",\"500\",\"750\"],\"default\":0}}},\"outputs\":{\"type\":\"object\",\"widget\":\"container\",\"title\":\"\",\"properties\":{\"$$allParentOutputs\":\"$$\"}}}},\"outputs_activated_visitor\":{\"type\":\"section\",\"title\":\"##Дополнительные выходы, активизируемые при предъявлении валидных идентификаторов ПОСЕТИТЕЛЕЙ##\",\"properties\":{\"time_prop\":{\"type\":\"string\",\"widget\":\"select\",\"enum\":[0,1,2,3],\"enumNames\":[\"##Не задано##\",\"##На время срабатывания##\",\"##На указанное время##\",\"##На время срабатывания и после срабатывания##\"],\"title\":\"##Критерий активизации##\",\"default\":0,\"dependencies\":{\"0\":[{\"item\":\"$$selfLink$$.outputs_activated_staff.outputs\",\"props\":{\"visible\":false}}],\"2\":[{\"item\":\"$$selfLink$$.outputs_activated_staff.time\",\"props\":{\"visible\":true}}],\"3\":[{\"item\":\"$$selfLink$$.outputs_activated_staff.time\",\"props\":{\"visible\":true}},{\"item\":\"$$selfLink$$.outputs_activated_staff.time.selector\",\"props\":{\"enum\":[0,1],\"enumNames\":[\"##Миллисекунды##\",\"##Секунды##\"],\"default\":1}}]}},\"time\":{\"type\":\"object\",\"widget\":\"combotime\",\"title\":\"##Время##\",\"properties\":{\"selector\":{\"type\":\"select\",\"widget\":\"select\",\"enum\":[0,1,2],\"enumNames\":[\"##Миллисекунды##\",\"##Секунды##\",\"##Бесконечность##\"],\"default\":1,\"dependencies\":{\"0\":[{\"item\":\"$$selfLink$$.outputs_activated_visitor.time.select\",\"props\":{\"visible\":true}}],\"1\":[{\"item\":\"$$selfLink$$.outputs_activated_visitor.time.input\",\"props\":{\"visible\":true}}]}},\"input\":{\"type\":\"string\",\"default\":1,\"validator\":{\"pattern\":\"number\",\"min\":1,\"max\":251}},\"select\":{\"type\":\"string\",\"widget\":\"select\",\"enum\":[0,1,2],\"enumNames\":[\"250\",\"500\",\"750\"],\"default\":0}}},\"outputs\":{\"type\":\"object\",\"widget\":\"container\",\"title\":\"\",\"properties\":{\"$$allParentOutputs\":\"$$\"}}}}}}'),(94,'input_type_7',NULL,'{\"type\":\"section\",\"title\":\"##Дополнительный вход##\",\"properties\":{\"type\":{\"type\":\"string\",\"widget\":\"select\",\"enum\":[0,1,2,3,4,5],\"enumNames\":[\"##Нет##\",\"##Обычный##\",\"##Специальный##\",\"Fire alarm\",\"##Подтверждение от ВВУ##\",\"##Запрет от ВВУ##\"],\"title\":\"##Тип##\",\"default\":0,\"dependencies\":{\"0\":[{\"item\":\"$$selfLink$$.normal_state\",\"props\":{\"visible\":false}}],\"1\":[{\"item\":\"$$selfLink$$.inputs_masked\",\"props\":{\"visible\":true}},{\"item\":\"$$selfLink$$.outputs_normalize\",\"props\":{\"visible\":true}},{\"item\":\"$$selfLink$$.outputs_activated\",\"props\":{\"visible\":true}}],\"2\":[{\"item\":\"$$selfLink$$.alarm_gen_reset\",\"props\":{\"visible\":true}}],\"4\":[{\"item\":\"$$selfLink$$.iu_number\",\"props\":{\"visible\":true}}],\"5\":\"use 4\"}},\"normal_state\":{\"type\":\"string\",\"widget\":\"select\",\"title\":\"##Нормальное состояние контакта##\",\"enum\":[0,1],\"enumNames\":[\"##Разомкнут##\",\"##Замкнут##\"],\"default\":0},\"inputs_masked\":{\"type\":\"object\",\"title\":\"##Дополнительные входы, маскируемые при активизации##\",\"widget\":\"container\",\"properties\":{\"time_prop\":{\"type\":\"string\",\"widget\":\"select\",\"enum\":[0,1,2,3],\"enumNames\":[\"##Не задано##\",\"##На время срабатывания##\",\"##На указанное время##\",\"##На время срабатывания и после срабатывания##\"],\"title\":\"##Критерий маскирования##\",\"default\":0,\"dependencies\":{\"0\":[{\"item\":\"$$selfLink$$.inputs_masked.inputs\",\"props\":{\"visible\":false}}],\"2\":[{\"item\":\"$$selfLink$$.inputs_masked.time\",\"props\":{\"visible\":true}}],\"3\":[{\"item\":\"$$selfLink$$.inputs_masked.time\",\"props\":{\"visible\":true}},{\"item\":\"$$selfLink$$.inputs_masked.time.selector\",\"props\":{\"enum\":[0,1],\"enumNames\":[\"##Миллисекунды##\",\"##Секунды##\"],\"default\":1}}]}},\"time\":{\"type\":\"object\",\"widget\":\"combotime\",\"title\":\"##Время##\",\"properties\":{\"selector\":{\"type\":\"select\",\"widget\":\"select\",\"enum\":[0,1,2],\"enumNames\":[\"##Миллисекунды##\",\"##Секунды##\",\"##Бесконечность##\"],\"default\":1,\"dependencies\":{\"0\":[{\"item\":\"$$selfLink$$.inputs_masked.time.select\",\"props\":{\"visible\":true}}],\"1\":[{\"item\":\"$$selfLink$$.inputs_masked.time.input\",\"props\":{\"visible\":true}}]}},\"input\":{\"type\":\"string\",\"default\":5,\"validator\":{\"pattern\":\"number\",\"min\":1,\"max\":251}},\"select\":{\"type\":\"string\",\"widget\":\"select\",\"enum\":[0,1,2],\"enumNames\":[\"250\",\"500\",\"750\"],\"default\":0}}},\"inputs\":{\"type\":\"object\",\"widget\":\"container\",\"title\":\"\",\"properties\":{\"$$allInputsWithoutSelf\":\"$$\"}}}},\"outputs_normalize\":{\"type\":\"object\",\"title\":\"##Дополнительные выходы, нормализуемые при активизации##\",\"widget\":\"container\",\"properties\":{\"time_prop\":{\"type\":\"string\",\"widget\":\"select\",\"enum\":[0,1,2,3],\"enumNames\":[\"##Не задано##\",\"##На время срабатывания##\",\"##На указанное время##\",\"##На время срабатывания и после срабатывания##\"],\"title\":\"##Критерий нормализации##\",\"default\":0,\"dependencies\":{\"0\":[{\"item\":\"$$selfLink$$.outputs_normalize.outputs\",\"props\":{\"visible\":false}}],\"2\":[{\"item\":\"$$selfLink$$.outputs_normalize.time\",\"props\":{\"visible\":true}}],\"3\":[{\"item\":\"$$selfLink$$.outputs_normalize.time\",\"props\":{\"visible\":true}},{\"item\":\"$$selfLink$$.outputs_normalize.time.selector\",\"props\":{\"enum\":[0,1],\"enumNames\":[\"##Миллисекунды##\",\"##Секунды##\"],\"default\":1}}]}},\"time\":{\"type\":\"object\",\"widget\":\"combotime\",\"title\":\"##Время##\",\"properties\":{\"selector\":{\"type\":\"select\",\"widget\":\"select\",\"enum\":[0,1,2],\"enumNames\":[\"##Миллисекунды##\",\"##Секунды##\",\"##Бесконечность##\"],\"default\":1,\"dependencies\":{\"0\":[{\"item\":\"$$selfLink$$.outputs_normalize.time.select\",\"props\":{\"visible\":true}}],\"1\":[{\"item\":\"$$selfLink$$.outputs_normalize.time.input\",\"props\":{\"visible\":true}}]}},\"input\":{\"type\":\"string\",\"default\":5,\"validator\":{\"pattern\":\"number\",\"min\":1,\"max\":251}},\"select\":{\"type\":\"string\",\"widget\":\"select\",\"enum\":[0,1,2],\"enumNames\":[\"250\",\"500\",\"750\"],\"default\":0}}},\"outputs\":{\"type\":\"object\",\"widget\":\"container\",\"title\":\"\",\"properties\":{\"$$allOutputs\":\"$$\"}}}},\"outputs_activated\":{\"type\":\"object\",\"title\":\"##Дополнительные выходы, активизируемые при активизации##\",\"widget\":\"container\",\"properties\":{\"time_prop\":{\"type\":\"string\",\"widget\":\"select\",\"enum\":[0,1,2,3],\"enumNames\":[\"##Не задано##\",\"##На время срабатывания##\",\"##На указанное время##\",\"##На время срабатывания и после срабатывания##\"],\"title\":\"##Критерий активизации##\",\"default\":0,\"dependencies\":{\"0\":[{\"item\":\"$$selfLink$$.outputs_activated.outputs\",\"props\":{\"visible\":false}}],\"2\":[{\"item\":\"$$selfLink$$.outputs_activated.time\",\"props\":{\"visible\":true}}],\"3\":[{\"item\":\"$$selfLink$$.outputs_activated.time\",\"props\":{\"visible\":true}},{\"item\":\"$$selfLink$$.outputs_activated.time.selector\",\"props\":{\"enum\":[0,1],\"enumNames\":[\"##Миллисекунды##\",\"##Секунды##\"],\"default\":1}}]}},\"time\":{\"type\":\"object\",\"widget\":\"combotime\",\"title\":\"##Время##\",\"properties\":{\"selector\":{\"type\":\"select\",\"widget\":\"select\",\"enum\":[0,1,2],\"enumNames\":[\"##Миллисекунды##\",\"##Секунды##\",\"##Бесконечность##\"],\"default\":1,\"dependencies\":{\"0\":[{\"item\":\"$$selfLink$$.outputs_activated.time.select\",\"props\":{\"visible\":true}}],\"1\":[{\"item\":\"$$selfLink$$.outputs_activated.time.input\",\"props\":{\"visible\":true}}]}},\"input\":{\"type\":\"string\",\"default\":5,\"validator\":{\"pattern\":\"number\",\"min\":1,\"max\":251}},\"select\":{\"type\":\"string\",\"widget\":\"select\",\"enum\":[0,1,2],\"enumNames\":[\"250\",\"500\",\"750\"],\"default\":0}}},\"outputs\":{\"type\":\"object\",\"widget\":\"container\",\"title\":\"\",\"properties\":{\"$$allOutputs\":\"$$\"}}}},\"alarm_gen_reset\":{\"type\":\"boolean\",\"title\":\"##Сброс тревоги (Генератор тревоги)##\",\"default\":false},\"iu_number\":{\"type\":\"select\",\"title\":\"##Номер ИУ##\",\"$$ChildIuSelector\":\"$$\",\"default\":1}}}'),(95,'device_type_603',NULL,'{\"resources\":{\"reader\":{\"1\":{\"type\":10},\"2\":{\"type\":10}},\"lock\":{\"type\":1},\"alarm_gen\":{\"type\":1}}}'),(96,'device_type_67',NULL,'{\"0\":{\"is_hub\":1,\"is_active\":1,\"resources\":{\"input\":{\"3\":{\"type\":7},\"4\":{\"type\":7},\"5\":{\"type\":7},\"6\":{\"type\":7}},\"output\":{\"3\":{\"type\":1},\"4\":{\"type\":1},\"5\":{\"type\":1},\"6\":{\"type\":1}},\"network\":{\"type\":1},\"hw_state\":{\"type\":1},\"settings\":{\"type\":1},\"connection\":{\"type\":1}}},\"1\":{\"is_active\":1,\"device_type\":603,\"comission_card_count\":192},\"5\":{\"is_active\":1,\"device_type\":402,\"comission_card_count\":64},\"6\":{\"is_active\":1,\"device_type\":402,\"comission_card_count\":64},\"7\":{\"is_active\":1,\"device_type\":402,\"comission_card_count\":64},\"8\":{\"is_active\":1,\"device_type\":402,\"comission_card_count\":64},\"9\":{\"is_active\":1,\"device_type\":402,\"comission_card_count\":64},\"10\":{\"is_active\":1,\"device_type\":402,\"comission_card_count\":64},\"11\":{\"is_active\":1,\"device_type\":402,\"comission_card_count\":64},\"12\":{\"is_active\":1,\"device_type\":402,\"comission_card_count\":64}}'),(97,'device_type_68',NULL,'{\"0\":{\"is_hub\":1,\"is_active\":1,\"resources\":{\"input\":{\"4\":{\"type\":7},\"6\":{\"type\":7}},\"output\":{\"4\":{\"type\":1},\"5\":{\"type\":1},\"6\":{\"type\":1}},\"network\":{\"type\":1},\"hw_state\":{\"type\":1},\"settings\":{\"type\":1},\"connection\":{\"type\":1}}},\"1\":{\"is_active\":1,\"device_type\":603,\"comission_card_count\":192},\"3\":{\"is_active\":1,\"device_type\":602,\"comission_card_count\":192},\"5\":{\"is_active\":1,\"device_type\":402,\"comission_card_count\":64},\"6\":{\"is_active\":1,\"device_type\":402,\"comission_card_count\":64},\"7\":{\"is_active\":1,\"device_type\":402,\"comission_card_count\":64},\"8\":{\"is_active\":1,\"device_type\":402,\"comission_card_count\":64},\"9\":{\"is_active\":1,\"device_type\":402,\"comission_card_count\":64},\"10\":{\"is_active\":1,\"device_type\":402,\"comission_card_count\":64},\"11\":{\"is_active\":1,\"device_type\":402,\"comission_card_count\":64},\"12\":{\"is_active\":1,\"device_type\":402,\"comission_card_count\":64}}'),(98,'device_type_602',NULL,'{\"resources\":{\"reader\":{\"type\":9},\"lock\":{\"type\":3},\"alarm_gen\":{\"type\":3}}}'),(99,'device_type_70',NULL,'{\"0\":{\"is_hub\":1,\"is_active\":1,\"resources\":{\"input\":{\"4\":{\"type\":7},\"6\":{\"type\":7}},\"output\":{\"4\":{\"type\":1},\"5\":{\"type\":1},\"6\":{\"type\":1}},\"network\":{\"type\":1},\"hw_state\":{\"type\":1},\"settings\":{\"type\":1},\"connection\":{\"type\":1}}},\"1\":{\"is_active\":1,\"device_type\":603,\"comission_card_count\":192},\"3\":{\"is_active\":1,\"device_type\":601,\"comission_card_count\":192},\"5\":{\"is_active\":1,\"device_type\":402,\"comission_card_count\":64},\"6\":{\"is_active\":1,\"device_type\":402,\"comission_card_count\":64},\"7\":{\"is_active\":1,\"device_type\":402,\"comission_card_count\":64},\"8\":{\"is_active\":1,\"device_type\":402,\"comission_card_count\":64},\"9\":{\"is_active\":1,\"device_type\":402,\"comission_card_count\":64},\"10\":{\"is_active\":1,\"device_type\":402,\"comission_card_count\":64},\"11\":{\"is_active\":1,\"device_type\":402,\"comission_card_count\":64},\"12\":{\"is_active\":1,\"device_type\":402,\"comission_card_count\":64}}'),(100,'device_type_601',NULL,'{\"resources\":{\"reader\":{\"1\":{\"type\":9},\"2\":{\"type\":9}},\"lock\":{\"type\":6},\"alarm_gen\":{\"type\":5}},\"is_active\":1,\"is_hub\":0}'),(101,'device_type_69',NULL,'{\"0\":{\"is_hub\":1,\"is_active\":1,\"resources\":{\"output\":{\"5\":{\"type\":1},\"6\":{\"type\":1}},\"network\":{\"type\":1},\"hw_state\":{\"type\":1},\"settings\":{\"type\":1},\"connection\":{\"type\":1}}},\"1\":{\"is_active\":1,\"device_type\":603,\"comission_card_count\":192},\"3\":{\"is_active\":1,\"device_type\":602,\"comission_card_count\":192},\"4\":{\"is_active\":1,\"device_type\":602,\"comission_card_count\":192},\"5\":{\"is_active\":1,\"device_type\":402,\"comission_card_count\":64},\"6\":{\"is_active\":1,\"device_type\":402,\"comission_card_count\":64},\"7\":{\"is_active\":1,\"device_type\":402,\"comission_card_count\":64},\"8\":{\"is_active\":1,\"device_type\":402,\"comission_card_count\":64},\"9\":{\"is_active\":1,\"device_type\":402,\"comission_card_count\":64},\"10\":{\"is_active\":1,\"device_type\":402,\"comission_card_count\":64},\"11\":{\"is_active\":1,\"device_type\":402,\"comission_card_count\":64},\"12\":{\"is_active\":1,\"device_type\":402,\"comission_card_count\":64}}'),(102,'device_type_76',NULL,'{\"0\":{\"is_hub\":1,\"is_active\":1,\"resources\":{\"input\":{\"2\":{\"type\":7},\"3\":{\"type\":7},\"4\":{\"type\":7},\"8\":{\"type\":7},\"9\":{\"type\":7}},\"output\":{\"2\":{\"type\":1},\"3\":{\"type\":1},\"4\":{\"type\":1},\"5\":{\"type\":1},\"6\":{\"type\":1},\"7\":{\"type\":1},\"8\":{\"type\":1},\"9\":{\"type\":1}},\"network\":{\"type\":1},\"hw_state\":{\"type\":1},\"settings\":{\"type\":1},\"connection\":{\"type\":1}}},\"1\":{\"is_active\":1,\"device_type\":602,\"comission_card_count\":192},\"5\":{\"is_active\":1,\"device_type\":402,\"comission_card_count\":64},\"6\":{\"is_active\":1,\"device_type\":402,\"comission_card_count\":64},\"7\":{\"is_active\":1,\"device_type\":402,\"comission_card_count\":64},\"8\":{\"is_active\":1,\"device_type\":402,\"comission_card_count\":64},\"9\":{\"is_active\":1,\"device_type\":402,\"comission_card_count\":64},\"10\":{\"is_active\":1,\"device_type\":402,\"comission_card_count\":64},\"11\":{\"is_active\":1,\"device_type\":402,\"comission_card_count\":64},\"12\":{\"is_active\":1,\"device_type\":402,\"comission_card_count\":64}}'),(103,'device_type_77',NULL,'{\"0\":{\"is_hub\":1,\"is_active\":1,\"resources\":{\"input\":{\"2\":{\"type\":7},\"3\":{\"type\":7},\"4\":{\"type\":7},\"5\":{\"type\":7},\"8\":{\"type\":7},\"9\":{\"type\":7}},\"output\":{\"2\":{\"type\":1},\"3\":{\"type\":1},\"4\":{\"type\":1},\"5\":{\"type\":1},\"6\":{\"type\":1},\"7\":{\"type\":1},\"8\":{\"type\":1},\"9\":{\"type\":1}},\"network\":{\"type\":1},\"hw_state\":{\"type\":1},\"settings\":{\"type\":1},\"connection\":{\"type\":1}}},\"1\":{\"is_active\":1,\"device_type\":602,\"comission_card_count\":192},\"5\":{\"is_active\":1,\"device_type\":402,\"comission_card_count\":64},\"6\":{\"is_active\":1,\"device_type\":402,\"comission_card_count\":64},\"7\":{\"is_active\":1,\"device_type\":402,\"comission_card_count\":64},\"8\":{\"is_active\":1,\"device_type\":402,\"comission_card_count\":64},\"9\":{\"is_active\":1,\"device_type\":402,\"comission_card_count\":64},\"10\":{\"is_active\":1,\"device_type\":402,\"comission_card_count\":64},\"11\":{\"is_active\":1,\"device_type\":402,\"comission_card_count\":64},\"12\":{\"is_active\":1,\"device_type\":402,\"comission_card_count\":64}}'),(104,'device_type_78',NULL,'{\"0\":{\"is_hub\":1,\"is_active\":1,\"resources\":{\"input\":{\"2\":{\"type\":7},\"3\":{\"type\":7},\"4\":{\"type\":7},\"5\":{\"type\":7},\"6\":{\"type\":7},\"8\":{\"type\":7},\"9\":{\"type\":7}},\"output\":{\"2\":{\"type\":1},\"3\":{\"type\":1},\"4\":{\"type\":1},\"5\":{\"type\":1},\"6\":{\"type\":1},\"7\":{\"type\":1},\"8\":{\"type\":1},\"9\":{\"type\":1}},\"network\":{\"type\":1},\"hw_state\":{\"type\":1},\"settings\":{\"type\":1},\"connection\":{\"type\":1}}},\"1\":{\"is_active\":1,\"device_type\":602,\"comission_card_count\":192},\"5\":{\"is_active\":1,\"device_type\":402,\"comission_card_count\":64},\"6\":{\"is_active\":1,\"device_type\":402,\"comission_card_count\":64},\"7\":{\"is_active\":1,\"device_type\":402,\"comission_card_count\":64},\"8\":{\"is_active\":1,\"device_type\":402,\"comission_card_count\":64},\"9\":{\"is_active\":1,\"device_type\":402,\"comission_card_count\":64},\"10\":{\"is_active\":1,\"device_type\":402,\"comission_card_count\":64},\"11\":{\"is_active\":1,\"device_type\":402,\"comission_card_count\":64},\"12\":{\"is_active\":1,\"device_type\":402,\"comission_card_count\":64}}'),(105,'device_type_79',NULL,'{\"0\":{\"is_hub\":1,\"is_active\":1,\"resources\":{\"input\":{\"3\":{\"type\":7},\"4\":{\"type\":7},\"8\":{\"type\":7},\"9\":{\"type\":7}},\"output\":{\"3\":{\"type\":1},\"4\":{\"type\":1},\"5\":{\"type\":1},\"6\":{\"type\":1},\"7\":{\"type\":1},\"8\":{\"type\":1},\"9\":{\"type\":1}},\"network\":{\"type\":1},\"hw_state\":{\"type\":1},\"settings\":{\"type\":1},\"connection\":{\"type\":1}}},\"1\":{\"is_active\":1,\"device_type\":602,\"comission_card_count\":192},\"2\":{\"is_active\":1,\"device_type\":602,\"comission_card_count\":192},\"5\":{\"is_active\":1,\"device_type\":402,\"comission_card_count\":64},\"6\":{\"is_active\":1,\"device_type\":402,\"comission_card_count\":64},\"7\":{\"is_active\":1,\"device_type\":402,\"comission_card_count\":64},\"8\":{\"is_active\":1,\"device_type\":402,\"comission_card_count\":64},\"9\":{\"is_active\":1,\"device_type\":402,\"comission_card_count\":64},\"10\":{\"is_active\":1,\"device_type\":402,\"comission_card_count\":64},\"11\":{\"is_active\":1,\"device_type\":402,\"comission_card_count\":64},\"12\":{\"is_active\":1,\"device_type\":402,\"comission_card_count\":64}}'),(106,'device_type_80',NULL,'{\"0\":{\"is_hub\":1,\"is_active\":1,\"resources\":{\"input\":{\"3\":{\"type\":7},\"4\":{\"type\":7},\"5\":{\"type\":7},\"8\":{\"type\":7},\"9\":{\"type\":7}},\"output\":{\"3\":{\"type\":1},\"4\":{\"type\":1},\"5\":{\"type\":1},\"6\":{\"type\":1},\"7\":{\"type\":1},\"8\":{\"type\":1},\"9\":{\"type\":1}},\"network\":{\"type\":1},\"hw_state\":{\"type\":1},\"settings\":{\"type\":1},\"connection\":{\"type\":1}}},\"1\":{\"is_active\":1,\"device_type\":602,\"comission_card_count\":192},\"2\":{\"is_active\":1,\"device_type\":602,\"comission_card_count\":192},\"5\":{\"is_active\":1,\"device_type\":402,\"comission_card_count\":64},\"6\":{\"is_active\":1,\"device_type\":402,\"comission_card_count\":64},\"7\":{\"is_active\":1,\"device_type\":402,\"comission_card_count\":64},\"8\":{\"is_active\":1,\"device_type\":402,\"comission_card_count\":64},\"9\":{\"is_active\":1,\"device_type\":402,\"comission_card_count\":64},\"10\":{\"is_active\":1,\"device_type\":402,\"comission_card_count\":64},\"11\":{\"is_active\":1,\"device_type\":402,\"comission_card_count\":64},\"12\":{\"is_active\":1,\"device_type\":402,\"comission_card_count\":64}}'),(107,'device_type_81',NULL,'{\"0\":{\"is_hub\":1,\"is_active\":1,\"resources\":{\"input\":{\"3\":{\"type\":7},\"4\":{\"type\":7},\"5\":{\"type\":7},\"6\":{\"type\":7},\"8\":{\"type\":7},\"9\":{\"type\":7}},\"output\":{\"3\":{\"type\":1},\"4\":{\"type\":1},\"5\":{\"type\":1},\"6\":{\"type\":1},\"7\":{\"type\":1},\"8\":{\"type\":1},\"9\":{\"type\":1}},\"network\":{\"type\":1},\"hw_state\":{\"type\":1},\"settings\":{\"type\":1},\"connection\":{\"type\":1}}},\"1\":{\"is_active\":1,\"device_type\":602,\"comission_card_count\":192},\"2\":{\"is_active\":1,\"device_type\":602,\"comission_card_count\":192},\"5\":{\"is_active\":1,\"device_type\":402,\"comission_card_count\":64},\"6\":{\"is_active\":1,\"device_type\":402,\"comission_card_count\":64},\"7\":{\"is_active\":1,\"device_type\":402,\"comission_card_count\":64},\"8\":{\"is_active\":1,\"device_type\":402,\"comission_card_count\":64},\"9\":{\"is_active\":1,\"device_type\":402,\"comission_card_count\":64},\"10\":{\"is_active\":1,\"device_type\":402,\"comission_card_count\":64},\"11\":{\"is_active\":1,\"device_type\":402,\"comission_card_count\":64},\"12\":{\"is_active\":1,\"device_type\":402,\"comission_card_count\":64}}'),(108,'device_type_82',NULL,'{\"0\":{\"is_hub\":1,\"is_active\":1,\"resources\":{\"input\":{\"4\":{\"type\":7},\"8\":{\"type\":7}},\"output\":{\"4\":{\"type\":1},\"5\":{\"type\":1},\"6\":{\"type\":1},\"7\":{\"type\":1},\"8\":{\"type\":1},\"9\":{\"type\":1}},\"network\":{\"type\":1},\"hw_state\":{\"type\":1},\"settings\":{\"type\":1},\"connection\":{\"type\":1}}},\"1\":{\"is_active\":1,\"device_type\":602,\"comission_card_count\":192},\"2\":{\"is_active\":1,\"device_type\":602,\"comission_card_count\":192},\"3\":{\"is_active\":1,\"device_type\":602,\"comission_card_count\":192},\"5\":{\"is_active\":1,\"device_type\":402,\"comission_card_count\":64},\"6\":{\"is_active\":1,\"device_type\":402,\"comission_card_count\":64},\"7\":{\"is_active\":1,\"device_type\":402,\"comission_card_count\":64},\"8\":{\"is_active\":1,\"device_type\":402,\"comission_card_count\":64},\"9\":{\"is_active\":1,\"device_type\":402,\"comission_card_count\":64},\"10\":{\"is_active\":1,\"device_type\":402,\"comission_card_count\":64},\"11\":{\"is_active\":1,\"device_type\":402,\"comission_card_count\":64},\"12\":{\"is_active\":1,\"device_type\":402,\"comission_card_count\":64}}'),(109,'device_type_83',NULL,'{\"0\":{\"is_hub\":1,\"is_active\":1,\"resources\":{\"input\":{\"4\":{\"type\":7},\"6\":{\"type\":7},\"8\":{\"type\":7}},\"output\":{\"4\":{\"type\":1},\"5\":{\"type\":1},\"6\":{\"type\":1},\"7\":{\"type\":1},\"8\":{\"type\":1},\"9\":{\"type\":1}},\"network\":{\"type\":1},\"hw_state\":{\"type\":1},\"settings\":{\"type\":1},\"connection\":{\"type\":1}}},\"1\":{\"is_active\":1,\"device_type\":602,\"comission_card_count\":192},\"2\":{\"is_active\":1,\"device_type\":602,\"comission_card_count\":192},\"3\":{\"is_active\":1,\"device_type\":602,\"comission_card_count\":192},\"5\":{\"is_active\":1,\"device_type\":402,\"comission_card_count\":64},\"6\":{\"is_active\":1,\"device_type\":402,\"comission_card_count\":64},\"7\":{\"is_active\":1,\"device_type\":402,\"comission_card_count\":64},\"8\":{\"is_active\":1,\"device_type\":402,\"comission_card_count\":64},\"9\":{\"is_active\":1,\"device_type\":402,\"comission_card_count\":64},\"10\":{\"is_active\":1,\"device_type\":402,\"comission_card_count\":64},\"11\":{\"is_active\":1,\"device_type\":402,\"comission_card_count\":64},\"12\":{\"is_active\":1,\"device_type\":402,\"comission_card_count\":64}}'),(110,'device_type_84',NULL,'{\"0\":{\"is_hub\":1,\"is_active\":1,\"resources\":{\"input\":{\"8\":{\"type\":7}},\"output\":{\"5\":{\"type\":1},\"6\":{\"type\":1},\"7\":{\"type\":1},\"8\":{\"type\":1},\"9\":{\"type\":1}},\"network\":{\"type\":1},\"hw_state\":{\"type\":1},\"settings\":{\"type\":1},\"connection\":{\"type\":1}}},\"1\":{\"is_active\":1,\"device_type\":602,\"comission_card_count\":192},\"2\":{\"is_active\":1,\"device_type\":602,\"comission_card_count\":192},\"3\":{\"is_active\":1,\"device_type\":602,\"comission_card_count\":192},\"4\":{\"is_active\":1,\"device_type\":602,\"comission_card_count\":192},\"5\":{\"is_active\":1,\"device_type\":402,\"comission_card_count\":64},\"6\":{\"is_active\":1,\"device_type\":402,\"comission_card_count\":64},\"7\":{\"is_active\":1,\"device_type\":402,\"comission_card_count\":64},\"8\":{\"is_active\":1,\"device_type\":402,\"comission_card_count\":64},\"9\":{\"is_active\":1,\"device_type\":402,\"comission_card_count\":64},\"10\":{\"is_active\":1,\"device_type\":402,\"comission_card_count\":64},\"11\":{\"is_active\":1,\"device_type\":402,\"comission_card_count\":64},\"12\":{\"is_active\":1,\"device_type\":402,\"comission_card_count\":64}}'),(111,'device_type_85',NULL,'{\"0\":{\"is_hub\":1,\"is_active\":1,\"resources\":{\"input\":{\"2\":{\"type\":7},\"3\":{\"type\":7},\"4\":{\"type\":7},\"8\":{\"type\":7},\"9\":{\"type\":7}},\"output\":{\"2\":{\"type\":1},\"3\":{\"type\":1},\"4\":{\"type\":1},\"5\":{\"type\":1},\"6\":{\"type\":1},\"7\":{\"type\":1},\"8\":{\"type\":1},\"9\":{\"type\":1}},\"network\":{\"type\":1},\"hw_state\":{\"type\":1},\"settings\":{\"type\":1},\"connection\":{\"type\":1}}},\"1\":{\"is_active\":1,\"device_type\":601,\"comission_card_count\":192},\"5\":{\"is_active\":1,\"device_type\":402,\"comission_card_count\":64},\"6\":{\"is_active\":1,\"device_type\":402,\"comission_card_count\":64},\"7\":{\"is_active\":1,\"device_type\":402,\"comission_card_count\":64},\"8\":{\"is_active\":1,\"device_type\":402,\"comission_card_count\":64},\"9\":{\"is_active\":1,\"device_type\":402,\"comission_card_count\":64},\"10\":{\"is_active\":1,\"device_type\":402,\"comission_card_count\":64},\"11\":{\"is_active\":1,\"device_type\":402,\"comission_card_count\":64},\"12\":{\"is_active\":1,\"device_type\":402,\"comission_card_count\":64}}'),(112,'device_type_86',NULL,'{\"0\":{\"is_hub\":1,\"is_active\":1,\"resources\":{\"input\":{\"2\":{\"type\":7},\"3\":{\"type\":7},\"4\":{\"type\":7},\"5\":{\"type\":7},\"8\":{\"type\":7},\"9\":{\"type\":7}},\"output\":{\"2\":{\"type\":1},\"3\":{\"type\":1},\"4\":{\"type\":1},\"5\":{\"type\":1},\"6\":{\"type\":1},\"7\":{\"type\":1},\"8\":{\"type\":1},\"9\":{\"type\":1}},\"network\":{\"type\":1},\"hw_state\":{\"type\":1},\"settings\":{\"type\":1},\"connection\":{\"type\":1}}},\"1\":{\"is_active\":1,\"device_type\":601,\"comission_card_count\":192},\"5\":{\"is_active\":1,\"device_type\":402,\"comission_card_count\":64},\"6\":{\"is_active\":1,\"device_type\":402,\"comission_card_count\":64},\"7\":{\"is_active\":1,\"device_type\":402,\"comission_card_count\":64},\"8\":{\"is_active\":1,\"device_type\":402,\"comission_card_count\":64},\"9\":{\"is_active\":1,\"device_type\":402,\"comission_card_count\":64},\"10\":{\"is_active\":1,\"device_type\":402,\"comission_card_count\":64},\"11\":{\"is_active\":1,\"device_type\":402,\"comission_card_count\":64},\"12\":{\"is_active\":1,\"device_type\":402,\"comission_card_count\":64}}'),(114,'device_type_87',NULL,'{\"0\":{\"is_hub\":1,\"is_active\":1,\"resources\":{\"input\":{\"2\":{\"type\":7},\"3\":{\"type\":7},\"4\":{\"type\":7},\"5\":{\"type\":7},\"6\":{\"type\":7},\"8\":{\"type\":7},\"9\":{\"type\":7}},\"output\":{\"2\":{\"type\":1},\"3\":{\"type\":1},\"4\":{\"type\":1},\"5\":{\"type\":1},\"6\":{\"type\":1},\"7\":{\"type\":1},\"8\":{\"type\":1},\"9\":{\"type\":1}},\"network\":{\"type\":1},\"hw_state\":{\"type\":1},\"settings\":{\"type\":1},\"connection\":{\"type\":1}}},\"1\":{\"is_active\":1,\"device_type\":601,\"comission_card_count\":192},\"5\":{\"is_active\":1,\"device_type\":402,\"comission_card_count\":64},\"6\":{\"is_active\":1,\"device_type\":402,\"comission_card_count\":64},\"7\":{\"is_active\":1,\"device_type\":402,\"comission_card_count\":64},\"8\":{\"is_active\":1,\"device_type\":402,\"comission_card_count\":64},\"9\":{\"is_active\":1,\"device_type\":402,\"comission_card_count\":64},\"10\":{\"is_active\":1,\"device_type\":402,\"comission_card_count\":64},\"11\":{\"is_active\":1,\"device_type\":402,\"comission_card_count\":64},\"12\":{\"is_active\":1,\"device_type\":402,\"comission_card_count\":64}}'),(115,'device_type_88',NULL,'{\"0\":{\"is_hub\":1,\"is_active\":1,\"resources\":{\"input\":{\"2\":{\"type\":7},\"4\":{\"type\":7},\"8\":{\"type\":7},\"9\":{\"type\":7}},\"output\":{\"2\":{\"type\":1},\"4\":{\"type\":1},\"5\":{\"type\":1},\"6\":{\"type\":1},\"7\":{\"type\":1},\"8\":{\"type\":1},\"9\":{\"type\":1}},\"network\":{\"type\":1},\"hw_state\":{\"type\":1},\"settings\":{\"type\":1},\"connection\":{\"type\":1}}},\"1\":{\"is_active\":1,\"device_type\":601,\"comission_card_count\":192},\"3\":{\"is_active\":1,\"device_type\":602,\"comission_card_count\":192},\"5\":{\"is_active\":1,\"device_type\":402,\"comission_card_count\":64},\"6\":{\"is_active\":1,\"device_type\":402,\"comission_card_count\":64},\"7\":{\"is_active\":1,\"device_type\":402,\"comission_card_count\":64},\"8\":{\"is_active\":1,\"device_type\":402,\"comission_card_count\":64},\"9\":{\"is_active\":1,\"device_type\":402,\"comission_card_count\":64},\"10\":{\"is_active\":1,\"device_type\":402,\"comission_card_count\":64},\"11\":{\"is_active\":1,\"device_type\":402,\"comission_card_count\":64},\"12\":{\"is_active\":1,\"device_type\":402,\"comission_card_count\":64}}'),(116,'device_type_89',NULL,'{\"0\":{\"is_hub\":1,\"is_active\":1,\"resources\":{\"input\":{\"2\":{\"type\":7},\"4\":{\"type\":7},\"6\":{\"type\":7},\"8\":{\"type\":7},\"9\":{\"type\":7}},\"output\":{\"2\":{\"type\":1},\"4\":{\"type\":1},\"5\":{\"type\":1},\"6\":{\"type\":1},\"7\":{\"type\":1},\"8\":{\"type\":1},\"9\":{\"type\":1}},\"network\":{\"type\":1},\"hw_state\":{\"type\":1},\"settings\":{\"type\":1},\"connection\":{\"type\":1}}},\"1\":{\"is_active\":1,\"device_type\":601,\"comission_card_count\":192},\"3\":{\"is_active\":1,\"device_type\":602,\"comission_card_count\":192},\"5\":{\"is_active\":1,\"device_type\":402,\"comission_card_count\":64},\"6\":{\"is_active\":1,\"device_type\":402,\"comission_card_count\":64},\"7\":{\"is_active\":1,\"device_type\":402,\"comission_card_count\":64},\"8\":{\"is_active\":1,\"device_type\":402,\"comission_card_count\":64},\"9\":{\"is_active\":1,\"device_type\":402,\"comission_card_count\":64},\"10\":{\"is_active\":1,\"device_type\":402,\"comission_card_count\":64},\"11\":{\"is_active\":1,\"device_type\":402,\"comission_card_count\":64},\"12\":{\"is_active\":1,\"device_type\":402,\"comission_card_count\":64}}'),(117,'device_type_90',NULL,'{\"0\":{\"is_hub\":1,\"is_active\":1,\"resources\":{\"input\":{\"2\":{\"type\":7},\"8\":{\"type\":7},\"9\":{\"type\":7}},\"output\":{\"2\":{\"type\":1},\"5\":{\"type\":1},\"6\":{\"type\":1},\"7\":{\"type\":1},\"8\":{\"type\":1},\"9\":{\"type\":1}},\"network\":{\"type\":1},\"hw_state\":{\"type\":1},\"settings\":{\"type\":1},\"connection\":{\"type\":1}}},\"1\":{\"is_active\":1,\"device_type\":601,\"comission_card_count\":192},\"3\":{\"is_active\":1,\"device_type\":602,\"comission_card_count\":192},\"4\":{\"is_active\":1,\"device_type\":602,\"comission_card_count\":192},\"5\":{\"is_active\":1,\"device_type\":402,\"comission_card_count\":64},\"6\":{\"is_active\":1,\"device_type\":402,\"comission_card_count\":64},\"7\":{\"is_active\":1,\"device_type\":402,\"comission_card_count\":64},\"8\":{\"is_active\":1,\"device_type\":402,\"comission_card_count\":64},\"9\":{\"is_active\":1,\"device_type\":402,\"comission_card_count\":64},\"10\":{\"is_active\":1,\"device_type\":402,\"comission_card_count\":64},\"11\":{\"is_active\":1,\"device_type\":402,\"comission_card_count\":64},\"12\":{\"is_active\":1,\"device_type\":402,\"comission_card_count\":64}}'),(118,'device_type_91',NULL,'{\"0\":{\"is_hub\":1,\"is_active\":1,\"resources\":{\"input\":{\"4\":{\"type\":7},\"8\":{\"type\":7}},\"output\":{\"4\":{\"type\":1},\"5\":{\"type\":1},\"6\":{\"type\":1},\"7\":{\"type\":1},\"8\":{\"type\":1},\"9\":{\"type\":1}},\"network\":{\"type\":1},\"hw_state\":{\"type\":1},\"settings\":{\"type\":1},\"connection\":{\"type\":1}}},\"1\":{\"is_active\":1,\"device_type\":601,\"comission_card_count\":192},\"3\":{\"is_active\":1,\"device_type\":601,\"comission_card_count\":192},\"5\":{\"is_active\":1,\"device_type\":402,\"comission_card_count\":64},\"6\":{\"is_active\":1,\"device_type\":402,\"comission_card_count\":64},\"7\":{\"is_active\":1,\"device_type\":402,\"comission_card_count\":64},\"8\":{\"is_active\":1,\"device_type\":402,\"comission_card_count\":64},\"9\":{\"is_active\":1,\"device_type\":402,\"comission_card_count\":64},\"10\":{\"is_active\":1,\"device_type\":402,\"comission_card_count\":64},\"11\":{\"is_active\":1,\"device_type\":402,\"comission_card_count\":64},\"12\":{\"is_active\":1,\"device_type\":402,\"comission_card_count\":64}}'),(119,'device_type_92',NULL,'{\"0\":{\"is_hub\":1,\"is_active\":1,\"resources\":{\"input\":{\"4\":{\"type\":7},\"6\":{\"type\":7},\"8\":{\"type\":7}},\"output\":{\"4\":{\"type\":1},\"5\":{\"type\":1},\"6\":{\"type\":1},\"7\":{\"type\":1},\"8\":{\"type\":1},\"9\":{\"type\":1}},\"network\":{\"type\":1},\"hw_state\":{\"type\":1},\"settings\":{\"type\":1},\"connection\":{\"type\":1}}},\"1\":{\"is_active\":1,\"device_type\":601,\"comission_card_count\":192},\"3\":{\"is_active\":1,\"device_type\":601,\"comission_card_count\":192},\"5\":{\"is_active\":1,\"device_type\":402,\"comission_card_count\":64},\"6\":{\"is_active\":1,\"device_type\":402,\"comission_card_count\":64},\"7\":{\"is_active\":1,\"device_type\":402,\"comission_card_count\":64},\"8\":{\"is_active\":1,\"device_type\":402,\"comission_card_count\":64},\"9\":{\"is_active\":1,\"device_type\":402,\"comission_card_count\":64},\"10\":{\"is_active\":1,\"device_type\":402,\"comission_card_count\":64},\"11\":{\"is_active\":1,\"device_type\":402,\"comission_card_count\":64},\"12\":{\"is_active\":1,\"device_type\":402,\"comission_card_count\":64}}'),(120,'device_type_93',NULL,'{\"0\":{\"is_hub\":1,\"is_active\":1,\"resources\":{\"input\":{\"3\":{\"type\":7},\"4\":{\"type\":7},\"5\":{\"type\":7},\"6\":{\"type\":7}},\"output\":{\"3\":{\"type\":1},\"4\":{\"type\":1},\"5\":{\"type\":1},\"6\":{\"type\":1}},\"network\":{\"type\":1},\"hw_state\":{\"type\":1},\"settings\":{\"type\":1},\"connection\":{\"type\":1}}},\"1\":{\"is_active\":1,\"device_type\":603,\"comission_card_count\":192},\"5\":{\"is_active\":1,\"device_type\":402,\"comission_card_count\":64},\"6\":{\"is_active\":1,\"device_type\":402,\"comission_card_count\":64},\"7\":{\"is_active\":1,\"device_type\":402,\"comission_card_count\":64},\"8\":{\"is_active\":1,\"device_type\":402,\"comission_card_count\":64},\"9\":{\"is_active\":1,\"device_type\":402,\"comission_card_count\":64},\"10\":{\"is_active\":1,\"device_type\":402,\"comission_card_count\":64},\"11\":{\"is_active\":1,\"device_type\":402,\"comission_card_count\":64},\"12\":{\"is_active\":1,\"device_type\":402,\"comission_card_count\":64}}'),(121,'device_type_94',NULL,'{\"0\":{\"is_hub\":1,\"is_active\":1,\"resources\":{\"input\":{\"3\":{\"type\":7},\"4\":{\"type\":7},\"5\":{\"type\":7},\"6\":{\"type\":7}},\"output\":{\"3\":{\"type\":1},\"4\":{\"type\":1},\"5\":{\"type\":1},\"6\":{\"type\":1}},\"network\":{\"type\":1},\"hw_state\":{\"type\":1},\"settings\":{\"type\":1},\"connection\":{\"type\":1}}},\"1\":{\"is_active\":1,\"device_type\":603,\"comission_card_count\":192},\"5\":{\"is_active\":1,\"device_type\":402,\"comission_card_count\":64},\"6\":{\"is_active\":1,\"device_type\":402,\"comission_card_count\":64},\"7\":{\"is_active\":1,\"device_type\":402,\"comission_card_count\":64},\"8\":{\"is_active\":1,\"device_type\":402,\"comission_card_count\":64},\"9\":{\"is_active\":1,\"device_type\":402,\"comission_card_count\":64},\"10\":{\"is_active\":1,\"device_type\":402,\"comission_card_count\":64},\"11\":{\"is_active\":1,\"device_type\":402,\"comission_card_count\":64},\"12\":{\"is_active\":1,\"device_type\":402,\"comission_card_count\":64}}'),(122,'device_type_95',NULL,'{\"0\":{\"is_hub\":1,\"is_active\":1,\"resources\":{\"input\":{\"3\":{\"type\":7},\"4\":{\"type\":7},\"5\":{\"type\":7},\"6\":{\"type\":7}},\"output\":{\"3\":{\"type\":1},\"4\":{\"type\":1},\"5\":{\"type\":1}},\"network\":{\"type\":1},\"hw_state\":{\"type\":1},\"settings\":{\"type\":1},\"connection\":{\"type\":1}}},\"1\":{\"is_active\":1,\"device_type\":603,\"comission_card_count\":192},\"5\":{\"is_active\":1,\"device_type\":402,\"comission_card_count\":64},\"6\":{\"is_active\":1,\"device_type\":402,\"comission_card_count\":64},\"7\":{\"is_active\":1,\"device_type\":402,\"comission_card_count\":64},\"8\":{\"is_active\":1,\"device_type\":402,\"comission_card_count\":64},\"9\":{\"is_active\":1,\"device_type\":402,\"comission_card_count\":64},\"10\":{\"is_active\":1,\"device_type\":402,\"comission_card_count\":64},\"11\":{\"is_active\":1,\"device_type\":402,\"comission_card_count\":64},\"12\":{\"is_active\":1,\"device_type\":402,\"comission_card_count\":64}}'),(123,'device_type_96',NULL,'{\"0\":{\"is_hub\":1,\"is_active\":1,\"resources\":{\"input\":{\"3\":{\"type\":7},\"4\":{\"type\":7},\"5\":{\"type\":7},\"6\":{\"type\":7}},\"output\":{\"3\":{\"type\":1},\"4\":{\"type\":1},\"5\":{\"type\":1}},\"network\":{\"type\":1},\"hw_state\":{\"type\":1},\"settings\":{\"type\":1},\"connection\":{\"type\":1}}},\"1\":{\"is_active\":1,\"device_type\":603,\"comission_card_count\":192},\"5\":{\"is_active\":1,\"device_type\":402,\"comission_card_count\":64},\"6\":{\"is_active\":1,\"device_type\":402,\"comission_card_count\":64},\"7\":{\"is_active\":1,\"device_type\":402,\"comission_card_count\":64},\"8\":{\"is_active\":1,\"device_type\":402,\"comission_card_count\":64},\"9\":{\"is_active\":1,\"device_type\":402,\"comission_card_count\":64},\"10\":{\"is_active\":1,\"device_type\":402,\"comission_card_count\":64},\"11\":{\"is_active\":1,\"device_type\":402,\"comission_card_count\":64},\"12\":{\"is_active\":1,\"device_type\":402,\"comission_card_count\":64}}'),(124,'connections',NULL,'{\"type\":\"object\",\"widget\":\"section\",\"title\":\"##Внешние подключения##\",\"properties\":{\"port_config\":{\"type\":\"object\",\"widget\":\"section\",\"title\":\"##Порт для конфигурации, управления и диагностики##\",\"properties\":{\"ip_address\":{\"type\":\"string\",\"title\":\"##Удалённый IP-адрес##\",\"readonly\":true},\"mac_address\":{\"type\":\"string\",\"title\":\"##Удалённый MAC-адрес##\",\"readonly\":true},\"socket_state\":{\"type\":\"string\",\"title\":\"##Состояние сокета##\",\"readonly\":true},\"ip_remote_port\":{\"type\":\"string\",\"title\":\"##Удалённый порт##\",\"readonly\":true},\"ip_local_port\":{\"type\":\"string\",\"title\":\"##Локальный порт##\",\"readonly\":true}}},\"port_monitoring\":{\"type\":\"object\",\"widget\":\"section\",\"title\":\"##Порт для передачи журнала мониторинга##\",\"properties\":{\"ip_address\":{\"type\":\"string\",\"title\":\"##Удалённый IP-адрес##\",\"readonly\":true},\"mac_address\":{\"type\":\"string\",\"title\":\"##Удалённый MAC-адрес##\",\"readonly\":true},\"socket_state\":{\"type\":\"string\",\"title\":\"##Состояние сокета##\",\"readonly\":true},\"ip_remote_port\":{\"type\":\"string\",\"title\":\"##Удалённый порт##\",\"readonly\":true},\"ip_local_port\":{\"type\":\"string\",\"title\":\"##Локальный порт##\",\"readonly\":true}}},\"port_register\":{\"type\":\"object\",\"widget\":\"section\",\"title\":\"##Порт для передачи журнала регистрации##\",\"properties\":{\"ip_address\":{\"type\":\"string\",\"title\":\"##Удалённый IP-адрес##\",\"readonly\":true},\"mac_address\":{\"type\":\"string\",\"title\":\"##Удалённый MAC-адрес##\",\"readonly\":true},\"socket_state\":{\"type\":\"string\",\"title\":\"##Состояние сокета##\",\"readonly\":true},\"ip_remote_port\":{\"type\":\"string\",\"title\":\"##Удалённый порт##\",\"readonly\":true},\"ip_local_port\":{\"type\":\"string\",\"title\":\"##Локальный порт##\",\"readonly\":true}}},\"port_identify\":{\"type\":\"object\",\"widget\":\"section\",\"title\":\"##Порт для обмена с индицирующим устройством##\",\"properties\":{\"ip_address\":{\"type\":\"string\",\"title\":\"##Удалённый IP-адрес##\",\"readonly\":true},\"mac_address\":{\"type\":\"string\",\"title\":\"##Удалённый MAC-адрес##\",\"readonly\":true},\"socket_state\":{\"type\":\"string\",\"title\":\"##Состояние сокета##\",\"readonly\":true},\"ip_remote_port\":{\"type\":\"string\",\"title\":\"##Удалённый порт##\",\"readonly\":true},\"ip_local_port\":{\"type\":\"string\",\"title\":\"##Локальный порт##\",\"readonly\":true}}},\"port_verify\":{\"type\":\"object\",\"widget\":\"section\",\"title\":\"##Порт для обмена с верифицирующим устройством##\",\"properties\":{\"ip_address\":{\"type\":\"string\",\"title\":\"##Удалённый IP-адрес##\",\"readonly\":true},\"mac_address\":{\"type\":\"string\",\"title\":\"##Удалённый MAC-адрес##\",\"readonly\":true},\"socket_state\":{\"type\":\"string\",\"title\":\"##Состояние сокета##\",\"readonly\":true},\"ip_remote_port\":{\"type\":\"string\",\"title\":\"##Удалённый порт##\",\"readonly\":true},\"ip_local_port\":{\"type\":\"string\",\"title\":\"##Локальный порт##\",\"readonly\":true}}},\"port_debug\":{\"type\":\"object\",\"widget\":\"section\",\"title\":\"##Порт для передачи журнала отладки##\",\"properties\":{\"ip_address\":{\"type\":\"string\",\"title\":\"##Удалённый IP-адрес##\",\"readonly\":true},\"mac_address\":{\"type\":\"string\",\"title\":\"##Удалённый MAC-адрес##\",\"readonly\":true},\"socket_state\":{\"type\":\"string\",\"title\":\"##Состояние сокета##\",\"readonly\":true},\"ip_remote_port\":{\"type\":\"string\",\"title\":\"##Удалённый порт##\",\"readonly\":true},\"ip_local_port\":{\"type\":\"string\",\"title\":\"##Локальный порт##\",\"readonly\":true}}}}}'),(125,'verify_point_full',NULL,'{\"0\":{\"is_hub\":0,\"is_active\":1,\"resources\":{\"verify_point\":{\"is_tab\":true,\"_settings\":{\"type\":1},\"_events\":{\"type\":2}}}}}'),(126,'verify_point_settings',NULL,'{\"type\": \"object\", \"widget\": \"section\", \"title\": \"##Параметры точки верификации##\", \"properties\": {\"info\": {\"type\": \"object\", \"widget\": \"section\", \"title\": \"##Параметры отображения информации##\", \"properties\": {\"info_time_type\": {\"type\": \"select\", \"title\": \"##Отображение информации (в течение какого времени после прохода (или другого события) будет отображаться информация о проходе/событии)##\", \"enum\": [2, 1], \"enumNames\": [\"##Постоянно##\", \"##Не более чем##\"], \"default\": 1, \"dependencies\": {\"2\": [{\"item\": \"$$selfLink$$.info.info_time\", \"props\": {\"visible\": false}}]}}, \"info_time\": {\"type\": \"string\", \"title\": \"##Значение (секунд, 2 - 120)##\", \"default\": 2, \"validator\": {\"pattern\": \"number\", \"min\": 2, \"max\": 120}}, \"verify_timeout\": {\"type\": \"object\", \"widget\": \"combotime\", \"title\": \"##Таймаут верификации (время, в течение которого контроллер, отправивший запрос на верификацию, будет ожидать ответа оператора)##\", \"properties\": {\"selector\": {\"type\": \"select\", \"enum\": [1, 2], \"enumNames\": [\"##Секунды##\", \"##Бесконечность##\"], \"default\": 1, \"dependencies\": {\"2\": [{\"item\": \"$$selfLink$$.info.verify_timeout.input\", \"props\": {\"visible\": false}}]}}, \"input\": {\"type\": \"string\", \"default\": 5, \"validator\": {\"pattern\": \"number\", \"min\": 1, \"max\": 255}}}}}}, \"video\": {\"type\": \"object\", \"widget\": \"section\", \"title\": \"##Параметры видеозаписи##\", \"properties\": {\"pre_recording_time\": {\"type\": \"string\", \"title\": \"##Продолжительность предзаписи (секунд)##\", \"default\": 8, \"validator\": {\"max\": 255, \"pattern\": \"number\"}}, \"record_time\": {\"type\": \"string\", \"title\": \"##Продолжительность записи (секунд)##\", \"default\": 6, \"validator\": {\"max\": 255, \"pattern\": \"number\"}}, \"frame_rate\": {\"type\": \"string\", \"title\": \"##Частота записи видеокадров##\", \"default\": 2, \"validator\": {\"pattern\": \"number\", \"max\": 255}}}}}}'),(127,'verify_point_reaction',NULL,'{\"type\":\"object\",\"widget\":\"section\",\"title\":\"##Реакция на события##\",\"properties\":{\"staff\":{\"type\":\"object\",\"widget\":\"section\",\"title\":\"##События при проходе сотрудников##\",\"properties\":{\"pass_allowed\":{\"type\":\"object\",\"widget\":\"container\",\"title\":\"##Проход##\",\"properties\":{\"watch\":{\"type\":\"select\",\"enum\":[0,1],\"enumNames\":[\"##Не отслеживать##\",\"##Отслеживать##\"],\"default\":1,\"dependencies\":{\"0\":[{\"item\":\"$$selfLink$$.staff.pass_allowed.video\",\"props\":{\"visible\":false}},{\"item\":\"$$selfLink$$.staff.pass_allowed.verify\",\"props\":{\"visible\":false}},{\"item\":\"$$selfLink$$.staff.pass_allowed.auto_confirm\",\"props\":{\"visible\":false}}]}},\"video\":{\"type\":\"boolean\",\"title\":\"##Запись кадров видеокамеры##\",\"default\":false},\"verify\":{\"type\":\"select\",\"title\":\"##Верификация##\",\"enum\":[0,1],\"enumNames\":[\"##Нет (режим индикации)##\",\"##Да (режим верификации)##\"],\"default\":0,\"dependencies\":{\"0\":[{\"item\":\"$$selfLink$$.staff.pass_allowed.auto_confirm\",\"props\":{\"visible\":false}}],\"1\":[{\"item\":\"$$selfLink$$.staff.pass_allowed.auto_confirm\",\"props\":{\"visible\":true}}]}},\"auto_confirm\":{\"type\":\"boolean\",\"title\":\"##Автоподтверждение##\",\"default\":false}}},\"time_violation\":{\"type\":\"object\",\"widget\":\"container\",\"title\":\"##Проход с нарушением ВРЕМЕНИ##\",\"properties\":{\"watch\":{\"type\":\"select\",\"enum\":[0,1],\"enumNames\":[\"##Не отслеживать##\",\"##Отслеживать##\"],\"default\":1,\"dependencies\":{\"0\":[{\"item\":\"$$selfLink$$.staff.time_violation.video\",\"props\":{\"visible\":false}},{\"item\":\"$$selfLink$$.staff.time_violation.verify\",\"props\":{\"visible\":false}},{\"item\":\"$$selfLink$$.staff.time_violation.auto_confirm\",\"props\":{\"visible\":false}}]}},\"video\":{\"type\":\"boolean\",\"title\":\"##Запись кадров видеокамеры##\",\"default\":false},\"verify\":{\"type\":\"select\",\"title\":\"##Верификация##\",\"enum\":[0,1],\"enumNames\":[\"##Нет (режим индикации)##\",\"##Да (режим верификации)##\"],\"default\":0,\"dependencies\":{\"0\":[{\"item\":\"$$selfLink$$.staff.time_violation.auto_confirm\",\"props\":{\"visible\":false}}],\"1\":[{\"item\":\"$$selfLink$$.staff.time_violation.auto_confirm\",\"props\":{\"visible\":true}}]}},\"auto_confirm\":{\"type\":\"boolean\",\"title\":\"##Автоподтверждение##\",\"default\":false}}},\"place_violation\":{\"type\":\"object\",\"widget\":\"container\",\"title\":\"##Проход с нарушением ЗОНАЛЬНОСТИ##\",\"properties\":{\"watch\":{\"type\":\"select\",\"enum\":[0,1],\"enumNames\":[\"##Не отслеживать##\",\"##Отслеживать##\"],\"default\":1,\"dependencies\":{\"0\":[{\"item\":\"$$selfLink$$.staff.place_violation.video\",\"props\":{\"visible\":false}},{\"item\":\"$$selfLink$$.staff.place_violation.verify\",\"props\":{\"visible\":false}},{\"item\":\"$$selfLink$$.staff.place_violation.auto_confirm\",\"props\":{\"visible\":false}}]}},\"video\":{\"type\":\"boolean\",\"title\":\"##Запись кадров видеокамеры##\",\"default\":false},\"verify\":{\"type\":\"select\",\"title\":\"##Верификация##\",\"enum\":[0,1],\"enumNames\":[\"##Нет (режим индикации)##\",\"##Да (режим верификации)##\"],\"default\":0,\"dependencies\":{\"0\":[{\"item\":\"$$selfLink$$.staff.place_violation.auto_confirm\",\"props\":{\"visible\":false}}],\"1\":[{\"item\":\"$$selfLink$$.staff.place_violation.auto_confirm\",\"props\":{\"visible\":true}}]}},\"auto_confirm\":{\"type\":\"boolean\",\"title\":\"##Автоподтверждение##\",\"default\":false}}},\"guard_on\":{\"type\":\"object\",\"widget\":\"container\",\"title\":\"##Постановка на охрану (только для контроллеров замка)##\",\"properties\":{\"watch\":{\"type\":\"select\",\"enum\":[0,1],\"enumNames\":[\"##Не отслеживать##\",\"##Отслеживать##\"],\"default\":1,\"dependencies\":{\"0\":[{\"item\":\"$$selfLink$$.staff.guard_on.video\",\"props\":{\"visible\":false}},{\"item\":\"$$selfLink$$.staff.guard_on.verify\",\"props\":{\"visible\":false}},{\"item\":\"$$selfLink$$.staff.guard_on.auto_confirm\",\"props\":{\"visible\":false}}]}},\"video\":{\"type\":\"boolean\",\"title\":\"##Запись кадров видеокамеры##\",\"default\":false},\"verify\":{\"type\":\"select\",\"title\":\"##Верификация##\",\"enum\":[0,1],\"enumNames\":[\"##Нет (режим индикации)##\",\"##Да (режим верификации)##\"],\"default\":0,\"dependencies\":{\"0\":[{\"item\":\"$$selfLink$$.staff.guard_on.auto_confirm\",\"props\":{\"visible\":false}}],\"1\":[{\"item\":\"$$selfLink$$.staff.guard_on.auto_confirm\",\"props\":{\"visible\":true}}]}},\"auto_confirm\":{\"type\":\"boolean\",\"title\":\"##Автоподтверждение##\",\"default\":false}}},\"guard_off\":{\"type\":\"object\",\"widget\":\"container\",\"title\":\"##Снятие с охраны (только для контроллеров замка)##\",\"properties\":{\"watch\":{\"type\":\"select\",\"enum\":[0,1],\"enumNames\":[\"##Не отслеживать##\",\"##Отслеживать##\"],\"default\":1,\"dependencies\":{\"0\":[{\"item\":\"$$selfLink$$.staff.guard_off.video\",\"props\":{\"visible\":false}},{\"item\":\"$$selfLink$$.staff.guard_off.verify\",\"props\":{\"visible\":false}},{\"item\":\"$$selfLink$$.staff.guard_off.auto_confirm\",\"props\":{\"visible\":false}}]}},\"video\":{\"type\":\"boolean\",\"title\":\"##Запись кадров видеокамеры##\",\"default\":false},\"verify\":{\"type\":\"select\",\"title\":\"##Верификация##\",\"enum\":[0,1],\"enumNames\":[\"##Нет (режим индикации)##\",\"##Да (режим верификации)##\"],\"default\":0,\"dependencies\":{\"0\":[{\"item\":\"$$selfLink$$.staff.guard_off.auto_confirm\",\"props\":{\"visible\":false}}],\"1\":[{\"item\":\"$$selfLink$$.staff.guard_off.auto_confirm\",\"props\":{\"visible\":true}}]}},\"auto_confirm\":{\"type\":\"boolean\",\"title\":\"##Автоподтверждение##\",\"default\":false}}}}},\"visitor\":{\"type\":\"object\",\"widget\":\"section\",\"title\":\"##События при проходе посетителей##\",\"properties\":{\"time_violation\":{\"type\":\"object\",\"widget\":\"container\",\"title\":\"##Проход с нарушением ВРЕМЕНИ##\",\"properties\":{\"watch\":{\"type\":\"select\",\"enum\":[0,1],\"enumNames\":[\"##Не отслеживать##\",\"##Отслеживать##\"],\"default\":1,\"dependencies\":{\"0\":[{\"item\":\"$$selfLink$$.visitor.time_violation.video\",\"props\":{\"visible\":false}},{\"item\":\"$$selfLink$$.visitor.time_violation.verify\",\"props\":{\"visible\":false}},{\"item\":\"$$selfLink$$.visitor.time_violation.auto_confirm\",\"props\":{\"visible\":false}}]}},\"video\":{\"type\":\"boolean\",\"title\":\"##Запись кадров видеокамеры##\",\"default\":false},\"verify\":{\"type\":\"select\",\"title\":\"##Верификация##\",\"enum\":[0,1],\"enumNames\":[\"##Нет (режим индикации)##\",\"##Да (режим верификации)##\"],\"default\":0,\"dependencies\":{\"0\":[{\"item\":\"$$selfLink$$.visitor.time_violation.auto_confirm\",\"props\":{\"visible\":false}}],\"1\":[{\"item\":\"$$selfLink$$.visitor.time_violation.auto_confirm\",\"props\":{\"visible\":true}}]}},\"auto_confirm\":{\"type\":\"boolean\",\"title\":\"##Автоподтверждение##\",\"default\":false}}},\"place_violation\":{\"type\":\"object\",\"widget\":\"container\",\"title\":\"##Проход с нарушением ЗОНАЛЬНОСТИ##\",\"properties\":{\"watch\":{\"type\":\"select\",\"enum\":[0,1],\"enumNames\":[\"##Не отслеживать##\",\"##Отслеживать##\"],\"default\":1,\"dependencies\":{\"0\":[{\"item\":\"$$selfLink$$.visitor.place_violation.video\",\"props\":{\"visible\":false}},{\"item\":\"$$selfLink$$.visitor.place_violation.verify\",\"props\":{\"visible\":false}},{\"item\":\"$$selfLink$$.visitor.place_violation.auto_confirm\",\"props\":{\"visible\":false}}]}},\"video\":{\"type\":\"boolean\",\"title\":\"##Запись кадров видеокамеры##\",\"default\":false},\"verify\":{\"type\":\"select\",\"title\":\"##Верификация##\",\"enum\":[0,1],\"enumNames\":[\"##Нет (режим индикации)##\",\"##Да (режим верификации)##\"],\"default\":0,\"dependencies\":{\"0\":[{\"item\":\"$$selfLink$$.visitor.place_violation.auto_confirm\",\"props\":{\"visible\":false}}],\"1\":[{\"item\":\"$$selfLink$$.visitor.place_violation.auto_confirm\",\"props\":{\"visible\":true}}]}},\"auto_confirm\":{\"type\":\"boolean\",\"title\":\"##Автоподтверждение##\",\"default\":false}}},\"pass_allowed\":{\"type\":\"object\",\"widget\":\"container\",\"title\":\"##Проход##\",\"properties\":{\"watch\":{\"type\":\"select\",\"enum\":[0,1],\"enumNames\":[\"##Не отслеживать##\",\"##Отслеживать##\"],\"default\":1,\"dependencies\":{\"0\":[{\"item\":\"$$selfLink$$.visitor.pass_allowed.video\",\"props\":{\"visible\":false}},{\"item\":\"$$selfLink$$.visitor.pass_allowed.verify\",\"props\":{\"visible\":false}},{\"item\":\"$$selfLink$$.visitor.pass_allowed.auto_confirm\",\"props\":{\"visible\":false}}]}},\"video\":{\"type\":\"boolean\",\"title\":\"##Запись кадров видеокамеры##\",\"default\":false},\"verify\":{\"type\":\"select\",\"title\":\"##Верификация##\",\"enum\":[0,1],\"enumNames\":[\"##Нет (режим индикации)##\",\"##Да (режим верификации)##\"],\"default\":0,\"dependencies\":{\"0\":[{\"item\":\"$$selfLink$$.visitor.pass_allowed.auto_confirm\",\"props\":{\"visible\":false}}],\"1\":[{\"item\":\"$$selfLink$$.visitor.pass_allowed.auto_confirm\",\"props\":{\"visible\":true}}]}},\"auto_confirm\":{\"type\":\"boolean\",\"title\":\"##Автоподтверждение##\",\"default\":false}}}}},\"notice\":{\"type\":\"object\",\"widget\":\"section\",\"title\":\"##Уведомляющие события##\",\"properties\":{\"not_in_list\":{\"type\":\"object\",\"widget\":\"container\",\"title\":\"##Идентификатор НЕ ЗАРЕГИСТРИРОВАН##\",\"properties\":{\"watch\":{\"type\":\"select\",\"enum\":[0,1],\"enumNames\":[\"##Не отслеживать##\",\"##Отслеживать##\"],\"default\":1,\"dependencies\":{\"0\":[{\"item\":\"$$selfLink$$.notice.not_in_list.video\",\"props\":{\"visible\":false}}]}},\"video\":{\"type\":\"boolean\",\"title\":\"##Запись кадров видеокамеры##\",\"default\":false}}},\"ban\":{\"type\":\"object\",\"widget\":\"container\",\"title\":\"##Идентификатор ЗАБЛОКИРОВАН##\",\"properties\":{\"watch\":{\"type\":\"select\",\"enum\":[0,1],\"enumNames\":[\"##Не отслеживать##\",\"##Отслеживать##\"],\"default\":1,\"dependencies\":{\"0\":[{\"item\":\"$$selfLink$$.notice.ban.video\",\"props\":{\"visible\":false}}]}},\"video\":{\"type\":\"boolean\",\"title\":\"##Запись кадров видеокамеры##\",\"default\":false}}},\"ended_duration\":{\"type\":\"object\",\"widget\":\"container\",\"title\":\"##Идентификатор ПРОСРОЧЕН##\",\"properties\":{\"watch\":{\"type\":\"select\",\"enum\":[0,1],\"enumNames\":[\"##Не отслеживать##\",\"##Отслеживать##\"],\"default\":1,\"dependencies\":{\"0\":[{\"item\":\"$$selfLink$$.notice.ended_duration.video\",\"props\":{\"visible\":false}}]}},\"video\":{\"type\":\"boolean\",\"title\":\"##Запись кадров видеокамеры##\",\"default\":false}}},\"acm_violation\":{\"type\":\"object\",\"widget\":\"container\",\"title\":\"##Нарушение РКД##\",\"properties\":{\"watch\":{\"type\":\"select\",\"enum\":[0,1],\"enumNames\":[\"##Не отслеживать##\",\"##Отслеживать##\"],\"default\":1,\"dependencies\":{\"0\":[{\"item\":\"$$selfLink$$.notice.acm_violation.video\",\"props\":{\"visible\":false}}]}},\"video\":{\"type\":\"boolean\",\"title\":\"##Запись кадров видеокамеры##\",\"default\":false}}},\"brake\":{\"type\":\"object\",\"widget\":\"container\",\"title\":\"##Взлом ИУ##\",\"properties\":{\"watch\":{\"type\":\"select\",\"enum\":[0,1],\"enumNames\":[\"##Не отслеживать##\",\"##Отслеживать##\"],\"default\":1,\"dependencies\":{\"0\":[{\"item\":\"$$selfLink$$.notice.brake.video\",\"props\":{\"visible\":false}}]}},\"video\":{\"type\":\"boolean\",\"title\":\"##Запись кадров видеокамеры##\",\"default\":false}}},\"pass_allowed_rc\":{\"type\":\"object\",\"widget\":\"container\",\"title\":\"##Проход от ДУ##\",\"properties\":{\"watch\":{\"type\":\"select\",\"enum\":[0,1],\"enumNames\":[\"##Не отслеживать##\",\"##Отслеживать##\"],\"default\":1,\"dependencies\":{\"0\":[{\"item\":\"$$selfLink$$.notice.pass_allowed_rc.video\",\"props\":{\"visible\":false}}]}},\"video\":{\"type\":\"boolean\",\"title\":\"##Запись кадров видеокамеры##\",\"default\":false}}}}}}}'),(128,'reader2','2v parent','{\"type\":\"object\",\"widget\":\"section\",\"title\":\"##Считыватель##\",\"properties\":{\"command\":{\"type\":\"commands\",\"title\":\"##Команды считывателя##\",\"properties\":{\"set_mode_open\":{\"command_type\":\"0\",\"command_value\":\"0\",\"command_number\":\"$$resourceNumber$$\",\"title\":\"##Установить режим работы \\\"Открыто\\\"##\"},\"set_mode_control\":{\"command_type\":\"0\",\"command_value\":\"1\",\"command_number\":\"$$resourceNumber$$\",\"title\":\"##Установить режим работы \\\"Контроль\\\"##\"},\"set_mode_closed\":{\"command_type\":\"0\",\"command_value\":\"3\",\"command_number\":\"$$resourceNumber$$\",\"title\":\"##Установить режим работы \\\"Закрыто\\\"##\"},\"open_iu\":{\"command_type\":\"1\",\"command_value\":\"1\",\"command_number\":\"$$resourceNumber$$\",\"title\":\"##Открыть (разблокировать) ИУ##\",\"command_param\":{\"type\":\"object\",\"widget\":\"combotime\",\"title\":\"##Время активизации##\",\"properties\":{\"selector\":{\"type\":\"select\",\"widget\":\"select\",\"enum\":[0,1,2],\"enumNames\":[\"##Миллисекунды##\",\"##Секунды##\",\"##Бесконечность##\"],\"default\":1,\"dependencies\":{\"0\":[{\"item\":\"select\",\"props\":{\"visible\":true}}],\"1\":[{\"item\":\"input\",\"props\":{\"visible\":true}}]}},\"input\":{\"type\":\"string\",\"default\":5,\"validator\":{\"pattern\":\"number\",\"min\":1,\"max\":251}},\"select\":{\"type\":\"string\",\"widget\":\"select\",\"enum\":[0,1,2],\"enumNames\":[\"250\",\"500\",\"750\"],\"default\":0}}}},\"close_iu\":{\"command_type\":\"1\",\"command_value\":\"0\",\"command_number\":\"$$resourceNumber$$\",\"title\":\"##Закрыть (заблокировать) ИУ##\"}}},\"staff_antipass\":{\"type\":\"object\",\"widget\":\"section\",\"title\":\"##Защита от передачи идентификаторов СОТРУДНИКОВ (Antipass)##\",\"properties\":{\"control_mode\":{\"type\":\"antipass\",\"title\":\"##В РЕЖИМЕ РАБОТЫ \\\"Контроль\\\"##\",\"default\":0}}},\"visitor_antipass\":{\"type\":\"section\",\"title\":\"##Защита от передачи идентификаторов ПОСЕТИТЕЛЕЙ (Antipass)##\",\"properties\":{\"control_mode\":{\"type\":\"antipass\",\"title\":\"##В РЕЖИМЕ РАБОТЫ \\\"Контроль\\\"##\",\"default\":0}}},\"time_control_staff\":{\"type\":\"section\",\"title\":\"##Контроль времени для идентификаторов СОТРУДНИКОВ##\",\"properties\":{\"control_mode\":{\"type\":\"antipass\",\"title\":\"##В РЕЖИМЕ РАБОТЫ \\\"Контроль\\\"##\",\"default\":0}}},\"time_control_visitors\":{\"type\":\"section\",\"title\":\"##Контроль времени для идентификаторов ПОСЕТИТЕЛЕЙ##\",\"properties\":{\"control_mode\":{\"type\":\"antipass\",\"title\":\"##В РЕЖИМЕ РАБОТЫ \\\"Контроль\\\"##\",\"default\":0}}},\"permission_du\":{\"type\":\"object\",\"widget\":\"section\",\"expandable\":true,\"title\":\"##Разрешение ДУ##\",\"properties\":{\"control_mode\":{\"type\":\"boolean\",\"title\":\"##В РЕЖИМЕ РАБОТЫ \\\"Контроль\\\"##\",\"default\":true}}},\"confirmation_du\":{\"type\":\"object\",\"widget\":\"section\",\"title\":\"##Верификация##\",\"properties\":{\"control_mode\":{\"type\":\"select\",\"title\":\"##Верификация##\",\"enum\":[0,1,2,3,4,5,6,7,8,9],\"enumNames\":[\"##Нет##\",\"##ПДУ##\",\"##Софт##\",\"##ВВУ##\",\"##При доступности софт, иначе ПДУ##\",\"##ПДУ или софт##\",\"##Сначала ПДУ затем софт##\",\"##Сначала ВВУ затем ПДУ##\",\"##Сначала ВВУ затем софт##\",\"##При доступности софт, иначе ВВУ##\"],\"default\":0},\"verify_staff_du\":{\"type\":\"object\",\"widget\":\"container\",\"title\":\"##Верифицировать идентификаторы СОТРУДНИКОВ от ПДУ##\",\"properties\":{\"pass\":{\"type\":\"boolean\",\"title\":\"##При проходе##\",\"default\":false},\"time_violation\":{\"type\":\"boolean\",\"title\":\"##При проходе с НАРУШЕНИЕМ ВРЕМЕНИ##\",\"default\":false},\"place_violation\":{\"type\":\"boolean\",\"title\":\"##При проходе с НАРУШЕНИЕМ ЗОНАЛЬНОСТИ##\",\"default\":false}}},\"verify_visitor_du\":{\"type\":\"object\",\"widget\":\"container\",\"title\":\"##Верифицировать идентификаторы ПОСЕТИТЕЛЕЙ от ПДУ##\",\"properties\":{\"pass\":{\"type\":\"boolean\",\"title\":\"##При проходе##\",\"default\":false},\"time_violation\":{\"type\":\"boolean\",\"title\":\"##При проходе с НАРУШЕНИЕМ ВРЕМЕНИ##\",\"default\":false},\"place_violation\":{\"type\":\"boolean\",\"title\":\"##При проходе с НАРУШЕНИЕМ ЗОНАЛЬНОСТИ##\",\"default\":false}}},\"confirm_time_du\":{\"type\":\"object\",\"widget\":\"combotime\",\"title\":\"##Время ожидания подтверждения при верификации от ПДУ##\",\"properties\":{\"selector\":{\"type\":\"select\",\"widget\":\"select\",\"enum\":[0,1,2],\"enumNames\":[\"##Миллисекунды##\",\"##Секунды##\",\"##Бесконечность##\"],\"default\":1,\"dependencies\":{\"0\":[{\"item\":\"$$selfLink$$.confirmation_du.confirm_time_du.select\",\"props\":{\"visible\":true}}],\"1\":[{\"item\":\"$$selfLink$$.confirmation_du.confirm_time_du.input\",\"props\":{\"visible\":true}}]}},\"input\":{\"type\":\"string\",\"default\":1,\"validator\":{\"pattern\":\"number\",\"min\":1,\"max\":251}},\"select\":{\"type\":\"string\",\"widget\":\"select\",\"enum\":[0,1,2],\"enumNames\":[\"250\",\"500\",\"750\"],\"default\":0}}},\"verify_staff_vvu\":{\"type\":\"object\",\"widget\":\"container\",\"title\":\"##Верифицировать идентификаторы СОТРУДНИКОВ от ВВУ##\",\"properties\":{\"pass\":{\"type\":\"boolean\",\"title\":\"##При проходе##\",\"default\":false},\"time_violation\":{\"type\":\"boolean\",\"title\":\"##При проходе с НАРУШЕНИЕМ ВРЕМЕНИ##\",\"default\":false},\"place_violation\":{\"type\":\"boolean\",\"title\":\"##При проходе с НАРУШЕНИЕМ ЗОНАЛЬНОСТИ##\",\"default\":false}}},\"verify_visitor_vvu\":{\"type\":\"object\",\"widget\":\"container\",\"title\":\"##Верифицировать идентификаторы ПОСЕТИТЕЛЕЙ от ВВУ##\",\"properties\":{\"pass\":{\"type\":\"boolean\",\"title\":\"##При проходе##\",\"default\":false},\"time_violation\":{\"type\":\"boolean\",\"title\":\"##При проходе с НАРУШЕНИЕМ ВРЕМЕНИ##\",\"default\":false},\"place_violation\":{\"type\":\"boolean\",\"title\":\"##При проходе с НАРУШЕНИЕМ ЗОНАЛЬНОСТИ##\",\"default\":false}}},\"confirm_time_vvu\":{\"type\":\"object\",\"widget\":\"combotime\",\"title\":\"##Время ожидания подтверждения при верификации от ВВУ##\",\"properties\":{\"selector\":{\"type\":\"select\",\"widget\":\"select\",\"enum\":[0,1,2],\"enumNames\":[\"##Миллисекунды##\",\"##Секунды##\",\"##Бесконечность##\"],\"default\":1,\"dependencies\":{\"0\":[{\"item\":\"$$selfLink$$.confirmation_du.confirm_time_vvu.select\",\"props\":{\"visible\":true}}],\"1\":[{\"item\":\"$$selfLink$$.confirmation_du.confirm_time_vvu.input\",\"props\":{\"visible\":true}}]}},\"input\":{\"type\":\"string\",\"default\":1,\"validator\":{\"pattern\":\"number\",\"min\":1,\"max\":251}},\"select\":{\"type\":\"string\",\"widget\":\"select\",\"enum\":[0,1,2],\"enumNames\":[\"250\",\"500\",\"750\"],\"default\":0}}},\"vvu_not_answer\":{\"type\":\"select\",\"title\":\"##При отсутствии ответа от ВВУ##\",\"enum\":[0,1],\"enumNames\":[\"##Запрет##\",\"##Отказ от прохода##\"],\"default\":0}}},\"is_card_extract\":{\"type\":\"object\",\"widget\":\"section\",\"title\":\"##Изымать идентификаторы посетителей после прохода##\",\"properties\":{\"extract\":{\"type\":\"boolean\",\"title\":\"##Изымать идентификаторы посетителей после прохода##\",\"default\":false}}}}}'),(129,'verify_point_licon',NULL,'{\"0\":{\"is_hub\":0,\"is_active\":1,\"resources\":{\"verify_point\":{\"is_tab\":true,\"_settings\":{\"type\":4},\"_events\":{\"type\":3}}}}}'),(130,'verify_point_reaction_licon',NULL,'{\"type\":\"object\",\"widget\":\"section\",\"title\":\"##Реакция на события##\",\"properties\":{\"staff\":{\"type\":\"object\",\"widget\":\"section\",\"title\":\"##События при проходе сотрудников##\",\"properties\":{\"pass_allowed\":{\"type\":\"object\",\"widget\":\"container\",\"title\":\"##Проход##\",\"properties\":{\"watch\":{\"type\":\"select\",\"enum\":[0,1],\"enumNames\":[\"##Не отслеживать##\",\"##Отслеживать##\"],\"default\":1,\"dependencies\":{\"0\":[{\"item\":\"$$selfLink$$.staff.pass_allowed.video\",\"props\":{\"visible\":false}}]}},\"video\":{\"type\":\"boolean\",\"title\":\"##Запись кадров видеокамеры##\",\"default\":false}}},\"time_violation\":{\"type\":\"object\",\"widget\":\"container\",\"title\":\"##Проход с нарушением ВРЕМЕНИ##\",\"properties\":{\"watch\":{\"type\":\"select\",\"enum\":[0,1],\"enumNames\":[\"##Не отслеживать##\",\"##Отслеживать##\"],\"default\":1,\"dependencies\":{\"0\":[{\"item\":\"$$selfLink$$.staff.time_violation.video\",\"props\":{\"visible\":false}}]}},\"video\":{\"type\":\"boolean\",\"title\":\"##Запись кадров видеокамеры##\",\"default\":false}}},\"place_violation\":{\"type\":\"object\",\"widget\":\"container\",\"title\":\"##Проход с нарушением ЗОНАЛЬНОСТИ##\",\"properties\":{\"watch\":{\"type\":\"select\",\"enum\":[0,1],\"enumNames\":[\"##Не отслеживать##\",\"##Отслеживать##\"],\"default\":1,\"dependencies\":{\"0\":[{\"item\":\"$$selfLink$$.staff.place_violation.video\",\"props\":{\"visible\":false}}]}},\"video\":{\"type\":\"boolean\",\"title\":\"##Запись кадров видеокамеры##\",\"default\":false}}}}},\"visitor\":{\"type\":\"object\",\"widget\":\"section\",\"title\":\"##События при проходе посетителей##\",\"properties\":{\"pass_allowed\":{\"type\":\"object\",\"widget\":\"container\",\"title\":\"##Проход##\",\"properties\":{\"watch\":{\"type\":\"select\",\"enum\":[0,1],\"enumNames\":[\"##Не отслеживать##\",\"##Отслеживать##\"],\"default\":1,\"dependencies\":{\"0\":[{\"item\":\"$$selfLink$$.visitor.pass_allowed.video\",\"props\":{\"visible\":false}}]}},\"video\":{\"type\":\"boolean\",\"title\":\"##Запись кадров видеокамеры##\",\"default\":false}}},\"time_violation\":{\"type\":\"object\",\"widget\":\"container\",\"title\":\"##Проход с нарушением ВРЕМЕНИ##\",\"properties\":{\"watch\":{\"type\":\"select\",\"enum\":[0,1],\"enumNames\":[\"##Не отслеживать##\",\"##Отслеживать##\"],\"default\":1,\"dependencies\":{\"0\":[{\"item\":\"$$selfLink$$.visitor.time_violation.video\",\"props\":{\"visible\":false}}]}},\"video\":{\"type\":\"boolean\",\"title\":\"##Запись кадров видеокамеры##\",\"default\":false}}},\"place_violation\":{\"type\":\"object\",\"widget\":\"container\",\"title\":\"##Проход с нарушением ЗОНАЛЬНОСТИ##\",\"properties\":{\"watch\":{\"type\":\"select\",\"enum\":[0,1],\"enumNames\":[\"##Не отслеживать##\",\"##Отслеживать##\"],\"default\":1,\"dependencies\":{\"0\":[{\"item\":\"$$selfLink$$.visitor.place_violation.video\",\"props\":{\"visible\":false}}]}},\"video\":{\"type\":\"boolean\",\"title\":\"##Запись кадров видеокамеры##\",\"default\":false}}}}},\"notice\":{\"type\":\"object\",\"widget\":\"section\",\"title\":\"##Уведомляющие события##\",\"properties\":{\"not_in_list\":{\"type\":\"object\",\"widget\":\"container\",\"title\":\"##Идентификатор НЕ ЗАРЕГИСТРИРОВАН##\",\"properties\":{\"watch\":{\"type\":\"select\",\"enum\":[0,1],\"enumNames\":[\"##Не отслеживать##\",\"##Отслеживать##\"],\"default\":1,\"dependencies\":{\"0\":[{\"item\":\"$$selfLink$$.notice.not_in_list.video\",\"props\":{\"visible\":false}}]}},\"video\":{\"type\":\"boolean\",\"title\":\"##Запись кадров видеокамеры##\",\"default\":false}}},\"ban\":{\"type\":\"object\",\"widget\":\"container\",\"title\":\"##Идентификатор ЗАБЛОКИРОВАН##\",\"properties\":{\"watch\":{\"type\":\"select\",\"enum\":[0,1],\"enumNames\":[\"##Не отслеживать##\",\"##Отслеживать##\"],\"default\":1,\"dependencies\":{\"0\":[{\"item\":\"$$selfLink$$.notice.ban.video\",\"props\":{\"visible\":false}}]}},\"video\":{\"type\":\"boolean\",\"title\":\"##Запись кадров видеокамеры##\",\"default\":false}}},\"ended_duration\":{\"type\":\"object\",\"widget\":\"container\",\"title\":\"##Идентификатор ПРОСРОЧЕН##\",\"properties\":{\"watch\":{\"type\":\"select\",\"enum\":[0,1],\"enumNames\":[\"##Не отслеживать##\",\"##Отслеживать##\"],\"default\":1,\"dependencies\":{\"0\":[{\"item\":\"$$selfLink$$.notice.ended_duration.video\",\"props\":{\"visible\":false}}]}},\"video\":{\"type\":\"boolean\",\"title\":\"##Запись кадров видеокамеры##\",\"default\":false}}}}}}}'),(131,'reader_type_8','s30','{\"type\":\"object\",\"widget\":\"section\",\"title\":\"$$optionsName$$\",\"link\":\"$$selfLink$$\",\"properties\":{\"controller\":{\"type\":\"string\",\"widget\":\"select\",\"title\":\"##Контроллер##\",\"default\":\"$$optionsHardNumbers$$\",\"$$childControllersSelector$$\":\"$$\"},\"direction\":{\"type\":\"string\",\"widget\":\"select\",\"title\":\"##Направление##\",\"enum\":[],\"enumNames\":[],\"default\":\"$$optionsDir$$\"}}}'),(132,'camera_about_mjpeg',NULL,'{\"type\":\"object\",\"widget\":\"section\",\"title\":\"##О камере##\",\"properties\":{\"camera_manufacturer\":{\"type\":\"string\",\"title\":\"##Производитель##\",\"default\":\"\",\"readonly\":true},\"camera_uri\":{\"type\":\"string\",\"title\":\"URI\",\"default\":\"\",\"readonly\":true}}}'),(133,'camera_settings_mjpeg',NULL,'{\"type\":\"object\",\"widget\":\"section\",\"title\":\"##Камера##\",\"properties\":{\"port\":{\"type\":\"string\",\"title\":\"##Порт##\",\"default\":\"\"},\"login\":{\"type\":\"string\",\"title\":\"##Логин##\",\"default\":\"\"},\"password\":{\"type\":\"password\",\"title\":\"##Пароль##\",\"default\":\"\"}}}'),(134,'camera_mjpeg',NULL,'{\"0\":{\"is_hub\":0,\"resources\":{\"network\":{\"type\":1},\"camera\":{\"is_tab\":true,\"_settings\":{\"type\":5},\"_about\":{\"type\":4},\"_video\":{\"type\":3}}}}}'),(135,'device_type_402',NULL,'{\"resources\":{\"reader\":{\"type\":2},\"lock\":{\"type\":3},\"alarm_gen\":{\"type\":2}}}'),(136,'reader_type_2',NULL,'{\"type\":\"object\",\"widget\":\"section\",\"title\":\"##Считыватель##\",\"properties\":{\"command\":{\"type\":\"commands\",\"title\":\"##Команды считывателя##\",\"properties\":{\"set_mode_open\":{\"command_type\":\"0\",\"command_value\":\"0\",\"command_number\":\"$$resourceNumber$$\",\"title\":\"##Установить режим работы \\\"Открыто\\\"##\"},\"set_mode_control\":{\"command_type\":\"0\",\"command_value\":\"1\",\"command_number\":\"$$resourceNumber$$\",\"title\":\"##Установить режим работы \\\"Контроль\\\"##\"},\"set_mode_closed\":{\"command_type\":\"0\",\"command_value\":\"3\",\"command_number\":\"$$resourceNumber$$\",\"title\":\"##Установить режим работы \\\"Закрыто\\\"##\"},\"open_iu\":{\"command_type\":\"1\",\"command_value\":\"1\",\"command_number\":\"$$resourceNumber$$\",\"title\":\"##Открыть (разблокировать) ИУ##\",\"command_param\":{\"type\":\"object\",\"widget\":\"combotime\",\"title\":\"##Время активизации##\",\"properties\":{\"selector\":{\"type\":\"select\",\"widget\":\"select\",\"enum\":[0,1,2],\"enumNames\":[\"##Миллисекунды##\",\"##Секунды##\",\"##Бесконечность##\"],\"default\":1,\"dependencies\":{\"0\":[{\"item\":\"select\",\"props\":{\"visible\":true}}],\"1\":[{\"item\":\"input\",\"props\":{\"visible\":true}}]}},\"input\":{\"type\":\"string\",\"default\":5,\"validator\":{\"pattern\":\"number\",\"min\":1,\"max\":251}},\"select\":{\"type\":\"string\",\"widget\":\"select\",\"enum\":[0,1,2],\"enumNames\":[\"250\",\"500\",\"750\"],\"default\":0}}}},\"close_iu\":{\"command_type\":\"1\",\"command_value\":\"0\",\"command_number\":\"$$resourceNumber$$\",\"title\":\"##Закрыть (заблокировать) ИУ##\"}}},\"staff_antipass\":{\"type\":\"object\",\"widget\":\"section\",\"title\":\"##Защита от передачи идентификаторов СОТРУДНИКОВ (Antipass)##\",\"properties\":{\"control_mode\":{\"type\":\"antipass\",\"title\":\"##В РЕЖИМЕ РАБОТЫ \\\"Контроль\\\"##\",\"default\":0},\"guard_mode\":{\"type\":\"antipass\",\"title\":\"##В РЕЖИМЕ РАБОТЫ \\\"Охрана\\\"##\",\"default\":0}}},\"visitor_antipass\":{\"type\":\"section\",\"title\":\"##Защита от передачи идентификаторов ПОСЕТИТЕЛЕЙ (Antipass)##\",\"properties\":{\"control_mode\":{\"type\":\"antipass\",\"title\":\"##В РЕЖИМЕ РАБОТЫ \\\"Контроль\\\"##\",\"default\":0}}},\"time_control_staff\":{\"type\":\"section\",\"title\":\"##Контроль времени для идентификаторов СОТРУДНИКОВ##\",\"properties\":{\"control_mode\":{\"type\":\"antipass\",\"title\":\"##В РЕЖИМЕ РАБОТЫ \\\"Контроль\\\"##\",\"default\":0},\"guard_mode\":{\"type\":\"antipass\",\"title\":\"##В РЕЖИМЕ РАБОТЫ \\\"Охрана\\\"##\",\"default\":0}}},\"time_control_visitors\":{\"type\":\"section\",\"title\":\"##Контроль времени для идентификаторов ПОСЕТИТЕЛЕЙ##\",\"properties\":{\"control_mode\":{\"type\":\"antipass\",\"title\":\"##В РЕЖИМЕ РАБОТЫ \\\"Контроль\\\"##\",\"default\":0}}},\"permission_du\":{\"type\":\"object\",\"widget\":\"section\",\"title\":\"##Разрешение ДУ##\",\"properties\":{\"control_mode\":{\"type\":\"boolean\",\"title\":\"##В РЕЖИМЕ РАБОТЫ \\\"Контроль\\\"##\",\"default\":true}}},\"confirmation_du\":{\"type\":\"section\",\"title\":\"##Верификация##\",\"properties\":{\"control_mode\":{\"type\":\"select\",\"title\":\"##Верификация##\",\"enum\":[0,1,2,3,4,5,6,7,8,9],\"enumNames\":[\"##Нет##\",\"##ПДУ##\",\"##Софт##\",\"##ВВУ##\",\"##При доступности софт, иначе ПДУ##\",\"##ПДУ или софт##\",\"##Сначала ПДУ затем софт##\",\"##Сначала ВВУ затем ПДУ##\",\"##Сначала ВВУ затем софт##\",\"##При доступности софт, иначе ВВУ##\"],\"default\":0},\"verify_staff_du\":{\"type\":\"object\",\"widget\":\"container\",\"title\":\"##Верифицировать идентификаторы СОТРУДНИКОВ от ПДУ##\",\"properties\":{\"pass\":{\"type\":\"boolean\",\"title\":\"##При проходе##\",\"default\":false},\"time_violation\":{\"type\":\"boolean\",\"title\":\"##При проходе с НАРУШЕНИЕМ ВРЕМЕНИ##\",\"default\":false},\"place_violation\":{\"type\":\"boolean\",\"title\":\"##При проходе с НАРУШЕНИЕМ ЗОНАЛЬНОСТИ##\",\"default\":false}}},\"verify_visitor_du\":{\"type\":\"object\",\"widget\":\"container\",\"title\":\"##Верифицировать идентификаторы ПОСЕТИТЕЛЕЙ от ПДУ##\",\"properties\":{\"pass\":{\"type\":\"boolean\",\"title\":\"##При проходе##\",\"default\":false},\"time_violation\":{\"type\":\"boolean\",\"title\":\"##При проходе с НАРУШЕНИЕМ ВРЕМЕНИ##\",\"default\":false},\"place_violation\":{\"type\":\"boolean\",\"title\":\"##При проходе с НАРУШЕНИЕМ ЗОНАЛЬНОСТИ##\",\"default\":false}}},\"confirm_time_du\":{\"type\":\"object\",\"widget\":\"combotime\",\"title\":\"##Время ожидания подтверждения при верификации от ПДУ##\",\"properties\":{\"selector\":{\"type\":\"select\",\"widget\":\"select\",\"enum\":[0,1,2],\"enumNames\":[\"##Миллисекунды##\",\"##Секунды##\",\"##Бесконечность##\"],\"default\":1,\"dependencies\":{\"0\":[{\"item\":\"$$selfLink$$.confirmation_du.confirm_time_du.select\",\"props\":{\"visible\":true}}],\"1\":[{\"item\":\"$$selfLink$$.confirmation_du.confirm_time_du.input\",\"props\":{\"visible\":true}}]}},\"input\":{\"type\":\"string\",\"default\":1,\"validator\":{\"pattern\":\"number\",\"min\":1,\"max\":251}},\"select\":{\"type\":\"string\",\"widget\":\"select\",\"enum\":[0,1,2],\"enumNames\":[\"250\",\"500\",\"750\"],\"default\":0}}},\"verify_staff_vvu\":{\"type\":\"object\",\"widget\":\"container\",\"title\":\"##Верифицировать идентификаторы СОТРУДНИКОВ от ВВУ##\",\"properties\":{\"pass\":{\"type\":\"boolean\",\"title\":\"##При проходе##\",\"default\":false},\"time_violation\":{\"type\":\"boolean\",\"title\":\"##При проходе с НАРУШЕНИЕМ ВРЕМЕНИ##\",\"default\":false},\"place_violation\":{\"type\":\"boolean\",\"title\":\"##При проходе с НАРУШЕНИЕМ ЗОНАЛЬНОСТИ##\",\"default\":false}}},\"verify_visitor_vvu\":{\"type\":\"object\",\"widget\":\"container\",\"title\":\"##Верифицировать идентификаторы ПОСЕТИТЕЛЕЙ от ВВУ##\",\"properties\":{\"pass\":{\"type\":\"boolean\",\"title\":\"##При проходе##\",\"default\":false},\"time_violation\":{\"type\":\"boolean\",\"title\":\"##При проходе с НАРУШЕНИЕМ ВРЕМЕНИ##\",\"default\":false},\"place_violation\":{\"type\":\"boolean\",\"title\":\"##При проходе с НАРУШЕНИЕМ ЗОНАЛЬНОСТИ##\",\"default\":false}}},\"confirm_time_vvu\":{\"type\":\"object\",\"widget\":\"combotime\",\"title\":\"##Время ожидания подтверждения при верификации от ВВУ##\",\"properties\":{\"selector\":{\"type\":\"select\",\"widget\":\"select\",\"enum\":[0,1,2],\"enumNames\":[\"##Миллисекунды##\",\"##Секунды##\",\"##Бесконечность##\"],\"default\":1,\"dependencies\":{\"0\":[{\"item\":\"$$selfLink$$.confirmation_du.confirm_time_vvu.select\",\"props\":{\"visible\":true}}],\"1\":[{\"item\":\"$$selfLink$$.confirmation_du.confirm_time_vvu.input\",\"props\":{\"visible\":true}}]}},\"input\":{\"type\":\"string\",\"default\":1,\"validator\":{\"pattern\":\"number\",\"min\":1,\"max\":251}},\"select\":{\"type\":\"string\",\"widget\":\"select\",\"enum\":[0,1,2],\"enumNames\":[\"250\",\"500\",\"750\"],\"default\":0}}},\"vvu_not_answer\":{\"type\":\"select\",\"title\":\"##При отсутствии ответа от ВВУ##\",\"enum\":[1,2],\"enumNames\":[\"##Запрет##\",\"##Отказ от прохода##\"],\"default\":1}}},\"is_card_extract\":{\"type\":\"object\",\"widget\":\"section\",\"title\":\"##Изымать идентификаторы посетителей после прохода##\",\"properties\":{\"extract\":{\"type\":\"boolean\",\"title\":\"##Изымать идентификаторы посетителей после прохода##\",\"default\":false}}},\"inputs_masked_unlocking_iu\":{\"type\":\"section\",\"title\":\"##Дополнительные входы, маскируемые при разблокировке ИУ##\",\"properties\":{\"time_prop\":{\"type\":\"string\",\"widget\":\"select\",\"enum\":[0,1,2,3],\"enumNames\":[\"##Не задано##\",\"##На время срабатывания##\",\"##На указанное время##\",\"##На время срабатывания и после срабатывания##\"],\"title\":\"##Критерий активизации##\",\"default\":0,\"dependencies\":{\"0\":[{\"item\":\"$$selfLink$$.inputs_masked_unlocking_iu.inputs\",\"props\":{\"visible\":false}}],\"2\":[{\"item\":\"$$selfLink$$.inputs_masked_unlocking_iu.time\",\"props\":{\"visible\":true}}],\"3\":[{\"item\":\"$$selfLink$$.inputs_masked_unlocking_iu.time\",\"props\":{\"visible\":true}},{\"item\":\"$$selfLink$$.inputs_masked_unlocking_iu.time.selector\",\"props\":{\"enum\":[0,1],\"enumNames\":[\"##Миллисекунды##\",\"##Секунды##\"],\"default\":1}}]}},\"time\":{\"type\":\"object\",\"widget\":\"combotime\",\"title\":\"##Время##\",\"properties\":{\"selector\":{\"type\":\"select\",\"widget\":\"select\",\"enum\":[0,1,2],\"enumNames\":[\"##Миллисекунды##\",\"##Секунды##\",\"##Бесконечность##\"],\"default\":1,\"dependencies\":{\"0\":[{\"item\":\"$$selfLink$$.inputs_masked_unlocking_iu.time.select\",\"props\":{\"visible\":true}}],\"1\":[{\"item\":\"$$selfLink$$.inputs_masked_unlocking_iu.time.input\",\"props\":{\"visible\":true}}]}},\"input\":{\"type\":\"string\",\"default\":1,\"validator\":{\"pattern\":\"number\",\"min\":1,\"max\":251}},\"select\":{\"type\":\"string\",\"widget\":\"select\",\"enum\":[0,1,2],\"enumNames\":[\"250\",\"500\",\"750\"],\"default\":0}}},\"inputs\":{\"type\":\"object\",\"widget\":\"container\",\"title\":\"\",\"properties\":{\"$$allParentInputs\":\"$$\"}}}},\"outputs_activated_unlocking_iu\":{\"type\":\"section\",\"title\":\"##Дополнительные выходы, активизируемые при разблокировке ИУ##\",\"properties\":{\"time_prop\":{\"type\":\"string\",\"widget\":\"select\",\"enum\":[0,1,2,3],\"enumNames\":[\"##Не задано##\",\"##На время срабатывания##\",\"##На указанное время##\",\"##На время срабатывания и после срабатывания##\"],\"title\":\"##Критерий активизации##\",\"default\":0,\"dependencies\":{\"0\":[{\"item\":\"$$selfLink$$.outputs_activated_unlocking_iu.outputs\",\"props\":{\"visible\":false}}],\"2\":[{\"item\":\"$$selfLink$$.outputs_activated_unlocking_iu.time\",\"props\":{\"visible\":true}}],\"3\":[{\"item\":\"$$selfLink$$.outputs_activated_unlocking_iu.time\",\"props\":{\"visible\":true}},{\"item\":\"$$selfLink$$.outputs_activated_unlocking_iu.time.selector\",\"props\":{\"enum\":[0,1],\"enumNames\":[\"##Миллисекунды##\",\"##Секунды##\"],\"default\":1}}]}},\"time\":{\"type\":\"object\",\"widget\":\"combotime\",\"title\":\"##Время##\",\"properties\":{\"selector\":{\"type\":\"select\",\"widget\":\"select\",\"enum\":[0,1,2],\"enumNames\":[\"##Миллисекунды##\",\"##Секунды##\",\"##Бесконечность##\"],\"default\":1,\"dependencies\":{\"0\":[{\"item\":\"$$selfLink$$.outputs_activated_unlocking_iu.time.select\",\"props\":{\"visible\":true}}],\"1\":[{\"item\":\"$$selfLink$$.outputs_activated_unlocking_iu.time.input\",\"props\":{\"visible\":true}}]}},\"input\":{\"type\":\"string\",\"default\":1,\"validator\":{\"pattern\":\"number\",\"min\":1,\"max\":251}},\"select\":{\"type\":\"string\",\"widget\":\"select\",\"enum\":[0,1,2],\"enumNames\":[\"250\",\"500\",\"750\"],\"default\":0}}},\"outputs\":{\"type\":\"object\",\"widget\":\"container\",\"title\":\"\",\"properties\":{\"$$allParentOutputs\":\"$$\"}}}},\"outputs_normalize_unlocking_iu\":{\"type\":\"section\",\"title\":\"##Дополнительные выходы, нормализируемые при разблокировке ИУ##\",\"properties\":{\"time_prop\":{\"type\":\"string\",\"widget\":\"select\",\"enum\":[0,1,2,3],\"enumNames\":[\"##Не задано##\",\"##На время срабатывания##\",\"##На указанное время##\",\"##На время срабатывания и после срабатывания##\"],\"title\":\"##Критерий активизации##\",\"default\":0,\"dependencies\":{\"0\":[{\"item\":\"$$selfLink$$.outputs_normalize_unlocking_iu.outputs\",\"props\":{\"visible\":false}}],\"2\":[{\"item\":\"$$selfLink$$.outputs_normalize_unlocking_iu.time\",\"props\":{\"visible\":true}}],\"3\":[{\"item\":\"$$selfLink$$.outputs_normalize_unlocking_iu.time\",\"props\":{\"visible\":true}},{\"item\":\"$$selfLink$$.outputs_normalize_unlocking_iu.time.selector\",\"props\":{\"enum\":[0,1],\"enumNames\":[\"##Миллисекунды##\",\"##Секунды##\"],\"default\":1}}]}},\"time\":{\"type\":\"object\",\"widget\":\"combotime\",\"title\":\"##Время##\",\"properties\":{\"selector\":{\"type\":\"select\",\"widget\":\"select\",\"enum\":[0,1,2],\"enumNames\":[\"##Миллисекунды##\",\"##Секунды##\",\"##Бесконечность##\"],\"default\":1,\"dependencies\":{\"0\":[{\"item\":\"$$selfLink$$.outputs_normalize_unlocking_iu.time.select\",\"props\":{\"visible\":true}}],\"1\":[{\"item\":\"$$selfLink$$.outputs_normalize_unlocking_iu.time.input\",\"props\":{\"visible\":true}}]}},\"input\":{\"type\":\"string\",\"default\":1,\"validator\":{\"pattern\":\"number\",\"min\":1,\"max\":251}},\"select\":{\"type\":\"string\",\"widget\":\"select\",\"enum\":[0,1,2],\"enumNames\":[\"250\",\"500\",\"750\"],\"default\":0}}},\"outputs\":{\"type\":\"object\",\"widget\":\"container\",\"title\":\"\",\"properties\":{\"$$allParentOutputs\":\"$$\"}}}},\"outputs_activated_staff\":{\"type\":\"section\",\"title\":\"##Дополнительные выходы, активизируемые при предъявлении валидных идентификаторов СОТРУДНИКОВ##\",\"properties\":{\"time_prop\":{\"type\":\"string\",\"widget\":\"select\",\"enum\":[0,1,2,3],\"enumNames\":[\"##Не задано##\",\"##На время срабатывания##\",\"##На указанное время##\",\"##На время срабатывания и после срабатывания##\"],\"title\":\"##Критерий активизации##\",\"default\":0,\"dependencies\":{\"0\":[{\"item\":\"$$selfLink$$.outputs_activated_staff.outputs\",\"props\":{\"visible\":false}}],\"2\":[{\"item\":\"$$selfLink$$.outputs_activated_staff.time\",\"props\":{\"visible\":true}}],\"3\":[{\"item\":\"$$selfLink$$.outputs_activated_staff.time\",\"props\":{\"visible\":true}},{\"item\":\"$$selfLink$$.outputs_activated_staff.time.selector\",\"props\":{\"enum\":[0,1],\"enumNames\":[\"##Миллисекунды##\",\"##Секунды##\"],\"default\":1}}]}},\"time\":{\"type\":\"object\",\"widget\":\"combotime\",\"title\":\"##Время##\",\"properties\":{\"selector\":{\"type\":\"select\",\"widget\":\"select\",\"enum\":[0,1,2],\"enumNames\":[\"##Миллисекунды##\",\"##Секунды##\",\"##Бесконечность##\"],\"default\":1,\"dependencies\":{\"0\":[{\"item\":\"$$selfLink$$.outputs_activated_staff.time.select\",\"props\":{\"visible\":true}}],\"1\":[{\"item\":\"$$selfLink$$.outputs_activated_staff.time.input\",\"props\":{\"visible\":true}}]}},\"input\":{\"type\":\"string\",\"default\":1,\"validator\":{\"pattern\":\"number\",\"min\":1,\"max\":251}},\"select\":{\"type\":\"string\",\"widget\":\"select\",\"enum\":[0,1,2],\"enumNames\":[\"250\",\"500\",\"750\"],\"default\":0}}},\"outputs\":{\"type\":\"object\",\"widget\":\"container\",\"title\":\"\",\"properties\":{\"$$allParentOutputs\":\"$$\"}}}},\"outputs_activated_visitor\":{\"type\":\"section\",\"title\":\"##Дополнительные выходы, активизируемые при предъявлении валидных идентификаторов ПОСЕТИТЕЛЕЙ##\",\"properties\":{\"time_prop\":{\"type\":\"string\",\"widget\":\"select\",\"enum\":[0,1,2,3],\"enumNames\":[\"##Не задано##\",\"##На время срабатывания##\",\"##На указанное время##\",\"##На время срабатывания и после срабатывания##\"],\"title\":\"##Критерий активизации##\",\"default\":0,\"dependencies\":{\"0\":[{\"item\":\"$$selfLink$$.outputs_activated_visitor.outputs\",\"props\":{\"visible\":false}}],\"2\":[{\"item\":\"$$selfLink$$.outputs_activated_visitor.time\",\"props\":{\"visible\":true}}],\"3\":[{\"item\":\"$$selfLink$$.outputs_activated_visitor.time\",\"props\":{\"visible\":true}},{\"item\":\"$$selfLink$$.outputs_activated_visitor.time.selector\",\"props\":{\"enum\":[0,1],\"enumNames\":[\"##Миллисекунды##\",\"##Секунды##\"],\"default\":1}}]}},\"time\":{\"type\":\"object\",\"widget\":\"combotime\",\"title\":\"##Время##\",\"properties\":{\"selector\":{\"type\":\"select\",\"widget\":\"select\",\"enum\":[0,1,2],\"enumNames\":[\"##Миллисекунды##\",\"##Секунды##\",\"##Бесконечность##\"],\"default\":1,\"dependencies\":{\"0\":[{\"item\":\"$$selfLink$$.outputs_activated_visitor.time.select\",\"props\":{\"visible\":true}}],\"1\":[{\"item\":\"$$selfLink$$.outputs_activated_visitor.time.input\",\"props\":{\"visible\":true}}]}},\"input\":{\"type\":\"string\",\"default\":1,\"validator\":{\"pattern\":\"number\",\"min\":1,\"max\":251}},\"select\":{\"type\":\"string\",\"widget\":\"select\",\"enum\":[0,1,2],\"enumNames\":[\"250\",\"500\",\"750\"],\"default\":0}}},\"outputs\":{\"type\":\"object\",\"widget\":\"container\",\"title\":\"\",\"properties\":{\"$$allParentOutputs\":\"$$\"}}}}}}'),(137,'verify_point_s30',NULL,'{\"0\":{\"is_hub\":0,\"is_active\":1,\"resources\":{\"verify_point\":{\"is_tab\":true,\"_settings\":{\"type\":4},\"_events\":{\"type\":2}}}}}'),(138,'verify_point_settings_s30',NULL,'{\"type\":\"object\",\"widget\":\"section\",\"title\":\"##Параметры точки верификации##\",\"properties\":{\"info\":{\"type\":\"object\",\"widget\":\"section\",\"title\":\"##Параметры отображения информации##\",\"properties\":{\"info_time_type\":{\"type\":\"select\",\"title\":\"##Отображение информации (в течение какого времени после прохода (или другого события) будет отображаться информация о проходе/событии)##\",\"enum\":[2,1],\"enumNames\":[\"##Постоянно##\",\"##Не более чем##\"],\"default\":1,\"dependencies\":{\"2\":[{\"item\":\"$$selfLink$$.info.info_time\",\"props\":{\"visible\":false}}]}},\"info_time\":{\"type\":\"string\",\"title\":\"##Значение (секунд, 2 - 120)##\",\"default\":2,\"validator\":{\"pattern\":\"number\",\"min\":2,\"max\":120}}}},\"video\":{\"type\":\"object\",\"widget\":\"section\",\"title\":\"##Параметры видеозаписи##\",\"properties\":{\"pre_recording_time\":{\"type\":\"string\",\"title\":\"##Продолжительность предзаписи (секунд)##\",\"default\":8,\"validator\":{\"pattern\":\"number\"}},\"record_time\":{\"type\":\"string\",\"title\":\"##Продолжительность записи (секунд)##\",\"default\":6,\"validator\":{\"pattern\":\"number\"}},\"frame_rate\":{\"type\":\"string\",\"title\":\"##Частота записи видеокадров##\",\"default\":2,\"validator\":{\"pattern\":\"number\", \"max\": 255}}}}}}'),(139,'lock_type_11',NULL,'{\"type\":\"object\",\"widget\":\"section\",\"title\":\"##ИУ##\",\"properties\":{\"command\":{\"type\":\"object\",\"widget\":\"commands\",\"title\":\"##Управление охранными зонами##\",\"properties\":{\"guard_on\":{\"type\":\"object\",\"command_type\":\"5\",\"command_value\":\"1\",\"command_number\":\"$$resourceNumber$$\",\"widget\":\"button\",\"title\":\"##Поставить на охрану##\"},\"guard_off\":{\"type\":\"object\",\"command_type\":\"5\",\"command_value\":\"0\",\"command_number\":\"$$resourceNumber$$\",\"widget\":\"button\",\"title\":\"##Снять с охраны##\"},\"reset_alarm\":{\"type\":\"object\",\"command_type\":\"4\",\"command_value\":\"0\",\"command_number\":\"$$resourceNumber$$\",\"widget\":\"button\",\"title\":\"##Снять тревогу##\"},\"clear_spatial_zones\":{\"type\":\"object\",\"command_type\":\"6\",\"command_value\":\"0\",\"command_number\":\"$$resourceNumber$$\",\"widget\":\"button\",\"title\":\"##Сбросить зональность##\"}}},\"algorithm\":{\"type\":\"string\",\"widget\":\"select\",\"title\":\"##Алгоритм##\",\"enum\":[1,2,4],\"enumNames\":[\"##Замок##\",\"##Турникет##\",\"##Шлюз##\"],\"default\":1},\"check_pass_presentation_id\":{\"type\":\"boolean\",\"title\":\"##Регистрация прохода по предъявлению идентификатора##\",\"default\":false},\"hold_time\":{\"type\":\"object\",\"widget\":\"combotime\",\"title\":\"##Время удержания в разблокированном состоянии (время анализа идентификатора)##\",\"properties\":{\"selector\":{\"type\":\"select\",\"widget\":\"select\",\"enum\":[1,2],\"enumNames\":[\"##Секунды##\",\"##Бесконечность##\"],\"default\":1,\"dependencies\":{\"1\":[{\"item\":\"$$selfLink$$.hold_time.input\",\"props\":{\"visible\":true}}]}},\"input\":{\"type\":\"string\",\"default\":8,\"visible\":false,\"validator\":{\"pattern\":\"number\",\"min\":1,\"max\":251}}}},\"max_unblock_time\":{\"type\":\"object\",\"widget\":\"combotime\",\"title\":\"##Предельное время разблокировки##\",\"properties\":{\"selector\":{\"type\":\"select\",\"widget\":\"select\",\"enum\":[0,1,2],\"enumNames\":[\"##Миллисекунды##\",\"##Секунды##\",\"##Бесконечность##\"],\"default\":1,\"dependencies\":{\"0\":[{\"item\":\"$$selfLink$$.max_unblock_time.select\",\"props\":{\"visible\":true}}],\"1\":[{\"item\":\"$$selfLink$$.max_unblock_time.input\",\"props\":{\"visible\":true}}]}},\"input\":{\"type\":\"string\",\"default\":8,\"visible\":false,\"validator\":{\"pattern\":\"number\",\"min\":1,\"max\":251}},\"select\":{\"type\":\"string\",\"widget\":\"select\",\"visible\":false,\"enum\":[0,1,2],\"enumNames\":[\"250\",\"500\",\"750\"],\"default\":0}}},\"operation_mode_control_output_iu\":{\"type\":\"string\",\"widget\":\"select\",\"enum\":[1,0],\"enumNames\":[\"##Потенциальный##\",\"##Импульсный##\"],\"title\":\"##Режим работы выхода управления ИУ##\",\"default\":1,\"dependencies\":{\"0\":[{\"item\":\"$$selfLink$$.control_pulse_time\",\"props\":{\"visible\":true}}]}},\"control_pulse_time\":{\"type\":\"string\",\"widget\":\"select\",\"title\":\"##Длительность импульса управления ИУ (миллисекунд)##\",\"enum\":[250,500,750],\"enumNames\":[\"250\",\"500\",\"750\"],\"default\":500},\"normalization_iu_output\":{\"type\":\"string\",\"widget\":\"select\",\"enum\":[0,1],\"enumNames\":[\"##После \\\"Открытия\\\"##\",\"##После \\\"Закрытия\\\"##\"],\"title\":\"##Нормализация выхода ИУ##\",\"default\":0},\"fire_alarm_reaction\":{\"type\":\"string\",\"widget\":\"select\",\"title\":\"##Реакция на Fire alarm в режиме работы \\\"Охрана\\\"##\",\"enum\":[0,1],\"enumNames\":[\"##Блокировать ИУ##\",\"##Разблокировать ИУ##\"],\"default\":1},\"guard_identify_time\":{\"type\":\"object\",\"widget\":\"combotime\",\"title\":\"##Время идентификации постановки/снятия РКД \\\"Охрана\\\"##\",\"properties\":{\"selector\":{\"type\":\"select\",\"widget\":\"select\",\"enum\":[1,2],\"enumNames\":[\"##Секунды##\",\"##Бесконечность##\"],\"default\":1,\"dependencies\":{\"1\":[{\"item\":\"$$selfLink$$.guard_identify_time.input\",\"props\":{\"visible\":true}}]}},\"input\":{\"type\":\"string\",\"default\":8,\"visible\":false,\"validator\":{\"pattern\":\"number\",\"min\":1,\"max\":251}}}},\"is_antipass\":{\"type\":\"boolean\",\"title\":\"##Внутренняя защита от передачи идентификаторов (Local Antipass)##\",\"default\":false}}}'),(141,'gateway_type_3',NULL,'{\"type\":\"object\",\"widget\":\"section\",\"title\":\"##Составной объект##\",\"properties\":{\"algorithm\":{\"type\":\"string\",\"widget\":\"select\",\"title\":\"##Алгоритм##\",\"enum\":[1,2],\"enumNames\":[\"##Турникет##\",\"##Двусторонний замок##\"],\"default\":1},\"controller1\":{\"type\":\"number\",\"$$selectCL15controller\":\"$$\",\"title\":\"##Контроллер## 1\",\"validator\":{\"required\":true}},\"controller2\":{\"type\":\"number\",\"$$selectCL15controller\":\"$$\",\"title\":\"##Контроллер## 2\",\"validator\":{\"required\":true}}}}'),(142,'gate_ctl14',NULL,'{\"0\":{\"is_hub\":1,\"resources\":{\"gateway\":{\"type\":1}}}}'),(143,'gate_cl15',NULL,'{\"0\":{\"is_hub\":1,\"resources\":{\"gateway\":{\"type\":2}}}}'),(144,'object_cl15',NULL,'{\"0\":{\"is_hub\":1,\"resources\":{\"gateway\":{\"type\":3}}}}'),(146,'licon_string_2',NULL,'{\"type\":\"object\",\"widget\":\"section\",\"title\":\"##Строки##\",\"properties\":{\"table\":{\"type\":\"object\",\"widget\":\"table\",\"properties\":{\"cols\":{\"number\":\"№\",\"target\":\"##Назначение##\",\"value\":\"##Строка##\",\"default\":\"##Оригинал строки##\"},\"rows\":[{\"number\":\"1\",\"target\":\"##«Вход»##\",\"value\":\"##Вход##\",\"default\":\"##Вход##\",\"font\":2},{\"number\":\"2\",\"target\":\"##«Выход»##\",\"value\":\"##Выход##\",\"default\":\"##Выход##\",\"font\":2},{\"number\":\"3\",\"target\":\"##1-я строка «Карты нет в списке»##\",\"value\":\"##Карты##\",\"default\":\"##Карты##\",\"font\":2},{\"number\":\"4\",\"target\":\"##2-я строка «Карты нет в списке»##\",\"value\":\"##нет в списке##\",\"default\":\"##нет в списке##\",\"font\":2},{\"number\":\"7\",\"target\":\"##«нарушение зоны» для входа##\",\"value\":\"##Нарушение зоны: вход##\",\"default\":\"##Нарушение зоны: вход##\",\"font\":1},{\"number\":\"8\",\"target\":\"##«нарушение зоны» для выхода##\",\"value\":\"##Нарушение зоны: выход##\",\"default\":\"##Нарушение зоны: выход##\",\"font\":1},{\"number\":\"9\",\"target\":\"##строка направления прохода левая нижняя##\",\"value\":\"##вход##\",\"default\":\"##вход##\",\"font\":2},{\"number\":\"10\",\"target\":\"##строка направления прохода правая верхняя##\",\"value\":\"##выход##\",\"default\":\"##выход##\",\"font\":2},{\"number\":\"11\",\"target\":\"##1-я строка «Вход не зарегистрирован. Нарушение зоны»##\",\"value\":\"##Вход##\",\"default\":\"##Вход##\",\"font\":1},{\"number\":\"12\",\"target\":\"##2-я строка «Вход не зарегистрирован. Нарушение зоны»##\",\"value\":\"##не зарегистрирован##\",\"default\":\"##не зарегистрирован##\",\"font\":1},{\"number\":\"13\",\"target\":\"##3-я строка «Вход не зарегистрирован. Нарушение зоны»##\",\"value\":\"##Нарушение зоны##\",\"default\":\"##Нарушение зоны##\",\"font\":1},{\"number\":\"14\",\"target\":\"##1-я строка «Выход не зарегистрирован. Нарушение зоны»##\",\"value\":\"##Выход##\",\"default\":\"##Выход##\",\"font\":1},{\"number\":\"15\",\"target\":\"##2-я строка «Выход не зарегистрирован. Нарушение зоны»##\",\"value\":\"##не зарегистрирован##\",\"default\":\"##не зарегистрирован##\",\"font\":1},{\"number\":\"16\",\"target\":\"##3-я строка «Выход не зарегистрирован. Нарушение зоны»##\",\"value\":\"##Нарушение зоны##\",\"default\":\"##Нарушение зоны##\",\"font\":1}]}}}}'),(147,'device_type_65',NULL,'{\"0\":{\"is_hub\":0,\"resources\":{\"network\":{\"type\":1},\"settings\":{\"type\":1},\"connection\":{\"type\":1}}},\"1\":{\"resources\":{\"licon_config\":{\"type\":1},\"licon_string\":{\"type\":2}},\"comission_card_count\":0}}'),(148,'reader_type_11','s30 morpho CT13','{\"type\":\"object\",\"widget\":\"section\",\"title\":\"$$optionsName$$\",\"link\":\"$$selfLink$$\",\"properties\":{\"controller\":{\"type\":\"string\",\"widget\":\"select\",\"title\":\"##Контроллер##\",\"default\":\"$$optionsHardNumbers$$\",\"$$childControllersSelector$$\":\"$$\"},\"direction\":{\"type\":\"string\",\"widget\":\"select\",\"title\":\"##Направление##\",\"enum\":[],\"enumNames\":[],\"default\":\"$$optionsDir$$\"},\"model\":{\"type\":\"string\",\"title\":\"##Модель##\",\"default\":\"\",\"readonly\":true},\"serial\":{\"type\":\"string\",\"title\":\"##Серийный номер##\",\"default\":\"\",\"readonly\":true},\"total\":{\"type\":\"string\",\"title\":\"##Всего отпечатков##\",\"default\":\"\",\"readonly\":true},\"used\":{\"type\":\"string\",\"title\":\"##Использовано отпечатков##\",\"default\":\"\",\"readonly\":true},\"free\":{\"type\":\"string\",\"title\":\"##Свободно отпечатков##\",\"default\":\"\",\"readonly\":true},\"sensor_position\":{\"type\":\"string\",\"widget\":\"select\",\"title\":\"##Положение сенсора##\",\"enum\":[1,2,3],\"enumNames\":[\"##Нормальное##\",\"##Развёрнутое на 180 градусов##\",\"##Нормальное и развёрнутое##\"],\"default\":1},\"far_level\":{\"type\":\"string\",\"widget\":\"select\",\"title\":\"##Вероятность несанкционированного допуска##\",\"enum\":[1,2,3,4,5,6,7,8,9],\"enumNames\":[\"##меньше 1 %##\",\"##меньше 0.5 %##\",\"##меньше 0.1 %##\",\"##меньше 0.05 %##\",\"##меньше 0.01 %##\",\"##меньше 0.001 %##\",\"##меньше 0.0001 %##\",\"##меньше 0.00001 %##\",\"##меньше 0.0000001 %##\"],\"default\":1}}}'),(149,'reader_type_12','s30 morpho','{\"type\":\"object\",\"widget\":\"section\",\"title\":\"$$optionsName$$\",\"link\":\"$$selfLink$$\",\"properties\":{\"controller\":{\"type\":\"string\",\"widget\":\"select\",\"title\":\"##Контроллер##\",\"default\":\"$$optionsHardNumbers$$\",\"$$childControllersSelector$$\":\"$$\"},\"direction\":{\"type\":\"string\",\"widget\":\"select\",\"title\":\"##Направление##\",\"enum\":[],\"enumNames\":[],\"default\":\"$$optionsDir$$\"},\"model\":{\"type\":\"string\",\"title\":\"##Модель##\",\"default\":\"\",\"readonly\":true},\"serial\":{\"type\":\"string\",\"title\":\"##Серийный номер##\",\"default\":\"\",\"readonly\":true},\"total\":{\"type\":\"string\",\"title\":\"##Всего отпечатков##\",\"default\":\"\",\"readonly\":true},\"used\":{\"type\":\"string\",\"title\":\"##Использовано отпечатков##\",\"default\":\"\",\"readonly\":true},\"free\":{\"type\":\"string\",\"title\":\"##Свободно отпечатков##\",\"default\":\"\",\"readonly\":true}}}'),(152,'zkt_device','ZKTeco','{\"0\":{\"is_hub\":0,\"resources\":{\"network\":{\"type\":1},\"settings\":{\"type\":3}}},\"1\":{\"resources\":{\"lock\":{\"type\":12},\"reader\":{\"type\":11}}}}'),(153,'zkt_settings','ZKTeco','{ \"type\": \"object\", \"widget\": \"section\", \"title\": \"##Разное##\", \"properties\": { \"firmware_version\": { \"type\": \"string\", \"title\": \"##Версия прошивки##\", \"default\": \"\", \"readonly\": true }, \"model\": { \"type\": \"string\", \"title\": \"##Модель##\", \"default\": \"\", \"readonly\": true }, \"serial_number\": { \"type\": \"string\", \"title\": \"##Серийный номер##\", \"default\": \"\", \"readonly\": true } } }'),(154,'zkt_common_settings','ZKTeco','{\"type\": \"object\", \"title\": \"##Контроллеры ZKTeco##\", \"widget\": \"section\", \"properties\": {\"server_port\": {\"type\": \"string\", \"title\": \"##Порт сервера##\", \"default\": \"8081\", \"validator\": {\"min\": 1, \"max\": 65535, \"minLength\": 4, \"maxLength\": 5, \"pattern\": \"number\"}}}}'),(155,'reader_zkteco','ZKTeco','{\"type\": \"object\", \"widget\": \"section\", \"title\": \"##Считыватель##\", \"properties\": {\"info\": {\"type\": \"string\", \"title\": \"##Параметры считывателя настраиваются в терминале##\", \"default\": \"\", \"readonly\": true}, \"temperature_threshold\": {\"type\": \"string\", \"title\": \"##Сообщение при превышении температуры##\", \"default\": \"37.3\"}}}'),(156,'lock_zkteco','zkteco','{\"type\": \"object\", \"widget\": \"section\", \"title\": \"##Замок##\", \"properties\": {\"command\": {\"type\": \"commands\", \"title\": \"##Команды замка##\", \"properties\": {\"open_iu\": {\"command_type\": \"1\", \"command_value\": \"1\", \"command_number\": \"$$resourceNumber$$\", \"title\": \"##Открыть (разблокировать) ИУ##\", \"command_param\": {\"type\": \"object\", \"widget\": \"combotime\", \"title\": \"##Время##\", \"properties\": {\"selector\": {\"type\": \"select\", \"widget\": \"select\", \"enum\": [1, 255], \"enumNames\": [\"##Время прохода##\", \"##Бесконечность##\"], \"default\": 1}}}}, \"close_iu\": {\"command_type\": \"1\", \"command_value\": \"0\", \"command_number\": \"$$resourceNumber$$\", \"title\": \"##Закрыть (заблокировать) ИУ##\"}, \"reset_alarm\": {\"type\": \"object\", \"command_type\": \"4\", \"command_value\": \"0\", \"command_number\": \"$$resourceNumber$$\", \"widget\": \"button\", \"title\": \"##Снять тревогу##\"}}}, \"door_sensor\": {\"type\": \"select\", \"title\": \"##Датчик двери##\", \"enum\": [1, 2], \"enumNames\": [\"##Нормально замкнут##\", \"##Нормально разомкнут##\"], \"default\": 1}, \"max_unblock_time\": {\"type\": \"object\", \"widget\": \"combotime\", \"title\": \"##Предельное время открытия двери##\", \"properties\": {\"selector\": {\"type\": \"select\", \"widget\": \"select\", \"enum\": [1], \"enumNames\": [\"##Секунды##\"], \"default\": 1, \"dependencies\": {\"1\": [{\"item\": \"$$selfLink$$.max_unblock_time.input\", \"props\": {\"visible\": true}}]}}, \"input\": {\"type\": \"string\", \"default\": 8, \"visible\": false, \"validator\": {\"pattern\": \"number\", \"min\": 1, \"max\": 99}}}}, \"block_after_close\": {\"type\": \"boolean\", \"title\": \"##Блокировать дверь после закрытия##\", \"default\": false}, \"hold_time\": {\"type\": \"object\", \"widget\": \"combotime\", \"title\": \"##Время открытия двери##\", \"properties\": {\"selector\": {\"type\": \"select\", \"widget\": \"select\", \"enum\": [1], \"enumNames\": [\"##Секунды##\"], \"default\": 1, \"dependencies\": {\"1\": [{\"item\": \"$$selfLink$$.hold_time.input\", \"props\": {\"visible\": true}}]}}, \"input\": {\"type\": \"string\", \"default\": 4, \"visible\": false, \"validator\": {\"pattern\": \"number\", \"min\": 1, \"max\": 251}}}}, \"controller_pdu\": {\"type\": \"string\", \"widget\": \"select\", \"title\": \"##Подтверждение прохода от контроллера##\", \"$$selectPDUcontroller\": \"$$\"}}}'),(157,'verify_point_zkteco','ZKTeco','{\"0\":{\"is_hub\":0,\"is_active\":1,\"resources\":{\"verify_point\":{\"is_tab\":true,\"_settings\":{\"type\":1},\"_events\":{\"type\":6}}}}}'),(158,'verify_point_reaction_zkteco','ZKTeco','{\"type\": \"object\", \"widget\": \"section\", \"title\": \"##Реакция на события##\", \"properties\": {\"staff\": {\"type\": \"object\", \"widget\": \"section\", \"title\": \"##События при проходе сотрудников##\", \"properties\": {\"pass_allowed\": {\"type\": \"object\", \"widget\": \"container\", \"title\": \"##Проход##\", \"properties\": {\"watch\": {\"type\": \"select\", \"enum\": [0, 1], \"enumNames\": [\"##Не отслеживать##\", \"##Отслеживать##\"], \"default\": 1, \"dependencies\": {\"0\": [{\"item\": \"$$selfLink$$.staff.pass_allowed.video\", \"props\": {\"visible\": false}}, {\"item\": \"$$selfLink$$.staff.pass_allowed.verify\", \"props\": {\"visible\": false}}, {\"item\": \"$$selfLink$$.staff.pass_allowed.auto_confirm\", \"props\": {\"visible\": false}}]}}, \"video\": {\"type\": \"boolean\", \"title\": \"##Запись кадров видеокамеры##\", \"default\": false}, \"verify\": {\"type\": \"select\", \"title\": \"##Верификация##\", \"enum\": [0, 1], \"enumNames\": [\"##Нет (режим индикации)##\", \"##Да (режим верификации)##\"], \"default\": 0, \"dependencies\": {\"0\": [{\"item\": \"$$selfLink$$.staff.pass_allowed.auto_confirm\", \"props\": {\"visible\": false}}], \"1\": [{\"item\": \"$$selfLink$$.staff.pass_allowed.auto_confirm\", \"props\": {\"visible\": true}}]}}, \"auto_confirm\": {\"type\": \"boolean\", \"title\": \"##Автоподтверждение##\", \"default\": false}}}, \"time_violation\": {\"type\": \"object\", \"widget\": \"container\", \"title\": \"##Проход с нарушением ВРЕМЕНИ##\", \"properties\": {\"watch\": {\"type\": \"select\", \"enum\": [0, 1], \"enumNames\": [\"##Не отслеживать##\", \"##Отслеживать##\"], \"default\": 1, \"dependencies\": {\"0\": [{\"item\": \"$$selfLink$$.staff.time_violation.video\", \"props\": {\"visible\": false}}]}}, \"video\": {\"type\": \"boolean\", \"title\": \"##Запись кадров видеокамеры##\", \"default\": false}}}}}, \"visitor\": {\"type\": \"object\", \"widget\": \"section\", \"title\": \"##События при проходе посетителей##\", \"properties\": {\"pass_allowed\": {\"type\": \"object\", \"widget\": \"container\", \"title\": \"##Проход##\", \"properties\": {\"watch\": {\"type\": \"select\", \"enum\": [0, 1], \"enumNames\": [\"##Не отслеживать##\", \"##Отслеживать##\"], \"default\": 1, \"dependencies\": {\"0\": [{\"item\": \"$$selfLink$$.visitor.pass_allowed.video\", \"props\": {\"visible\": false}}, {\"item\": \"$$selfLink$$.visitor.pass_allowed.verify\", \"props\": {\"visible\": false}}, {\"item\": \"$$selfLink$$.visitor.pass_allowed.auto_confirm\", \"props\": {\"visible\": false}}]}}, \"video\": {\"type\": \"boolean\", \"title\": \"##Запись кадров видеокамеры##\", \"default\": false}, \"verify\": {\"type\": \"select\", \"title\": \"##Верификация##\", \"enum\": [0, 1], \"enumNames\": [\"##Нет (режим индикации)##\", \"##Да (режим верификации)##\"], \"default\": 0, \"dependencies\": {\"0\": [{\"item\": \"$$selfLink$$.visitor.pass_allowed.auto_confirm\", \"props\": {\"visible\": false}}], \"1\": [{\"item\": \"$$selfLink$$.visitor.pass_allowed.auto_confirm\", \"props\": {\"visible\": true}}]}}, \"auto_confirm\": {\"type\": \"boolean\", \"title\": \"##Автоподтверждение##\", \"default\": false}}}, \"time_violation\": {\"type\": \"object\", \"widget\": \"container\", \"title\": \"##Проход с нарушением ВРЕМЕНИ##\", \"properties\": {\"watch\": {\"type\": \"select\", \"enum\": [0, 1], \"enumNames\": [\"##Не отслеживать##\", \"##Отслеживать##\"], \"default\": 1, \"dependencies\": {\"0\": [{\"item\": \"$$selfLink$$.visitor.time_violation.video\", \"props\": {\"visible\": false}}]}}, \"video\": {\"type\": \"boolean\", \"title\": \"##Запись кадров видеокамеры##\", \"default\": false}}}}}, \"notice\": {\"type\": \"object\", \"widget\": \"section\", \"title\": \"##Уведомляющие события##\", \"properties\": {\"not_in_list\": {\"type\": \"object\", \"widget\": \"container\", \"title\": \"##Идентификатор НЕ ЗАРЕГИСТРИРОВАН##\", \"properties\": {\"watch\": {\"type\": \"select\", \"enum\": [0, 1], \"enumNames\": [\"##Не отслеживать##\", \"##Отслеживать##\"], \"default\": 1, \"dependencies\": {\"0\": [{\"item\": \"$$selfLink$$.notice.not_in_list.video\", \"props\": {\"visible\": false}}]}}, \"video\": {\"type\": \"boolean\", \"title\": \"##Запись кадров видеокамеры##\", \"default\": false}}}}}}}'),(159,'suprema_face','Suprema','{\"0\":{\"is_hub\":0,\"resources\":{\"network\":{\"type\":1},\"settings\":{\"type\":2}}},\"1\":{\"resources\":{\"lock\":{\"type\":8},\"reader\":{\"type\":12}}}}'),(160,'reader_suprema_face','Suprema','{\"type\": \"object\", \"widget\": \"section\", \"title\": \"##Считыватель##\", \"properties\": {\"command\": {\"type\": \"commands\", \"title\": \"##Команды считывателя##\", \"properties\": {\"set_mode_open\": {\"command_type\": \"0\", \"command_value\": \"0\", \"command_number\": \"$$resourceNumber$$\", \"title\": \"##Установить режим работы \\\"Открыто\\\"##\"}, \"set_mode_control\": {\"command_type\": \"0\", \"command_value\": \"1\", \"command_number\": \"$$resourceNumber$$\", \"title\": \"##Установить режим работы \\\"Контроль\\\"##\"}, \"set_mode_closed\": {\"command_type\": \"0\", \"command_value\": \"3\", \"command_number\": \"$$resourceNumber$$\", \"title\": \"##Установить режим работы \\\"Закрыто\\\"##\"}}}, \"security_level\": {\"type\": \"select\", \"title\": \"##Уровень безопасности##\", \"enum\": [0, 1, 2], \"enumNames\": [\"##Нормальный##\", \"##Высокий##\", \"##Самый высокий##\"], \"default\": 0}, \"sensitivity\": {\"type\": \"select\", \"title\": \"##Датчик движения##\", \"enum\": [0, 1, 2, 3], \"enumNames\": [\"##Выключен##\", \"##Близкий##\", \"##Средний##\", \"##Далекий##\"], \"default\": 2}, \"light_condition\": {\"type\": \"select\", \"title\": \"##Уровень освещенности##\", \"enum\": [0, 1, 2], \"enumNames\": [\"##Нормальный##\", \"##Высокий##\", \"##Автоматический##\"], \"default\": 0}, \"lfd_level\": {\"type\": \"select\", \"title\": \"##Защита от подделки лица##\", \"enum\": [0, 1, 2, 3], \"enumNames\": [\"##Выключена##\", \"##Уровень## 1\", \"##Уровень## 2\", \"##Уровень## 3\"], \"default\": 0}, \"wiegand_mode\": {\"type\": \"select\", \"title\": \"##Режим Wiegand##\", \"enum\": [0, 1], \"enumNames\": [\"##Вход##\", \"##Выход##\"], \"default\": 0, \"dependencies\": {\"1\": [{\"item\": \"$$selfLink$$.wiegand_auth\", \"props\": {\"visible\": true}}]}}, \"wiegand_auth\": {\"title\": \"##Использовать аутентификацию##\", \"type\": \"boolean\", \"visible\": false, \"default\": true}, \"ident_byte_order\": {\"enum\": [0, 1], \"type\": \"string\", \"title\": \"##Порядок байт в идентификаторе##\", \"widget\": \"select\", \"default\": 0, \"enumNames\": [\"##От старшего к младшему##\", \"##От младшему к старшему##\"]}}}'),(161,'verify_point_suprema','Superema','{\"0\":{\"is_hub\":0,\"is_active\":1,\"resources\":{\"verify_point\":{\"is_tab\":true,\"_settings\":{\"type\":4},\"_events\":{\"type\":5}}}}}'),(162,'verify_point_reaction_suprema','Superema','{ \"type\": \"object\", \"widget\": \"section\", \"title\": \"##Реакция на события##\", \"properties\": { \"staff\": { \"type\": \"object\", \"widget\": \"section\", \"title\": \"##События при проходе сотрудников##\", \"properties\": { \"pass_allowed\": { \"type\": \"object\", \"widget\": \"container\", \"title\": \"##Проход##\", \"properties\": { \"watch\": { \"type\": \"select\", \"enum\": [ 0, 1 ], \"enumNames\": [ \"##Не отслеживать##\", \"##Отслеживать##\" ], \"default\": 1, \"dependencies\": { \"0\": [ { \"item\": \"$$selfLink$$.staff.pass_allowed.video\", \"props\": { \"visible\": false } } ] } }, \"video\": { \"type\": \"boolean\", \"title\": \"##Запись кадров видеокамеры##\", \"default\": false } } }, \"time_violation\": { \"type\": \"object\", \"widget\": \"container\", \"title\": \"##Проход с нарушением ВРЕМЕНИ##\", \"properties\": { \"watch\": { \"type\": \"select\", \"enum\": [ 0, 1 ], \"enumNames\": [ \"##Не отслеживать##\", \"##Отслеживать##\" ], \"default\": 1, \"dependencies\": { \"0\": [ { \"item\": \"$$selfLink$$.staff.time_violation.video\", \"props\": { \"visible\": false } } ] } }, \"video\": { \"type\": \"boolean\", \"title\": \"##Запись кадров видеокамеры##\", \"default\": false } } } } }, \"visitor\": { \"type\": \"object\", \"widget\": \"section\", \"title\": \"##События при проходе посетителей##\", \"properties\": { \"pass_allowed\": { \"type\": \"object\", \"widget\": \"container\", \"title\": \"##Проход##\", \"properties\": { \"watch\": { \"type\": \"select\", \"enum\": [ 0, 1 ], \"enumNames\": [ \"##Не отслеживать##\", \"##Отслеживать##\" ], \"default\": 1, \"dependencies\": { \"0\": [ { \"item\": \"$$selfLink$$.visitor.pass_allowed.video\", \"props\": { \"visible\": false } } ] } }, \"video\": { \"type\": \"boolean\", \"title\": \"##Запись кадров видеокамеры##\", \"default\": false } } }, \"time_violation\": { \"type\": \"object\", \"widget\": \"container\", \"title\": \"##Проход с нарушением ВРЕМЕНИ##\", \"properties\": { \"watch\": { \"type\": \"select\", \"enum\": [ 0, 1 ], \"enumNames\": [ \"##Не отслеживать##\", \"##Отслеживать##\" ], \"default\": 1, \"dependencies\": { \"0\": [ { \"item\": \"$$selfLink$$.visitor.time_violation.video\", \"props\": { \"visible\": false } } ] } }, \"video\": { \"type\": \"boolean\", \"title\": \"##Запись кадров видеокамеры##\", \"default\": false } } } } }, \"notice\": { \"type\": \"object\", \"widget\": \"section\", \"title\": \"##Уведомляющие события##\", \"properties\": { \"not_in_list\": { \"type\": \"object\", \"widget\": \"container\", \"title\": \"##Идентификатор НЕ ЗАРЕГИСТРИРОВАН##\", \"properties\": { \"watch\": { \"type\": \"select\", \"enum\": [ 0, 1 ], \"enumNames\": [ \"##Не отслеживать##\", \"##Отслеживать##\" ], \"default\": 1, \"dependencies\": { \"0\": [ { \"item\": \"$$selfLink$$.notice.not_in_list.video\", \"props\": { \"visible\": false } } ] } }, \"video\": { \"type\": \"boolean\", \"title\": \"##Запись кадров видеокамеры##\", \"default\": false } } }, \"ban\": { \"type\": \"object\", \"widget\": \"container\", \"title\": \"##Идентификатор ЗАБЛОКИРОВАН##\", \"properties\": { \"watch\": { \"type\": \"select\", \"enum\": [ 0, 1 ], \"enumNames\": [ \"##Не отслеживать##\", \"##Отслеживать##\" ], \"default\": 1, \"dependencies\": { \"0\": [ { \"item\": \"$$selfLink$$.notice.ban.video\", \"props\": { \"visible\": false } } ] } }, \"video\": { \"type\": \"boolean\", \"title\": \"##Запись кадров видеокамеры##\", \"default\": false } } }, \"ended_duration\": { \"type\": \"object\", \"widget\": \"container\", \"title\": \"##Идентификатор ПРОСРОЧЕН##\", \"properties\": { \"watch\": { \"type\": \"select\", \"enum\": [ 0, 1 ], \"enumNames\": [ \"##Не отслеживать##\", \"##Отслеживать##\" ], \"default\": 1, \"dependencies\": { \"0\": [ { \"item\": \"$$selfLink$$.notice.ended_duration.video\", \"props\": { \"visible\": false } } ] } }, \"video\": { \"type\": \"boolean\", \"title\": \"##Запись кадров видеокамеры##\", \"default\": false } } } } } } }'),(163,'camera_trassir','TRASSIR','{\"0\":{\"is_hub\":0,\"resources\":{\"camera\":{\"title\":\"##Тест##\",\"is_tab\":true,\"_about\":{\"type\":6},\"_video\":{\"type\":7}},\"reader\":{\"type\":13}}}}'),(164,'server_trassir','TRASSIR','{\"0\":{\"is_hub\":0,\"resources\":{\"network\":{\"type\":2}}}}'),(165,'network_trassir','TRASSIR','{\"type\": \"object\", \"widget\": \"section\", \"expandable\": true, \"title\": \"##Сеть##\", \"properties\": {\"ip_address\": {\"type\": \"string\", \"title\": \"##IP-адрес##\", \"default\": \"\", \"validator\": {\"pattern\": \"ip-address\"}}, \"port_server\": {\"type\": \"string\", \"title\": \"##Порт сервера##\", \"default\": \"8089\"}, \"port_stream_http\": {\"type\": \"string\", \"title\": \"##Порт потокового вещания HTTP##\", \"default\": \"555\"}, \"sdk_password\": {\"type\": \"password\", \"title\": \"##Пароль SDK##\", \"default\": \"\"}, \"user_login\": {\"type\": \"string\", \"title\": \"##Логин оператора##\", \"default\": \"\"}, \"user_password\": {\"type\": \"password\", \"title\": \"##Пароль оператора##\", \"default\": \"\"}}}'),(166,'camera_about_trassir','TRASSIR','{\"type\": \"object\", \"widget\": \"section\", \"title\": \"##О камере##\", \"properties\": {\"camera_model\": {\"type\": \"string\", \"title\": \"##Модель##\", \"default\": \"\", \"readonly\": true}}}'),(167,'camera_video_trassir','TRASSIR','{\"type\": \"object\", \"widget\": \"section\", \"title\": \"##Видео##\", \"properties\": {\"command\": {\"type\": \"object\", \"widget\": \"commands\", \"title\": \"##Управление камерой##\", \"properties\": {\"record_on\": {\"type\": \"object\", \"command_type\": \"18\", \"command_value\": \"1\", \"command_number\": \"$$resourceNumber$$\", \"widget\": \"button\", \"title\": \"##Включить запись##\"}, \"record_off\": {\"type\": \"object\", \"command_type\": \"18\", \"command_value\": \"0\", \"command_number\": \"$$resourceNumber$$\", \"widget\": \"button\", \"title\": \"##Выключить запись##\"}, \"screenshot\": {\"type\": \"object\", \"command_type\": \"19\", \"command_value\": \"0\", \"command_number\": \"$$resourceNumber$$\", \"widget\": \"button\", \"title\": \"##Сохранить снимок##\"}, \"video_archive\": {\"type\": \"object\", \"command_type\": \"20\", \"command_value\": \"0\", \"command_number\": \"$$resourceNumber$$\", \"widget\": \"button\", \"title\": \"##Просмотр архива##\"}}}, \"camera_video\": {\"type\": \"object\", \"widget\": \"camera\"}}}'),(168,'reader_trassir','TRASSIR','{\"type\": \"object\", \"widget\": \"section\", \"title\": \"##Распознавание по лицу##\", \"properties\": {\"time_control_staff\": {\"type\": \"string\", \"widget\": \"select\", \"title\": \"##Контроль времени для сотрудников##\", \"enum\": [0, 1, 2], \"enumNames\": [\"##Нет##\", \"##Мягкий##\", \"##Жесткий##\"], \"default\": 0}, \"time_control_visitors\": {\"type\": \"string\", \"widget\": \"select\", \"title\": \"##Контроль времени для посетителей##\", \"enum\": [0, 1, 2], \"enumNames\": [\"##Нет##\", \"##Мягкий##\", \"##Жесткий##\"], \"default\": 0}, \"controller\": {\"type\": \"string\", \"widget\": \"select\", \"title\": \"##Назначение доступа контроллеру##\", \"$$selectPDUcontroller\": \"$$\"}, \"direction\": {\"type\": \"string\", \"widget\": \"select\", \"title\": \"##Направление прохода##\", \"enum\": [1, 2], \"enumNames\": [\"##Направление## 1\", \"##Направление## 2\"], \"default\": 1}}}'),(169,'verify_point_trassir','TRASSIR','{\"0\":{\"is_hub\":0,\"is_active\":1,\"resources\":{\"verify_point\":{\"is_tab\":true,\"_settings\":{\"type\":8},\"_events\":{\"type\":7}}}}}'),(170,'verify_point_settings_trassir','TRASSIR','{\"type\": \"object\", \"widget\": \"section\", \"title\": \"##Параметры точки верификации##\", \"properties\": {\"info\": {\"type\": \"object\", \"widget\": \"section\", \"title\": \"##Параметры отображения информации##\", \"properties\": {\"info_time_type\": {\"type\": \"select\", \"title\": \"##Отображение информации (в течение какого времени после прохода (или другого события) будет отображаться информация о проходе/событии)##\", \"enum\": [2, 1], \"enumNames\": [\"##Постоянно##\", \"##Не более чем##\"], \"default\": 1, \"dependencies\": {\"2\": [{\"item\": \"$$selfLink$$.info.info_time\", \"props\": {\"visible\": false}}]}}, \"info_time\": {\"type\": \"string\", \"title\": \"##Значение (секунд, 2 - 120)##\", \"default\": 2, \"validator\": {\"pattern\": \"number\", \"min\": 2, \"max\": 120}}, \"verify_timeout\": {\"type\": \"object\", \"widget\": \"combotime\", \"title\": \"##Таймаут верификации (время, в течение которого контроллер, отправивший запрос на верификацию, будет ожидать ответа оператора)##\", \"properties\": {\"selector\": {\"type\": \"select\", \"enum\": [1, 2], \"enumNames\": [\"##Секунды##\", \"##Бесконечность##\"], \"default\": 1, \"dependencies\": {\"2\": [{\"item\": \"$$selfLink$$.info.verify_timeout.input\", \"props\": {\"visible\": false}}]}}, \"input\": {\"type\": \"string\", \"default\": 5, \"validator\": {\"pattern\": \"number\", \"min\": 1, \"max\": 255}}}}}}, \"video\": {\"type\": \"object\", \"widget\": \"section\", \"title\": \"##Параметры видеозаписи##\", \"properties\": {\"pre_recording_time\": {\"type\": \"string\", \"title\": \"##Продолжительность предзаписи (секунд)##\", \"default\": 8, \"validator\": {\"max\": 255, \"pattern\": \"number\"}}, \"record_time\": {\"type\": \"string\", \"title\": \"##Продолжительность записи (секунд)##\", \"default\": 6, \"validator\": {\"max\": 255, \"pattern\": \"number\"}}, \"frame_rate\": {\"type\": \"string\", \"title\": \"##Количество кадров в секунду при просмотре##\", \"default\": 2, \"validator\": {\"pattern\": \"number\", \"max\": 10}}}}}}'),(171,'verify_point_reaction_trassir','TRASSIR','{\"type\": \"object\", \"widget\": \"section\", \"title\": \"##Реакция на события##\", \"properties\": {\"staff\": {\"type\": \"object\", \"widget\": \"section\", \"title\": \"##События при проходе сотрудников##\", \"properties\": {\"pass_allowed\": {\"type\": \"object\", \"widget\": \"container\", \"title\": \"##Проход##\", \"properties\": {\"watch\": {\"type\": \"select\", \"enum\": [0, 1], \"enumNames\": [\"##Не отслеживать##\", \"##Отслеживать##\"], \"default\": 1, \"dependencies\": {\"0\": [{\"item\": \"$$selfLink$$.staff.pass_allowed.video\", \"props\": {\"visible\": false}}, {\"item\": \"$$selfLink$$.staff.pass_allowed.verify\", \"props\": {\"visible\": false}}, {\"item\": \"$$selfLink$$.staff.pass_allowed.auto_confirm\", \"props\": {\"visible\": false}}]}}, \"video\": {\"type\": \"boolean\", \"title\": \"##Запись кадров видеокамеры##\", \"default\": false}, \"verify\": {\"type\": \"select\", \"title\": \"##Верификация##\", \"enum\": [0, 1], \"enumNames\": [\"##Нет (режим индикации)##\", \"##Да (режим верификации)##\"], \"default\": 0, \"dependencies\": {\"0\": [{\"item\": \"$$selfLink$$.staff.pass_allowed.auto_confirm\", \"props\": {\"visible\": false}}], \"1\": [{\"item\": \"$$selfLink$$.staff.pass_allowed.auto_confirm\", \"props\": {\"visible\": true}}]}}, \"auto_confirm\": {\"type\": \"boolean\", \"title\": \"##Автоподтверждение##\", \"default\": false}}}, \"time_violation\": {\"type\": \"object\", \"widget\": \"container\", \"title\": \"##Проход с нарушением ВРЕМЕНИ##\", \"properties\": {\"watch\": {\"type\": \"select\", \"enum\": [0, 1], \"enumNames\": [\"##Не отслеживать##\", \"##Отслеживать##\"], \"default\": 1, \"dependencies\": {\"0\": [{\"item\": \"$$selfLink$$.staff.time_violation.video\", \"props\": {\"visible\": false}}, {\"item\": \"$$selfLink$$.staff.time_violation.verify\", \"props\": {\"visible\": false}}, {\"item\": \"$$selfLink$$.staff.time_violation.auto_confirm\", \"props\": {\"visible\": false}}]}}, \"video\": {\"type\": \"boolean\", \"title\": \"##Запись кадров видеокамеры##\", \"default\": false}, \"verify\": {\"type\": \"select\", \"title\": \"##Верификация##\", \"enum\": [0, 1], \"enumNames\": [\"##Нет (режим индикации)##\", \"##Да (режим верификации)##\"], \"default\": 0, \"dependencies\": {\"0\": [{\"item\": \"$$selfLink$$.staff.time_violation.auto_confirm\", \"props\": {\"visible\": false}}], \"1\": [{\"item\": \"$$selfLink$$.staff.time_violation.auto_confirm\", \"props\": {\"visible\": true}}]}}, \"auto_confirm\": {\"type\": \"boolean\", \"title\": \"##Автоподтверждение##\", \"default\": false}}}}}, \"visitor\": {\"type\": \"object\", \"widget\": \"section\", \"title\": \"##События при проходе посетителей##\", \"properties\": {\"pass_allowed\": {\"type\": \"object\", \"widget\": \"container\", \"title\": \"##Проход##\", \"properties\": {\"watch\": {\"type\": \"select\", \"enum\": [0, 1], \"enumNames\": [\"##Не отслеживать##\", \"##Отслеживать##\"], \"default\": 1, \"dependencies\": {\"0\": [{\"item\": \"$$selfLink$$.visitor.pass_allowed.video\", \"props\": {\"visible\": false}}, {\"item\": \"$$selfLink$$.visitor.pass_allowed.verify\", \"props\": {\"visible\": false}}, {\"item\": \"$$selfLink$$.visitor.pass_allowed.auto_confirm\", \"props\": {\"visible\": false}}]}}, \"video\": {\"type\": \"boolean\", \"title\": \"##Запись кадров видеокамеры##\", \"default\": false}, \"verify\": {\"type\": \"select\", \"title\": \"##Верификация##\", \"enum\": [0, 1], \"enumNames\": [\"##Нет (режим индикации)##\", \"##Да (режим верификации)##\"], \"default\": 0, \"dependencies\": {\"0\": [{\"item\": \"$$selfLink$$.visitor.pass_allowed.auto_confirm\", \"props\": {\"visible\": false}}], \"1\": [{\"item\": \"$$selfLink$$.visitor.pass_allowed.auto_confirm\", \"props\": {\"visible\": true}}]}}, \"auto_confirm\": {\"type\": \"boolean\", \"title\": \"##Автоподтверждение##\", \"default\": false}}}, \"time_violation\": {\"type\": \"object\", \"widget\": \"container\", \"title\": \"##Проход с нарушением ВРЕМЕНИ##\", \"properties\": {\"watch\": {\"type\": \"select\", \"enum\": [0, 1], \"enumNames\": [\"##Не отслеживать##\", \"##Отслеживать##\"], \"default\": 1, \"dependencies\": {\"0\": [{\"item\": \"$$selfLink$$.visitor.time_violation.video\", \"props\": {\"visible\": false}}, {\"item\": \"$$selfLink$$.visitor.time_violation.verify\", \"props\": {\"visible\": false}}, {\"item\": \"$$selfLink$$.visitor.time_violation.auto_confirm\", \"props\": {\"visible\": false}}]}}, \"video\": {\"type\": \"boolean\", \"title\": \"##Запись кадров видеокамеры##\", \"default\": false}, \"verify\": {\"type\": \"select\", \"title\": \"##Верификация##\", \"enum\": [0, 1], \"enumNames\": [\"##Нет (режим индикации)##\", \"##Да (режим верификации)##\"], \"default\": 0, \"dependencies\": {\"0\": [{\"item\": \"$$selfLink$$.visitor.time_violation.auto_confirm\", \"props\": {\"visible\": false}}], \"1\": [{\"item\": \"$$selfLink$$.visitor.time_violation.auto_confirm\", \"props\": {\"visible\": true}}]}}, \"auto_confirm\": {\"type\": \"boolean\", \"title\": \"##Автоподтверждение##\", \"default\": false}}}}}, \"notice\": {\"type\": \"object\", \"widget\": \"section\", \"title\": \"##Уведомляющие события##\", \"properties\": {\"ban\": {\"type\": \"object\", \"widget\": \"container\", \"title\": \"##Идентификатор ЗАБЛОКИРОВАН##\", \"properties\": {\"watch\": {\"type\": \"select\", \"enum\": [0, 1], \"enumNames\": [\"##Не отслеживать##\", \"##Отслеживать##\"], \"default\": 1, \"dependencies\": {\"0\": [{\"item\": \"$$selfLink$$.notice.ban.video\", \"props\": {\"visible\": false}}]}}, \"video\": {\"type\": \"boolean\", \"title\": \"##Запись кадров видеокамеры##\", \"default\": false}}}, \"ended_duration\": {\"type\": \"object\", \"widget\": \"container\", \"title\": \"##Идентификатор ПРОСРОЧЕН##\", \"properties\": {\"watch\": {\"type\": \"select\", \"enum\": [0, 1], \"enumNames\": [\"##Не отслеживать##\", \"##Отслеживать##\"], \"default\": 1, \"dependencies\": {\"0\": [{\"item\": \"$$selfLink$$.notice.ended_duration.video\", \"props\": {\"visible\": false}}]}}, \"video\": {\"type\": \"boolean\", \"title\": \"##Запись кадров видеокамеры##\", \"default\": false}}}}}}}'),(172,'lock_cl201','CL201','{\"type\": \"object\", \"widget\": \"section\", \"title\": \"##ИУ##\", \"properties\": {\"command\": {\"type\": \"object\", \"widget\": \"commands\", \"title\": \"##Управление охранными зонами##\", \"properties\": {\"guard_on\": {\"type\": \"object\", \"command_type\": \"5\", \"command_value\": \"1\", \"command_number\": \"$$resourceNumber$$\", \"widget\": \"button\", \"title\": \"##Поставить на охрану##\"}, \"guard_off\": {\"type\": \"object\", \"command_type\": \"5\", \"command_value\": \"0\", \"command_number\": \"$$resourceNumber$$\", \"widget\": \"button\", \"title\": \"##Снять с охраны##\"}, \"reset_alarm\": {\"type\": \"object\", \"command_type\": \"4\", \"command_value\": \"0\", \"command_number\": \"$$resourceNumber$$\", \"widget\": \"button\", \"title\": \"##Снять тревогу##\"}, \"clear_spatial_zones\": {\"type\": \"object\", \"command_type\": \"6\", \"command_value\": \"0\", \"command_number\": \"$$resourceNumber$$\", \"widget\": \"button\", \"title\": \"##Сбросить зональность##\"}}}, \"algorithm\": {\"type\": \"string\", \"widget\": \"select\", \"title\": \"##Алгоритм##\", \"enum\": [1], \"enumNames\": [\"##Замок##\"], \"default\": 1}, \"check_pass_presentation_id\": {\"type\": \"boolean\", \"title\": \"##Регистрация прохода по предъявлению идентификатора##\", \"default\": false}, \"hold_time\": {\"type\": \"object\", \"widget\": \"combotime\", \"title\": \"##Время удержания в разблокированном состоянии (время анализа идентификатора)##\", \"properties\": {\"selector\": {\"type\": \"select\", \"widget\": \"select\", \"enum\": [1, 2], \"enumNames\": [\"##Секунды##\", \"##Бесконечность##\"], \"default\": 1, \"dependencies\": {\"1\": [{\"item\": \"$$selfLink$$.hold_time.input\", \"props\": {\"visible\": true}}]}}, \"input\": {\"type\": \"string\", \"default\": 8, \"visible\": false, \"validator\": {\"pattern\": \"number\", \"min\": 1, \"max\": 251}}}}, \"max_unblock_time\": {\"type\": \"object\", \"widget\": \"combotime\", \"title\": \"##Предельное время разблокировки##\", \"properties\": {\"selector\": {\"type\": \"select\", \"widget\": \"select\", \"enum\": [0, 1, 2], \"enumNames\": [\"##Миллисекунды##\", \"##Секунды##\", \"##Бесконечность##\"], \"default\": 1, \"dependencies\": {\"0\": [{\"item\": \"$$selfLink$$.max_unblock_time.select\", \"props\": {\"visible\": true}}], \"1\": [{\"item\": \"$$selfLink$$.max_unblock_time.input\", \"props\": {\"visible\": true}}]}}, \"input\": {\"type\": \"string\", \"default\": 8, \"visible\": false, \"validator\": {\"pattern\": \"number\", \"min\": 1, \"max\": 251}}, \"select\": {\"type\": \"string\", \"widget\": \"select\", \"visible\": false, \"enum\": [0, 1, 2], \"enumNames\": [\"250\", \"500\", \"750\"], \"default\": 0}}}, \"operation_mode_control_output_iu\": {\"type\": \"string\", \"widget\": \"select\", \"enum\": [1, 0], \"enumNames\": [\"##Потенциальный##\", \"##Импульсный##\"], \"title\": \"##Режим работы выхода управления ИУ##\", \"default\": 1, \"dependencies\": {\"0\": [{\"item\": \"$$selfLink$$.control_pulse_time\", \"props\": {\"visible\": true}}]}}, \"control_pulse_time\": {\"type\": \"string\", \"widget\": \"select\", \"title\": \"##Длительность импульса управления ИУ (миллисекунд)##\", \"enum\": [250, 500, 750], \"enumNames\": [\"250\", \"500\", \"750\"], \"default\": 500}, \"normalization_iu_output\": {\"type\": \"string\", \"widget\": \"select\", \"enum\": [0, 1], \"enumNames\": [\"##После \\\"Открытия\\\"##\", \"##После \\\"Закрытия\\\"##\"], \"title\": \"##Нормализация выхода ИУ##\", \"default\": 0}, \"normal_iu_input_state\": {\"type\": \"string\", \"widget\": \"select\", \"enum\": [0, 1], \"enumNames\": [\"##Замкнут##\", \"##Разомкнут##\"], \"title\": \"##Нормальное состояние входа ИУ##\", \"default\": 0}, \"normal_iu_output_state\": {\"type\": \"string\", \"widget\": \"select\", \"enum\": [0, 1], \"enumNames\": [\"##Не запитан##\", \"##Запитан##\"], \"title\": \"##Нормальное состояние выхода управления ИУ##\", \"default\": 0}, \"fire_alarm_reaction\": {\"type\": \"string\", \"widget\": \"select\", \"title\": \"##Реакция на Fire alarm в режиме работы \\\"Охрана\\\"##\", \"enum\": [0, 1], \"enumNames\": [\"##Блокировать ИУ##\", \"##Разблокировать ИУ##\"], \"default\": 1}, \"guard_identify_time\": {\"type\": \"object\", \"widget\": \"combotime\", \"title\": \"##Время идентификации постановки/снятия РКД \\\"Охрана\\\"##\", \"properties\": {\"selector\": {\"type\": \"select\", \"widget\": \"select\", \"enum\": [1, 2], \"enumNames\": [\"##Секунды##\", \"##Бесконечность##\"], \"default\": 1, \"dependencies\": {\"1\": [{\"item\": \"$$selfLink$$.guard_identify_time.input\", \"props\": {\"visible\": true}}]}}, \"input\": {\"type\": \"string\", \"default\": 8, \"visible\": false, \"validator\": {\"pattern\": \"number\", \"min\": 1, \"max\": 251}}}}, \"is_antipass\": {\"type\": \"boolean\", \"title\": \"##Внутренняя защита от передачи идентификаторов (Local Antipass)##\", \"default\": false}}}'),(173,'bolid_system','Bolid system','{\"0\":{\"is_hub\":0,\"resources\":{\"network\":{\"type\":3}}}}'),(174,'bolid_zone','Bolid zone','{\"0\":{\"is_hub\":0,\"resources\":{}},\"1\":{\"resources\":{\"lock\":{\"type\":14}}}}'),(175,'bolid_relay','Bolid relay','{\"0\":{\"is_hub\":0,\"resources\":{}},\"1\":{\"resources\":{\"lock\":{\"type\":15}}}}'),(176,'network_bolid','Bolid','{\"type\": \"object\", \"widget\": \"section\", \"expandable\": true, \"title\": \"##Настройка##\", \"properties\": {\"command\": {\"type\": \"commands\", \"title\": \"##Конфигурация##\", \"htmlClass\": \"wide\", \"properties\": {\"add_zone\": {\"command_type\": \"23\", \"command_value\": \"6001\", \"command_number\": \"0\", \"title\": \"##Добавить зону##\"}, \"add_relay\": {\"command_type\": \"23\", \"command_value\": \"6002\", \"command_number\": \"0\", \"title\": \"##Добавить реле##\"}, \"import_config\": {\"command_type\": \"24\", \"command_value\": \"6000\", \"command_number\": \"0\", \"title\": \"##Импортировать##\"}}}, \"device_address\": {\"type\": \"string\", \"title\": \"##Адрес прибора C2000-ПП##\", \"default\": \"1\"}, \"connect_type\": {\"type\": \"string\", \"widget\": \"select\", \"title\": \"##Тип подключения прибора C2000-ПП##\", \"enum\": [2, 3], \"enumNames\": [\"C2000-Ethernet\", \"##Шлюз## ModBus TCP\"], \"default\": 2}, \"ip_address\": {\"type\": \"string\", \"title\": \"##IP-адрес##\", \"default\": \"\", \"validator\": {\"pattern\": \"ip-address\"}}, \"port\": {\"type\": \"string\", \"title\": \"##Порт##\", \"default\": \"40000\"}}}'),(177,'lock_bolid_zone','Bolid','{\"type\": \"object\", \"widget\": \"section\", \"title\": \"##Охранная зона##\", \"properties\": {\"command\": {\"type\": \"object\", \"widget\": \"commands\", \"title\": \"##Управление охранными зонами##\", \"htmlClass\": \"wide\", \"properties\": {\"guard_on\": {\"type\": \"object\", \"command_type\": \"5\", \"command_value\": \"1\", \"command_number\": \"$$resourceNumber$$\", \"widget\": \"button\", \"title\": \"##Поставить на охрану##\"}, \"guard_off\": {\"type\": \"object\", \"command_type\": \"5\", \"command_value\": \"0\", \"command_number\": \"$$resourceNumber$$\", \"widget\": \"button\", \"title\": \"##Снять с охраны##\"}}}, \"sub_type\": {\"type\": \"string\", \"widget\": \"select\", \"title\": \"##Тип зоны##\", \"enum\": [0, 1, 2, 3, 4, 5], \"enumNames\": [\"##охранный датчик##\", \"##охранный датчик геркон##\", \"##охранный датчик ИК##\", \"##пожарный датчик##\", \"##пожарный датчик дымовой##\", \"##пожарный датчик ручной##\"], \"default\": 0}, \"control_enable\": {\"type\": \"boolean\", \"title\": \"##Управление разрешено##\", \"default\": true}}}'),(178,'lock_bolid_relay','Bolid','{\"type\": \"object\", \"widget\": \"section\", \"title\": \"##Реле##\", \"properties\": {\"command\": {\"type\": \"object\", \"widget\": \"commands\", \"title\": \"##Управление реле##\", \"htmlClass\": \"wide\", \"properties\": {\"relay_on\": {\"type\": \"object\", \"command_type\": \"1\", \"command_value\": \"1\", \"command_number\": \"$$resourceNumber$$\", \"widget\": \"button\", \"title\": \"##Включить##\"}, \"relay_off\": {\"type\": \"object\", \"command_type\": \"1\", \"command_value\": \"0\", \"command_number\": \"$$resourceNumber$$\", \"widget\": \"button\", \"title\": \"##Выключить##\"}}}, \"control_enable\": {\"type\": \"boolean\", \"title\": \"##Управление разрешено##\", \"default\": true}}}');
/*!40000 ALTER TABLE `device_schema` ENABLE KEYS */;
UNLOCK TABLES;

--
-- Table structure for table `device_type`
--

DROP TABLE IF EXISTS `device_type`;
/*!40101 SET @saved_cs_client     = @@character_set_client */;
/*!50503 SET character_set_client = utf8mb4 */;
CREATE TABLE `device_type` (
  `id` int NOT NULL,
  `device_type` int NOT NULL,
  `name` varchar(150) CHARACTER SET utf8 COLLATE utf8_unicode_ci NOT NULL,
  `is_off` tinyint(1) DEFAULT NULL,
  `device_vendor` smallint DEFAULT NULL,
  `schema_title` varchar(50) CHARACTER SET utf8 COLLATE utf8_unicode_ci DEFAULT NULL,
  PRIMARY KEY (`id`),
  UNIQUE KEY `plc_type_id_uindex` (`id`),
  UNIQUE KEY `UNQ3_PLC_TYPE` (`device_type`)
) ENGINE=InnoDB DEFAULT CHARSET=utf8 COLLATE=utf8_unicode_ci;
/*!40101 SET character_set_client = @saved_cs_client */;

--
-- Dumping data for table `device_type`
--

LOCK TABLES `device_type` WRITE;
/*!40000 ALTER TABLE `device_type` DISABLE KEYS */;
INSERT INTO `device_type` VALUES (0,0,'##Общие настройки##',NULL,0,'common_settings'),(1,16,'##Контроллер замка## CL05',NULL,0,'device_type_cl05_0'),(2,17,'##ЛИКОН##',NULL,0,'device_type_17'),(3,18,'##Контроллер турникета## CT/L04 [1]',NULL,0,'device_type_18'),(4,19,'##Контроллер турникета## CT/L04 [1+8]',NULL,0,'device_type_19'),(5,20,'##Контроллер замка## CT/L04 [1]',NULL,0,'device_type_20'),(6,21,'##Контроллер замка## CT/L04 [1+8]',NULL,0,'device_type_21'),(7,22,'##Контроллер замка## CT/L04 [2+8]',NULL,0,'device_type_22'),(8,23,'##Электронная проходная## KT02.3 [1]',NULL,0,'device_type_18'),(9,24,'##Электронная проходная## KT02.3 [1+8]',NULL,0,'device_type_19'),(10,25,'##Электронная проходная## KR05 [1]',NULL,0,'device_type_18'),(11,26,'##Электронная проходная## KR05 [1+8]',NULL,0,'device_type_19'),(12,27,'##Электронная проходная с картоприёмником## КТС01.3 [1]',NULL,0,'device_type_18'),(13,28,'##Электронная проходная с картоприёмником## КТС01.3 [1+8]',NULL,0,'device_type_19'),(14,29,'##Неподдерживаемый контроллер##',1,0,NULL),(15,30,'##Неподдерживаемый контроллер##',1,0,NULL),(32,32,'##Электронная проходная## KT05.3A [1]',NULL,0,'device_type_18'),(33,33,'##Электронная проходная## KT05.3A [1+8]',NULL,0,'device_type_19'),(34,34,'##Электронная проходная с картоприемником## KTC01.3A [1]',NULL,0,'device_type_18'),(35,35,'##Электронная проходная с картоприемником## KTC01.3A [1+8]',NULL,0,'device_type_19'),(36,36,'##Контроллер замка## CL05.1',NULL,0,'device_type_cl05'),(64,64,'##Контроллер замка## CL05.2',NULL,0,'device_type_cl05'),(65,65,'##ЛИКОН## 2',NULL,0,'device_type_65'),(67,67,'##Контроллер турникета## CT/L04.2',NULL,0,'device_type_67'),(68,68,'##Контроллер турникета## CT/L04.2',NULL,0,'device_type_68'),(69,69,'##Контроллер турникета## CT/L04.2',NULL,0,'device_type_69'),(70,70,'##Контроллер турникета## CT/L04.2',NULL,0,'device_type_70'),(71,71,'##Электронная проходная## KR05',NULL,0,'device_type_67'),(72,72,'##Неподдерживаемый контроллер##',1,0,NULL),(73,73,'##Неподдерживаемый контроллер##',1,0,NULL),(74,74,'##Неподдерживаемый контроллер##',1,0,NULL),(75,75,'##Неподдерживаемый контроллер##',1,0,NULL),(76,76,'##Контроллер замка## CT/L04.2',NULL,0,'device_type_76'),(77,77,'##Контроллер замка## CT/L04.2',NULL,0,'device_type_77'),(78,78,'##Контроллер замка## CT/L04.2',NULL,0,'device_type_78'),(79,79,'##Контроллер замка## CT/L04.2',NULL,0,'device_type_79'),(80,80,'##Контроллер замка## CT/L04.2',NULL,0,'device_type_80'),(81,81,'##Контроллер замка## CT/L04.2',NULL,0,'device_type_81'),(82,82,'##Контроллер замка## CT/L04.2',NULL,0,'device_type_82'),(83,83,'##Контроллер замка## CT/L04.2',NULL,0,'device_type_83'),(84,84,'##Контроллер замка## CT/L04.2',NULL,0,'device_type_84'),(85,85,'##Контроллер замка## CT/L04.2',NULL,0,'device_type_85'),(86,86,'##Контроллер замка## CT/L04.2',NULL,0,'device_type_86'),(87,87,'##Контроллер замка## CT/L04.2',NULL,0,'device_type_87'),(88,88,'##Контроллер замка## CT/L04.2',NULL,0,'device_type_88'),(89,89,'##Контроллер замка## CT/L04.2',NULL,0,'device_type_89'),(90,90,'##Контроллер замка## CT/L04.2',NULL,0,'device_type_90'),(91,91,'##Контроллер замка## CT/L04.2',NULL,0,'device_type_91'),(92,92,'##Контроллер замка## CT/L04.2',NULL,0,'device_type_92'),(93,93,'##Электронная проходная## КТ02.x/КТ05.x',NULL,0,'device_type_93'),(94,94,'##Электронная проходная KTC01.x с картоприёмником##',NULL,0,'device_type_94'),(95,95,'##Электронная проходная КТ0х.A с антипаникой##',NULL,0,'device_type_95'),(96,96,'##Электронная проходная КТС0х.A с картоприемником и антипаникой##',NULL,0,'device_type_96'),(97,97,'##Электронная проходная## КТ02.x/КТ05.x',NULL,0,'device_type_93'),(98,98,'##Электронная проходная KTC01.x с картоприёмником##',NULL,0,'device_type_94'),(99,99,'##Электронная проходная КТ0х.A с антипаникой##',NULL,0,'device_type_95'),(100,100,'##Электронная проходная КТС0х.A с картоприемником и антипаникой##',NULL,0,'device_type_96'),(256,256,'##Контроллер замка##',NULL,0,NULL),(400,400,'##Стойка турникета##',NULL,0,'device_type_400'),(401,401,'##Контроллер замка## CL201',NULL,0,'device_type_401'),(402,402,'##Контроллер замка## CL201',NULL,0,'device_type_402'),(600,600,'##Контроллер замка##',NULL,0,'device_type_600'),(601,601,'##Двусторонний замок##',NULL,0,'device_type_601'),(602,602,'##Односторонний замок##',NULL,0,'device_type_602'),(603,603,'##Контроллер турникета##',NULL,0,'device_type_603'),(604,604,'##Двусторонний замок##',NULL,0,'device_type_604'),(700,700,'##Контроллер замка##',NULL,0,'device_type_700'),(901,901,'##Контроллер## CТL14',NULL,0,'s30_ctl14'),(902,902,'##Контроллер## CL15',NULL,0,'s30_cl15'),(903,903,'##Контроллер## CR11',NULL,0,'s30_cr11'),(904,904,'##Контроллер## CT13',NULL,0,'s30_ct13'),(950,950,'##ЛИКОН##',NULL,0,'s30_child_device'),(951,951,'##Односторонний замок##',NULL,0,'s30_child_device'),(952,952,'##Двусторонний замок##',NULL,0,'s30_child_device'),(953,953,'##Электронная проходная##',NULL,0,'s30_child_device'),(954,954,'##Турникет##',NULL,0,'s30_child_device'),(955,955,'##Шлагбаум##',NULL,0,'s30_child_device'),(956,956,'##Контроллер 2-го уровня##',NULL,0,'s30_child_device'),(999,999,'##Контроллер системы S20 (импорт)##',NULL,0,NULL),(1001,1001,'##Контроллер## Suprema BioEntry Plus',NULL,1,'suprema'),(1010,1010,'##Контроллер## Suprema FaceStation2',NULL,1,'suprema_face'),(1013,1013,'##Контроллер## Suprema BioEntry W2',NULL,1,'suprema'),(1017,1017,'##Контроллер## Suprema BioEntry P2',NULL,1,'suprema'),(1025,1025,'##Контроллер## Suprema FaceLite',NULL,1,'suprema_face'),(2000,2000,'##Видеокамера##',NULL,2,'camera_onvif'),(2001,2001,'##Видеокамера##',NULL,2,'camera_mjpeg'),(2002,2002,'##Видеокамера## TRASSIR',NULL,4,'camera_trassir'),(3000,3000,'##Шлюз## CТL14',NULL,0,'gate_ctl14'),(3001,3001,'##Шлюз## CL15',NULL,0,'gate_cl15'),(3002,3002,'##Составной объект## CL15',NULL,0,'object_cl15'),(4000,4000,'##Контроллер## ZKTeco',NULL,3,'zkt_device'),(5000,5000,'##Сервер## TRASSIR',NULL,4,'server_trassir'),(6000,6000,'##ИСО \"Орион\"## (Bolid)',NULL,5,'bolid_system'),(6001,6001,'##Зона##',NULL,5,'bolid_zone'),(6002,6002,'##Реле##',NULL,5,'bolid_relay');
/*!40000 ALTER TABLE `device_type` ENABLE KEYS */;
UNLOCK TABLES;

--
-- Table structure for table `device_user_change`
--

DROP TABLE IF EXISTS `device_user_change`;
/*!40101 SET @saved_cs_client     = @@character_set_client */;
/*!50503 SET character_set_client = utf8mb4 */;
CREATE TABLE `device_user_change` (
  `device_id` int NOT NULL,
  `user_id` int NOT NULL,
  `identifier` bigint unsigned DEFAULT NULL,
  `change_type` smallint DEFAULT NULL,
  KEY `device_user_change_user_id_fk` (`user_id`),
  KEY `device_user_change_device_id_fk` (`device_id`),
  CONSTRAINT `device_user_change_device_id_fk` FOREIGN KEY (`device_id`) REFERENCES `device` (`id`) ON DELETE CASCADE ON UPDATE CASCADE,
  CONSTRAINT `device_user_change_user_id_fk` FOREIGN KEY (`user_id`) REFERENCES `user` (`id`) ON DELETE CASCADE
) ENGINE=InnoDB DEFAULT CHARSET=utf8 COLLATE=utf8_unicode_ci;
/*!40101 SET character_set_client = @saved_cs_client */;

--
-- Dumping data for table `device_user_change`
--

LOCK TABLES `device_user_change` WRITE;
/*!40000 ALTER TABLE `device_user_change` DISABLE KEYS */;
/*!40000 ALTER TABLE `device_user_change` ENABLE KEYS */;
UNLOCK TABLES;

--
-- Table structure for table `device_vendor`
--

DROP TABLE IF EXISTS `device_vendor`;
/*!40101 SET @saved_cs_client     = @@character_set_client */;
/*!50503 SET character_set_client = utf8mb4 */;
CREATE TABLE `device_vendor` (
  `id` smallint NOT NULL,
  `name` varchar(32) CHARACTER SET utf8 COLLATE utf8_unicode_ci NOT NULL,
  PRIMARY KEY (`id`),
  UNIQUE KEY `plc_vendor_ID_uindex` (`id`),
  UNIQUE KEY `plc_vendor_NAME_uindex` (`name`)
) ENGINE=InnoDB DEFAULT CHARSET=utf8 COLLATE=utf8_unicode_ci;
/*!40101 SET character_set_client = @saved_cs_client */;

--
-- Dumping data for table `device_vendor`
--

LOCK TABLES `device_vendor` WRITE;
/*!40000 ALTER TABLE `device_vendor` DISABLE KEYS */;
INSERT INTO `device_vendor` VALUES (5,'Bolid'),(0,'PERCo'),(1,'Suprema'),(4,'TRASSIR'),(2,'Video'),(3,'ZKTeco');
/*!40000 ALTER TABLE `device_vendor` ENABLE KEYS */;
UNLOCK TABLES;

--
-- Table structure for table `division`
--

DROP TABLE IF EXISTS `division`;
/*!40101 SET @saved_cs_client     = @@character_set_client */;
/*!50503 SET character_set_client = utf8mb4 */;
CREATE TABLE `division` (
  `id` int NOT NULL AUTO_INCREMENT,
  `is_const` tinyint(1) NOT NULL DEFAULT '0',
  `parent_id` int DEFAULT NULL,
  `name` varchar(150) CHARACTER SET utf8 COLLATE utf8_unicode_ci NOT NULL,
  `comment` varchar(150) CHARACTER SET utf8 COLLATE utf8_unicode_ci DEFAULT NULL,
  `accompanying_id` int DEFAULT NULL,
  `staff_access_template_id` int DEFAULT NULL,
  `visitor_access_template_id` int DEFAULT NULL,
  `work_schedule_id` int DEFAULT NULL,
  `is_removed` tinyint(1) NOT NULL DEFAULT '0',
  `tel` varchar(150) CHARACTER SET utf8 COLLATE utf8_unicode_ci DEFAULT NULL,
  PRIMARY KEY (`id`),
  UNIQUE KEY `division_ID_uindex` (`id`),
  UNIQUE KEY `UNQ1_DIVISION` (`name`,`parent_id`),
  KEY `division_access_template_id_fk` (`staff_access_template_id`),
  KEY `division_access_template_id_fk_2` (`visitor_access_template_id`),
  KEY `division_work_schedule_id_fk` (`work_schedule_id`),
  KEY `division_user_id_fk` (`accompanying_id`),
  CONSTRAINT `division_access_template_id_fk` FOREIGN KEY (`staff_access_template_id`) REFERENCES `access_template` (`id`) ON DELETE SET NULL ON UPDATE CASCADE,
  CONSTRAINT `division_access_template_id_fk_2` FOREIGN KEY (`visitor_access_template_id`) REFERENCES `access_template` (`id`) ON DELETE SET NULL ON UPDATE CASCADE,
  CONSTRAINT `division_user_id_fk` FOREIGN KEY (`accompanying_id`) REFERENCES `user` (`id`) ON DELETE SET NULL ON UPDATE CASCADE,
  CONSTRAINT `division_work_schedule_id_fk` FOREIGN KEY (`work_schedule_id`) REFERENCES `work_schedule` (`id`) ON DELETE SET NULL ON UPDATE CASCADE
) ENGINE=InnoDB AUTO_INCREMENT=2 DEFAULT CHARSET=utf8 COLLATE=utf8_unicode_ci;
/*!40101 SET character_set_client = @saved_cs_client */;

--
-- Dumping data for table `division`
--

LOCK TABLES `division` WRITE;
/*!40000 ALTER TABLE `division` DISABLE KEYS */;
INSERT INTO `division` VALUES (1,1,NULL,'##Администраторы системы##',NULL,NULL,NULL,NULL,NULL,0,NULL);
/*!40000 ALTER TABLE `division` ENABLE KEYS */;
UNLOCK TABLES;

--
-- Table structure for table `doc`
--

DROP TABLE IF EXISTS `doc`;
/*!40101 SET @saved_cs_client     = @@character_set_client */;
/*!50503 SET character_set_client = utf8mb4 */;
CREATE TABLE `doc` (
  `id` int NOT NULL AUTO_INCREMENT,
  `type_id` smallint NOT NULL,
  `sort_id` smallint DEFAULT NULL,
  `name` varchar(170) CHARACTER SET utf8 COLLATE utf8_unicode_ci NOT NULL,
  `char_code` varchar(2) CHARACTER SET utf8 COLLATE utf8_unicode_ci DEFAULT NULL,
  `digit_code` smallint DEFAULT NULL,
  `is_work_time` tinyint(1) NOT NULL DEFAULT '0',
  `calc_method_id` smallint NOT NULL DEFAULT '1',
  `is_holiday_overtime` tinyint(1) NOT NULL DEFAULT '0',
  `is_removed` tinyint(1) NOT NULL DEFAULT '0',
  PRIMARY KEY (`id`),
  UNIQUE KEY `doc_ID_uindex` (`id`),
  KEY `doc_name` (`name`)
) ENGINE=InnoDB AUTO_INCREMENT=186 DEFAULT CHARSET=utf8 COLLATE=utf8_unicode_ci;
/*!40101 SET character_set_client = @saved_cs_client */;

--
-- Dumping data for table `doc`
--

LOCK TABLES `doc` WRITE;
/*!40000 ALTER TABLE `doc` DISABLE KEYS */;
INSERT INTO `doc` VALUES (5,1,NULL,'Продолжительность работы вахтовым методом','ВМ',5,1,1,0,0),(7,1,NULL,'Повышение квалификации с отрывом от работы','ПК',7,0,1,0,0),(8,1,NULL,'Повышение квалификации с отрывом от работы в другой местности','ПМ',8,0,1,0,0),(9,1,NULL,'Ежегодный основной оплачиваемый отпуск','ОТ',9,0,1,0,0),(10,1,NULL,'Ежегодный дополнительный оплачиваемый отпуск','ОД',10,0,1,0,0),(11,1,NULL,'Дополнительный отпуск в связи с обучением с сохранением среднего заработка работникам, совмещающим работу с обучением','У',11,0,2,0,0),(12,1,NULL,'Сокращенная продолжительность рабочего времени для обучающихся без отрыва от производства с частичным сохранением заработной платы','УВ',12,0,1,0,0),(13,1,NULL,'Дополнительный отпуск в связи с обучением без сохранения заработной платы','УД',13,0,1,0,0),(14,1,NULL,'Отпуск по беременности и родам (отпуск в связи с усыновлением новорожденного ребенка)','Р',14,0,2,0,0),(15,1,NULL,'Отпуск по уходу за ребенком до достижения им возраста трех лет','ОЖ',15,0,2,0,0),(17,1,NULL,'Отпуск без сохранения заработной платы при условиях, предусмотренных действующим  законодательством Российской Федерации','ОЗ',17,0,2,0,0),(18,1,NULL,'Ежегодный дополнительный отпуск без сохранения заработной платы','ДБ',18,0,2,0,0),(22,1,NULL,'Время вынужденного прогула в случае признания увольнения, перевода на другую работу или отстранения от работы незаконными с восстановлением на прежней работе','ПВ',22,0,1,0,0),(23,1,NULL,'Невыходы на время исполнения государственных или общественных обязанностей согласно законодательству','Г',23,0,1,0,0),(25,1,NULL,'Продолжительность работы в режиме неполного рабочего времени по инициативе работодателя в случаях, предусмотренных законодательством','НС',25,0,1,0,0),(26,1,NULL,'Выходные дни (еженедельный отпуск) и нерабочие праздничные дни','В',26,0,2,0,0),(27,1,NULL,'Дополнительные выходные дни (оплачиваемые)','ОВ',27,0,1,0,0),(28,1,NULL,'Дополнительные выходные дни (без сохранения заработной платы)','НВ',28,0,1,0,0),(29,1,NULL,'Забастовка (при условиях и в порядке, предусмотренных законом)','ЗБ',29,0,1,0,0),(30,1,NULL,'Неявки по невыясненным причинам (до выяснения обстоятельств)','НН',30,0,1,0,0),(31,1,NULL,'Время простоя по вине работодателя','РП',31,0,1,0,0),(34,1,NULL,'Отстранение от работы (недопущение к работе) с оплатой (пособием) в соответствии с законодательством','НО',34,0,1,0,0),(35,1,NULL,'Отстранение от работы (недопущение к работе) по причинам, предусмотренным законодательством, без начисления заработной платы','НБ',35,0,1,0,0),(36,1,NULL,'Время приостановки работы в случае задержки выплаты заработной платы','НЗ',36,0,1,0,0),(92,2,NULL,'Продолжительность сверхурочной работы','С',4,0,1,0,0),(93,2,NULL,'Продолжительность работы в выходные и нерабочие праздничные дни','РВ',3,0,1,1,0),(97,1,NULL,'Временная нетрудоспособность (кроме случаев, предусмотренных кодом \"Т\") с назначением пособия согласно законодательству','Б',19,1,1,0,0),(98,1,NULL,'Временная нетрудоспособность без назначения пособия в случаях, предусмотренных законодательством','Т',20,0,3,0,0),(99,1,NULL,'Время простоя по вине работника','ВП',33,0,1,0,0),(100,1,NULL,'Время простоя по причинам, не зависящим от работодателя и работника','НП',32,0,1,0,0),(105,1,NULL,'Отпуск без сохранения заработной платы, предоставленный работнику по разрешению работодателя','ДО',16,0,2,0,0),(106,1,NULL,'Прогулы (отсутствие на рабочем месте без уважительных причин в течение времени, установленного законодательством)','ПР',24,0,1,0,0),(107,1,NULL,'Служебная командировка','К',6,0,1,0,0),(134,1,NULL,'Сокращенная продолжительность рабочего времени против нормальной продолжительности рабочего дня в случаях, предусмотренных законодательством','ЛЧ',21,0,1,0,0),(135,3,NULL,'##Отпуск##',NULL,NULL,0,1,0,0),(136,3,NULL,'##Выходной день##',NULL,NULL,0,1,0,0),(137,3,NULL,'##Командировка##',NULL,NULL,0,1,0,0),(138,3,NULL,'##Больничный##',NULL,NULL,0,1,0,0),(139,3,NULL,'##Отпуск без сохранения ЗП##',NULL,NULL,0,1,0,0);
/*!40000 ALTER TABLE `doc` ENABLE KEYS */;
UNLOCK TABLES;

--
-- Table structure for table `doc_calc_method`
--

DROP TABLE IF EXISTS `doc_calc_method`;
/*!40101 SET @saved_cs_client     = @@character_set_client */;
/*!50503 SET character_set_client = utf8mb4 */;
CREATE TABLE `doc_calc_method` (
  `id` smallint NOT NULL AUTO_INCREMENT,
  `name` varchar(150) CHARACTER SET utf8 COLLATE utf8_unicode_ci NOT NULL,
  PRIMARY KEY (`id`),
  UNIQUE KEY `calc_method_ID_uindex` (`id`),
  UNIQUE KEY `UNQ1_CALC_METHOD` (`name`)
) ENGINE=InnoDB AUTO_INCREMENT=4 DEFAULT CHARSET=utf8 COLLATE=utf8_unicode_ci;
/*!40101 SET character_set_client = @saved_cs_client */;

--
-- Dumping data for table `doc_calc_method`
--

LOCK TABLES `doc_calc_method` WRITE;
/*!40000 ALTER TABLE `doc_calc_method` DISABLE KEYS */;
INSERT INTO `doc_calc_method` VALUES (2,'##В календарных днях включая праздничные дни##'),(3,'##В календарных днях исключая праздничные дни##'),(1,'##В рабочих днях##');
/*!40000 ALTER TABLE `doc_calc_method` ENABLE KEYS */;
UNLOCK TABLES;

--
-- Table structure for table `doc_type`
--

DROP TABLE IF EXISTS `doc_type`;
/*!40101 SET @saved_cs_client     = @@character_set_client */;
/*!50503 SET character_set_client = utf8mb4 */;
CREATE TABLE `doc_type` (
  `id` smallint NOT NULL AUTO_INCREMENT,
  `name` varchar(150) CHARACTER SET utf8 COLLATE utf8_unicode_ci NOT NULL,
  PRIMARY KEY (`id`),
  UNIQUE KEY `doc_type_ID_uindex` (`id`),
  UNIQUE KEY `doc_type_NAME_uindex` (`name`)
) ENGINE=InnoDB AUTO_INCREMENT=4 DEFAULT CHARSET=utf8 COLLATE=utf8_unicode_ci;
/*!40101 SET character_set_client = @saved_cs_client */;

--
-- Dumping data for table `doc_type`
--

LOCK TABLES `doc_type` WRITE;
/*!40000 ALTER TABLE `doc_type` DISABLE KEYS */;
INSERT INTO `doc_type` VALUES (3,'##Объяснительная##'),(1,'##Оправдательный##'),(2,'##Сверхурочный##');
/*!40000 ALTER TABLE `doc_type` ENABLE KEYS */;
UNLOCK TABLES;

--
-- Table structure for table `event`
--

DROP TABLE IF EXISTS `event`;
/*!40101 SET @saved_cs_client     = @@character_set_client */;
/*!50503 SET character_set_client = utf8mb4 */;
CREATE TABLE `event` (
  `id` bigint NOT NULL AUTO_INCREMENT,
  `time_label` datetime DEFAULT NULL,
  `event_type` int DEFAULT NULL,
  `device_id` int DEFAULT NULL,
  `resource_type` smallint DEFAULT NULL,
  `resource_number` smallint DEFAULT NULL,
  `data` int DEFAULT NULL,
  `identifier` bigint unsigned DEFAULT NULL,
  `user_id` int DEFAULT NULL,
  `operator_id` int DEFAULT NULL,
  `access_zone_id1` int DEFAULT NULL,
  `access_zone_id2` int DEFAULT NULL,
  `description` mediumtext CHARACTER SET utf8 COLLATE utf8_unicode_ci,
  `db_time_label` datetime NOT NULL DEFAULT CURRENT_TIMESTAMP,
  `comment` varchar(255) CHARACTER SET utf8 COLLATE utf8_unicode_ci DEFAULT NULL,
  PRIMARY KEY (`id`),
  UNIQUE KEY `event_plc_ID_uindex` (`id`),
  KEY `EVENT_PLC_IDX1` (`time_label`),
  KEY `event_plc_event_type_index` (`event_type`),
  KEY `event_plc_card_holder_id_index` (`user_id`),
  KEY `event_access_zone_id1_index` (`access_zone_id1`),
  KEY `event_access_zone_id2_index` (`access_zone_id2`),
  KEY `event_device_id_index` (`device_id`)
) ENGINE=InnoDB AUTO_INCREMENT=9 DEFAULT CHARSET=utf8 COLLATE=utf8_unicode_ci;
/*!40101 SET character_set_client = @saved_cs_client */;

--
-- Dumping data for table `event`
--

LOCK TABLES `event` WRITE;
/*!40000 ALTER TABLE `event` DISABLE KEYS */;
INSERT INTO `event` VALUES (1,'2021-01-13 11:35:48',501401,NULL,NULL,NULL,NULL,NULL,100,1,NULL,NULL,'{\"newData\":{\"last_name\":\"Иванов\",\"first_name\":\"Иван\",\"middle_name\":\"Иванович\",\"tabel_number\":\"1\",\"hiring_date\":\"2021-01-13\",\"division\":\"##Администраторы системы##\",\"begin_datetime\":\"2021-01-13 00:00\",\"end_datetime\":\"2031-01-13 00:00:00\"},\"objectName\":\"Иванов Иван Иванович\"}','2021-01-13 11:35:48',NULL),(2,'2021-01-13 11:36:16',501401,NULL,NULL,NULL,NULL,NULL,101,1,NULL,NULL,'{\"newData\":{\"last_name\":\"Петров\",\"first_name\":\"Пётр\",\"middle_name\":\"Петрович\",\"tabel_number\":\"2\",\"hiring_date\":\"2021-01-13\",\"division\":\"##Администраторы системы##\",\"begin_datetime\":\"2021-01-13 00:00\",\"end_datetime\":\"2031-01-13 00:00:00\"},\"objectName\":\"Петров Пётр Петрович\"}','2021-01-13 11:36:16',NULL),(3,'2021-01-13 11:36:36',501401,NULL,NULL,NULL,NULL,NULL,102,1,NULL,NULL,'{\"newData\":{\"last_name\":\"Сидоров\",\"first_name\":\"Сидр\",\"middle_name\":\"Сидорович\",\"tabel_number\":\"3\",\"hiring_date\":\"2021-01-13\",\"division\":\"##Администраторы системы##\",\"begin_datetime\":\"2021-01-13 00:00\",\"end_datetime\":\"2031-01-13 00:00:00\"},\"objectName\":\"Сидоров Сидр Сидорович\"}','2021-01-13 11:36:36',NULL),(4,'2021-01-13 11:37:17',501401,NULL,NULL,NULL,NULL,NULL,103,1,NULL,NULL,'{\"newData\":{\"last_name\":\"Чапаев\",\"first_name\":\"Василий\",\"middle_name\":\"Иванович\",\"tabel_number\":\"4\",\"hiring_date\":\"2021-01-13\",\"division\":\"##Администраторы системы##\",\"begin_datetime\":\"2021-01-13 00:00\",\"end_datetime\":\"2031-01-13 00:00:00\"},\"objectName\":\"Чапаев Василий Иванович\"}','2021-01-13 11:37:17',NULL),(5,'2021-01-13 11:37:34',501402,NULL,NULL,NULL,NULL,NULL,102,1,NULL,NULL,'{\"newData\":{\"first_name\":\"Владимир\",\"middle_name\":\"Владимирович\"},\"oldData\":{\"first_name\":\"Сидр\",\"middle_name\":\"Сидорович\"},\"objectName\":\"Сидоров Сидр Сидорович\"}','2021-01-13 11:37:34',NULL),(6,'2021-01-13 11:39:23',501401,NULL,NULL,NULL,NULL,NULL,104,1,NULL,NULL,'{\"newData\":{\"last_name\":\"Шувалов\",\"first_name\":\"Николай\",\"middle_name\":\"Петрович\",\"tabel_number\":\"5\",\"hiring_date\":\"2021-01-13\",\"division\":\"##Администраторы системы##\",\"begin_datetime\":\"2021-01-13 00:00\",\"end_datetime\":\"2031-01-13 00:00:00\"},\"objectName\":\"Шувалов Николай Петрович\"}','2021-01-13 11:39:23',NULL),(7,'2021-01-13 12:43:07',501402,NULL,NULL,NULL,NULL,NULL,104,1,NULL,NULL,'{\"newData\":{\"tabel_number\":\"4\"},\"oldData\":{\"tabel_number\":\"5\"},\"objectName\":\"Шувалов Николай Петрович\"}','2021-01-13 12:43:07',NULL),(8,'2021-01-13 12:43:14',501402,NULL,NULL,NULL,NULL,NULL,104,1,NULL,NULL,'{\"newData\":{\"tabel_number\":\"5\"},\"oldData\":{\"tabel_number\":\"4\"},\"objectName\":\"Шувалов Николай Петрович\"}','2021-01-13 12:43:14',NULL);
/*!40000 ALTER TABLE `event` ENABLE KEYS */;
UNLOCK TABLES;

--
-- Table structure for table `event_action`
--

DROP TABLE IF EXISTS `event_action`;
/*!40101 SET @saved_cs_client     = @@character_set_client */;
/*!50503 SET character_set_client = utf8mb4 */;
CREATE TABLE `event_action` (
  `id` int NOT NULL AUTO_INCREMENT,
  `name` varchar(150) CHARACTER SET utf8 COLLATE utf8_unicode_ci NOT NULL,
  PRIMARY KEY (`id`),
  UNIQUE KEY `event_action_id_uindex` (`id`),
  UNIQUE KEY `NAME` (`name`)
) ENGINE=InnoDB DEFAULT CHARSET=utf8 COLLATE=utf8_unicode_ci;
/*!40101 SET character_set_client = @saved_cs_client */;

--
-- Dumping data for table `event_action`
--

LOCK TABLES `event_action` WRITE;
/*!40000 ALTER TABLE `event_action` DISABLE KEYS */;
/*!40000 ALTER TABLE `event_action` ENABLE KEYS */;
UNLOCK TABLES;

--
-- Table structure for table `event_action_object`
--

DROP TABLE IF EXISTS `event_action_object`;
/*!40101 SET @saved_cs_client     = @@character_set_client */;
/*!50503 SET character_set_client = utf8mb4 */;
CREATE TABLE `event_action_object` (
  `id` int NOT NULL AUTO_INCREMENT,
  `action_id` int DEFAULT NULL,
  `type_id` int DEFAULT NULL,
  `object_id` int DEFAULT NULL,
  `options` mediumtext COLLATE utf8_unicode_ci,
  PRIMARY KEY (`id`)
) ENGINE=InnoDB DEFAULT CHARSET=utf8 COLLATE=utf8_unicode_ci;
/*!40101 SET character_set_client = @saved_cs_client */;

--
-- Dumping data for table `event_action_object`
--

LOCK TABLES `event_action_object` WRITE;
/*!40000 ALTER TABLE `event_action_object` DISABLE KEYS */;
/*!40000 ALTER TABLE `event_action_object` ENABLE KEYS */;
UNLOCK TABLES;

--
-- Table structure for table `event_action_object_type`
--

DROP TABLE IF EXISTS `event_action_object_type`;
/*!40101 SET @saved_cs_client     = @@character_set_client */;
/*!50503 SET character_set_client = utf8mb4 */;
CREATE TABLE `event_action_object_type` (
  `id` int DEFAULT NULL,
  `name` varchar(50) CHARACTER SET utf8 COLLATE utf8_unicode_ci DEFAULT NULL
) ENGINE=InnoDB DEFAULT CHARSET=utf8 COLLATE=utf8_unicode_ci;
/*!40101 SET character_set_client = @saved_cs_client */;

--
-- Dumping data for table `event_action_object_type`
--

LOCK TABLES `event_action_object_type` WRITE;
/*!40000 ALTER TABLE `event_action_object_type` DISABLE KEYS */;
INSERT INTO `event_action_object_type` VALUES (1,'событие'),(2,'устройство'),(3,'помещение'),(4,'сотрудник'),(5,'подразделение'),(6,'команда в устройство'),(7,'сообщение оператору'),(8,'SMS сообщение'),(9,'Viber сообщение');
/*!40000 ALTER TABLE `event_action_object_type` ENABLE KEYS */;
UNLOCK TABLES;

--
-- Table structure for table `event_action_type`
--

DROP TABLE IF EXISTS `event_action_type`;
/*!40101 SET @saved_cs_client     = @@character_set_client */;
/*!50503 SET character_set_client = utf8mb4 */;
CREATE TABLE `event_action_type` (
  `id` int NOT NULL AUTO_INCREMENT,
  `name` varchar(150) CHARACTER SET utf8 COLLATE utf8_unicode_ci NOT NULL,
  PRIMARY KEY (`id`),
  UNIQUE KEY `event_action_type_id_uindex` (`id`),
  UNIQUE KEY `NAME` (`name`)
) ENGINE=InnoDB AUTO_INCREMENT=9 DEFAULT CHARSET=utf8 COLLATE=utf8_unicode_ci;
/*!40101 SET character_set_client = @saved_cs_client */;

--
-- Dumping data for table `event_action_type`
--

LOCK TABLES `event_action_type` WRITE;
/*!40000 ALTER TABLE `event_action_type` DISABLE KEYS */;
INSERT INTO `event_action_type` VALUES (2,'sms уведомление'),(3,'Viber уведомление'),(1,'текстовое сообщение');
/*!40000 ALTER TABLE `event_action_type` ENABLE KEYS */;
UNLOCK TABLES;

--
-- Table structure for table `event_category`
--

DROP TABLE IF EXISTS `event_category`;
/*!40101 SET @saved_cs_client     = @@character_set_client */;
/*!50503 SET character_set_client = utf8mb4 */;
CREATE TABLE `event_category` (
  `id` int NOT NULL AUTO_INCREMENT,
  `name` varchar(150) CHARACTER SET utf8 COLLATE utf8_unicode_ci NOT NULL,
  `en_name` varchar(150) CHARACTER SET utf8 COLLATE utf8_unicode_ci NOT NULL,
  `es_name` varchar(150) CHARACTER SET utf8 COLLATE utf8_unicode_ci NOT NULL,
  `it_name` varchar(150) CHARACTER SET utf8 COLLATE utf8_unicode_ci NOT NULL,
  `fr_name` varchar(150) CHARACTER SET utf8 COLLATE utf8_unicode_ci NOT NULL,
  PRIMARY KEY (`id`),
  UNIQUE KEY `event_category_ID_uindex` (`id`),
  UNIQUE KEY `UNQ1_EVENT_CATEGORY` (`name`)
) ENGINE=InnoDB AUTO_INCREMENT=6 DEFAULT CHARSET=utf8 COLLATE=utf8_unicode_ci;
/*!40101 SET character_set_client = @saved_cs_client */;

--
-- Dumping data for table `event_category`
--

LOCK TABLES `event_category` WRITE;
/*!40000 ALTER TABLE `event_category` DISABLE KEYS */;
INSERT INTO `event_category` VALUES (1,'События контроллеров','Controller events','Eventos de los controladores','Eventi dei controller','Evénements des contrôleurs'),(2,'Действия пользователя','User activity','Actividad de usuario','Azioni dell\'utente','Activités de l\'utilisateur'),(3,'События сервера','События сервера','События сервера','События сервера','События сервера'),(4,'События верификации','Verification events','Eventos de verificación','Eventi di verificazione','Evénements de vérification'),(5,'События видеонаблюдения','Video monitoring events','Eventos de monitoreo de video','Evento di monitoraggio video','Evénement de surveillance vidéo');
/*!40000 ALTER TABLE `event_category` ENABLE KEYS */;
UNLOCK TABLES;

--
-- Table structure for table `event_resource_type`
--

DROP TABLE IF EXISTS `event_resource_type`;
/*!40101 SET @saved_cs_client     = @@character_set_client */;
/*!50503 SET character_set_client = utf8mb4 */;
CREATE TABLE `event_resource_type` (
  `id` int NOT NULL AUTO_INCREMENT,
  `name` varchar(150) CHARACTER SET utf8 COLLATE utf8_unicode_ci NOT NULL,
  PRIMARY KEY (`id`),
  UNIQUE KEY `event_resource_type_ID_uindex` (`id`),
  UNIQUE KEY `UNQ1_EVENT_RESOURCE_TYPE` (`name`)
) ENGINE=InnoDB AUTO_INCREMENT=16 DEFAULT CHARSET=utf8 COLLATE=utf8_unicode_ci;
/*!40101 SET character_set_client = @saved_cs_client */;

--
-- Dumping data for table `event_resource_type`
--

LOCK TABLES `event_resource_type` WRITE;
/*!40000 ALTER TABLE `event_resource_type` DISABLE KEYS */;
INSERT INTO `event_resource_type` VALUES (4,'Вход'),(5,'Выход'),(3,'Генератор тревоги'),(2,'Исполнительное устройство'),(10,'Код ошибки'),(11,'Лицензия'),(13,'Направление'),(14,'Отпечаток'),(6,'Охранная зона'),(8,'Причина сброса'),(7,'Ресурс'),(15,'Сообщение'),(1,'Считыватель'),(12,'Точка верификации'),(9,'Шаблон верификации');
/*!40000 ALTER TABLE `event_resource_type` ENABLE KEYS */;
UNLOCK TABLES;

--
-- Table structure for table `event_subcategory`
--

DROP TABLE IF EXISTS `event_subcategory`;
/*!40101 SET @saved_cs_client     = @@character_set_client */;
/*!50503 SET character_set_client = utf8mb4 */;
CREATE TABLE `event_subcategory` (
  `id` int NOT NULL AUTO_INCREMENT,
  `event_category_id` int NOT NULL,
  `name` varchar(150) CHARACTER SET utf8 COLLATE utf8_unicode_ci NOT NULL,
  `en_name` varchar(150) CHARACTER SET utf8 COLLATE utf8_unicode_ci NOT NULL,
  `fr_name` varchar(150) CHARACTER SET utf8 COLLATE utf8_unicode_ci NOT NULL,
  `es_name` varchar(150) CHARACTER SET utf8 COLLATE utf8_unicode_ci NOT NULL,
  `it_name` varchar(150) CHARACTER SET utf8 COLLATE utf8_unicode_ci NOT NULL,
  PRIMARY KEY (`id`),
  UNIQUE KEY `event_subcategory_ID_uindex` (`id`),
  UNIQUE KEY `UNQ1_EVENT_SUBCATEGORY` (`name`)
) ENGINE=InnoDB AUTO_INCREMENT=12001 DEFAULT CHARSET=utf8 COLLATE=utf8_unicode_ci;
/*!40101 SET character_set_client = @saved_cs_client */;

--
-- Dumping data for table `event_subcategory`
--

LOCK TABLES `event_subcategory` WRITE;
/*!40000 ALTER TABLE `event_subcategory` DISABLE KEYS */;
INSERT INTO `event_subcategory` VALUES (1,1,'События, связанные с доступом по коду идентификатора','Events connected with an access by identifier\'s code','Evénements liés à l\'accès par le code d\'identifiant','Eventos relacionados con acceso según código de identificador','Eventi legati all\'accesso sul codice di identificatore'),(2,1,'События, связанные с Тревогой, ОЗ и ШС','Events connected with protected zone state','Evénements liés au changement d\'état de la zone protégée','Eventos relacionados con cambios de estados de la zona protegida','Eventi legati al cambiamento degli stati della zona di protezione'),(4,1,'События, связанные с состояниями входов/выходов','Events connected with inputs/outputs state','Evénements liés à l\'état des entrées/sorties','Eventos relacionados con estados entrada/salida','Eventi legati allo stato di input/output'),(5,1,'События, связанные с проходами через ИУ без идентификаторов','Events connected with passaged through operating device without identifiers','Evénements liés aux passages par le dispositif sans identifiants','Eventos relacionados con pasos a través de dispositivo sin identificadores','Eventi legati ai passaggi a traverso il dispositivo esecutivo senza identificatori'),(6,1,'События, связанные с функционированием','Events connected with functionality','Evénements liés au fonctionnement','Eventos relacionados con funcionamiento','Eventi legati al funzionamento'),(9,3,'Соединение с контроллером','Connection with the controller','Connexion avec le contrôleur','Conexión al controlador','Collegamento con il controller'),(11,4,'События, связанные с верификацией','Events associated with verification','Evénements liés avec la vérification','Eventos relacionados con verificación','Eventi legati alla verificazione'),(12,3,'Функционирование сервера','Functioning of server','Fonctionnement avec le serveur','Funcionamiento de servidor','Funzionamento del server'),(13,2,'Лицензирование','Licensing','Délivrance d\'une licence','Licenciamiento','Concessione di licenza'),(14,2,'Команды пользователя в контроллер','User commands to the controller','Commandes de l\'utilisateur dans contrôleur','Comandos de los usuarios al controlador','Comandi dell\'utente nel controller'),(15,3,'Команды записи конфигурации в контроллер','Commands of the configuration registration to the controller','Commandes d\'enregistrement de la configuration dans contrôleur','Comandos del registro de configuración al controlador','Comandi della registrazione della configurazione in controller'),(16,2,'Работа с картами Mifare','Working with Mifare cards','Travail avec les cartes Mifare','Operación con tarjetas Mifare','Elaborazione delle card Mifare'),(17,5,'События видеонаблюдения','Video monitoring events','Evénement de surveillance vidéo','Eventos de monitoreo de video','Evento di monitoraggio video'),(18,1,'События охранно-пожарной сигнализации','Events of security system','Événements du système de sécurité','Eventos del sistema de seguridad','Eventi del sistema di sicurezza'),(10000,2,'Изменение учетных данных','Credentials change','Changement des données','Cambio de credenciales','Modifica delle credenziali'),(10011,2,'Работа с графиками работы','Working with schedules','Travail avec les horaires','Trabajo con horarios','Lavoro con gli orari di lavoro'),(10012,2,'Работа с подразделениями','Working with departments','Travail avec des départements','Trabajo con departamentos','Lavoro con sottoreparti'),(10014,2,'Работа с сотрудниками','Work with employees','Travail avec les employés','Trabajo con empleados','Lavoro con gli impiegati'),(10015,2,'Работа с посетителями','Work with visitors','Travail avec les visiteurs','Trabajo con visitantes','lavoro con i visitatori'),(10016,2,'Работа с шаблонами доступа','Working with access templates','Travail avec les modèles d\'accès','Trabajo con modelos de acceso','Elaborazione dei template di accesso'),(10017,2,'Работа с временными критериями доступа','Operation with time access criteria','Travail avec les critères d\'accès temporaires','Operación con criterios de acceso temporales','Lavoro coi criteri temporali di accesso'),(10025,2,'Работа с событиями прохода','Work with the events of the passage','Travail avec les événements du passage','Actividad con eventos del paso','Elaborazione degli eventi del passaggio'),(10032,2,'Работа с ролями операторов','Working with operator roles','Travail avec les rôles d\'opérateurs','Trabajo con roles de los operadores','Lavoro coi ruoli degli operatori'),(10036,2,'Работа с оправдательными документами','Working with supporting documents','Travail avec des documents justificatifs','Trabajo con documento justificativos','Lavoro con documenti giustificativi'),(10037,2,'Работа с дополнительными данными','Working with additional data','Travail avec des données supplémentaires','Trabajo con datos adicionales','Lavoro con dati aggiuntivi'),(10038,2,'Работа с операторами','Working with operators','Travail avec les opérateurs','Trabajo con operadores','Lavoro con operatori'),(10050,2,'Работа с дизайнами пропуска','Working with card designs','Travail avec le design de la carte','Trabajo con diseños del pase','Lavoro con il design della tessera'),(10054,2,'Работа с должностями','Working with positions','Travail avec des postes','Trabajo con cargos','Lavoro con le carice'),(10059,2,'Работа с помещениями','Working with rooms','Travail avec des salles','Trabajo con locales','Lavoro con gli ambienti'),(10061,3,'Работа с планировщиком заданий','Work with task planner','Travail avec le planificateur des tâches','Trabajo con planificador de tareas','Lavoro con il pianificatore di compiti'),(10064,2,'Работа с конфигурацией верификации','Working with verification configuration','Travail avec la configuration de vérification','Trabajo con configuración de verificación','Lavoro con configurazione di verificazione'),(10069,2,'Работа с лицензиями','Working with licenses','Travail avec les licences','Operación con licencias','Lavoro con le licenze'),(10070,2,'Работа с интерактивным планом','Working with an interactive plan','Utilisation d\'un plan interactif','Trabajar con un plan interactivo','Utilizzo di un piano interattivo'),(11059,2,'Работа с контроллерами','Working with controllers','Travail avec des contrôleurs','Trabajo con controladores','Lavoro coi controller'),(12000,2,'Учет рабочего времени','Working hours record','Gestion du temps de présence','Registro de horario de trabajo','Monitoraggio del tempo di lavoro');
/*!40000 ALTER TABLE `event_subcategory` ENABLE KEYS */;
UNLOCK TABLES;

--
-- Table structure for table `event_type`
--

DROP TABLE IF EXISTS `event_type`;
/*!40101 SET @saved_cs_client     = @@character_set_client */;
/*!50503 SET character_set_client = utf8mb4 */;
CREATE TABLE `event_type` (
  `id` int NOT NULL AUTO_INCREMENT,
  `name` mediumtext CHARACTER SET utf8 COLLATE utf8_unicode_ci NOT NULL,
  `event_subcategory_id` int NOT NULL,
  `event_resource_type_id` int DEFAULT NULL,
  `event_resource_table` varchar(50) CHARACTER SET utf8 COLLATE utf8_unicode_ci DEFAULT NULL,
  `event_resource_field` varchar(50) CHARACTER SET utf8 COLLATE utf8_unicode_ci DEFAULT NULL,
  `en_name` mediumtext CHARACTER SET utf8 COLLATE utf8_unicode_ci NOT NULL,
  `fr_name` mediumtext CHARACTER SET utf8 COLLATE utf8_unicode_ci NOT NULL,
  `it_name` mediumtext CHARACTER SET utf8 COLLATE utf8_unicode_ci NOT NULL,
  `es_name` mediumtext CHARACTER SET utf8 COLLATE utf8_unicode_ci,
  PRIMARY KEY (`id`),
  UNIQUE KEY `event_type_ID_uindex` (`id`)
) ENGINE=InnoDB AUTO_INCREMENT=506914 DEFAULT CHARSET=utf8 COLLATE=utf8_unicode_ci;
/*!40101 SET character_set_client = @saved_cs_client */;

--
-- Dumping data for table `event_type`
--

LOCK TABLES `event_type` WRITE;
/*!40000 ALTER TABLE `event_type` DISABLE KEYS */;
INSERT INTO `event_type` VALUES (-100,'Изменение учетных данных пользователя',10000,NULL,NULL,NULL,'User credentials change','Changement des données de l\'utilisateur','Modifica delle credenziali utente','Cambio de credenciales del usuario'),(1,'Идентификатор не зарегистрирован',1,1,NULL,NULL,'Identifier is not registered','Identifiant n\'est pas enregistré','L`identificatore non è registrato','Identificador no está identificado'),(2,'Идентификатор запрещен',1,1,NULL,NULL,'Identifier banned','Identifiant est interdit','L\'identificatore è vietato','Identificador está prohibido'),(3,'Идентификатор из \"стоп-листа\"',1,1,NULL,NULL,'Identificator from a \\\"stop list\\\"','Indentifiant de la liste des interdits','Identificatore dalla \\\"lista stop\\\"','Identificador desde ¨Stop list¨'),(4,'Идентификатор просрочен',1,1,NULL,NULL,'Identifier expired','Identifiant est expiré','Identificatore scaduto','Identificador está expirado'),(8,'Запрет прохода',1,1,NULL,NULL,'Passage restriction','Interdiction du passage','Divieto di passaggio','Prohibición de paso'),(11,'Предъявление запрещенной карты: нарушение РКД',1,1,NULL,NULL,'Presentation of a banned card: ACM violation','Présentation de la carte interdite: la violation du mode de contrôle d\'accès','Presentazione della tessera bloccata: violazione del regime di controllo accessi','Presentación de tarjeta prohibida: ACM violación'),(12,'Запрет прохода от ВВУ',1,1,NULL,NULL,'Passage denial from external verification device','Interdiction de passage de dispositif de vérification externe','Divieto di passaggio dal dispositivo esterno di verificazione','Denegación de paso del dispositivo de verificación externa'),(14,'Запрет прохода по команде оператора: ',1,1,NULL,NULL,'Passage denial by the operator command:','Passage interdit par la commande de l\'opérateur','Passaggio bloccato sull\'ordine dell\'operatore:','Denegación de paso por orden del operador'),(15,'Запрет прохода по команде от ДУ',1,1,NULL,NULL,'Passage denial by the remote control command','Interdiction de passage du pupitre de commandes','Passaggio bloccato a comando dal comando a distanza','Denegación de paso por un comando del control remoto'),(16,'Отказ от прохода: ',1,1,NULL,NULL,'Passage refusal','Refus du passage:','Rifiuto di passaggio:','Denegación de paso'),(17,'Проход по идентификатору',1,1,NULL,NULL,'Passage with the ID:','Passage avec l\'identifiant','Passaggio sull\'identificatore:','Paso por identificador'),(23,'Проход с подтверждением от ДУ',1,1,NULL,NULL,'Passage with the confirmation from the remote control','Passage avec la confirmation du pupitre de commandes','Passaggio con la conferma dal comando a distanza','Paso con la confirmación del control remoto'),(27,'Проход с подтверждением от верификации: ',1,1,NULL,NULL,'Passage with the confirmation from verification:','Passage par la confirmation de la vérification:','Passaggio con la conferma dalla verifica:','Paso con confirmación de verificación'),(31,'ИУ не закрыто после прохода по идентификатору: ',1,1,NULL,NULL,'Device is not closed after passage by identifier','Dispositif n\'est pas fermé après le passge par l\'identifiant:','Il dispositivo esecutivo non è chiuso dopo il passaggio su identificatore','Dispositivo sigue siendo abierto después de paso por identificador'),(41,'Попытка взятия ОЗ (невозможно взять) по идентификатору: отказ от постановки',2,6,NULL,NULL,'Attempt to arm the protected zone (can not be armed) by the identifier: arming denial','Tentative d\'activation du mode de sécurité de la zone sécurisée (impossible d\'armer) avec l\'identifiant: le refus d\'activation du mode de sécurité','Il tentativo di messa della Zona di protezione (non può essere messa) sull\'identificatore: il rifiuto della messa','Intento de armar la zona protegida(no puede ser armada)por identificador: denegación de armamento'),(47,'Попытка снятия ОЗ (невозможно снять) по идентификатору: отказ от снятия',2,6,NULL,NULL,'Attempt to disarm the protected zone (can not be disarmed) by the identifier: denial of disarmour','Tentative du retrait de la protection de la zone sécurisée (impossible de désarmer) avec l\'identifiant: Retrait de la protection de vérification refusé','Il tentativo di togliere la Zona di protezione (non può essere tolta) sull\'identificatore: il rifiuto di togliere','Intento de desarmar la zona protegida(no puede serdesarmada) por identificador: denegación de desarmamento'),(69,'Корпус извещателя вскрыт',2,7,NULL,NULL,'Housing of the sending box is tampered','Boîtier de l\'avertisseur est ouvert','Il corpo del rivelatore è aperto:','Cuerpo del detector está abierto'),(70,'Корпус извещателя закрыт: ',2,7,NULL,NULL,'Housing of the sending box is closed:','Boîtier de l\'avertisseur est fermé:','Il corpo del rivelatore è chiuso:','Cuerpo del detector está cerrado'),(96,'Активизация входа',4,4,NULL,NULL,'Input activation','Activation d\'entrée','Attivazione dell\'input','Activación de entrada'),(97,'Нормализация входа',4,4,NULL,NULL,'Input normalization','Normalisation d\'entrée','Normalizzazione input','Normalización de entrada'),(98,'Активизация выхода',4,5,NULL,NULL,'Output activation','Activation de sortie','Attivazione dell\'output','Activación de salida'),(99,'Нормализация выхода',4,5,NULL,NULL,'Output normalization','Normalisation de sortie','Normalizzazione output','Normalización de salida'),(100,'Запуск задержки активизации выхода',4,5,NULL,NULL,'Starting the output activation detention','Lancement de détention de l\'activation de sortie','Avviamento del ritardo di attivazione di output','Inicio de la detención de activación de salida'),(101,'КЗ на выходе: Только для выходов с контролем состояния',4,5,NULL,NULL,'Short circuit at the output: for outputs with status check only','Court-circuit à la sorie: Seulement pour les sorties avec le contrôle d\'état','Cortocircuito in output: solo per uscite con controllo di stato','Cortocircuito a la salida: Solo para salidas con control de estatus'),(102,'Обрыв на выходе: Только для выходов с контролем состояния',4,5,NULL,NULL,'Output disconnection: For outputs with status check only','Déconnexion à la sortie: Seulement pour les sorties avec le contrôle d\'état','Distacco di output: solo per output con controllo di stato','Disconexión a la entrada: solo para salidas con control deestatus'),(103,'Активация выхода невозможна, причина - КЗ: Только для выходов с контролем состояния',4,5,NULL,NULL,'Activation of exit is not possible, due to short circuit: Only for exits with status monitoring','Activation de la sortie n\'est pas possible à cause de court-circuit: Seulement pour les sorties avec le contrôle d\'état','Attivazione dell\'output non è possibile, la ragione è cortocircuito: solo per le uscite con il monitoraggio dello stato','Activación de salida es imposible pese a cortocircuito:Solo para salidas con estatus de control'),(104,'Восстановление выхода: Только для выходов с контролем состояния. Восстановление линии после КЗ или обрыва.',4,5,NULL,NULL,'Output recovery: only for outputs with status control. Recovery of line after short circuit or line break.','Restauration de la sortie: Seuelement pour les sorties avec le contrôle d\'état. Restauration de laligne après le court circuit ou la rupture.','Ripristino dell\'output: solo per gli output con il controllo di stato. Il ripristino della linea dopo cortocircuito o dopo interruzione.','Recuperación de salida: solo para salidas con control de estatus. Recuperación de línea después de un cortocircuito o corte de línea.'),(105,'FireAlarm on',2,4,NULL,NULL,'FireAlarm on','FireAlarm on','FireAlarm on','FireAlarm on'),(106,'FireAlarm off',2,4,NULL,NULL,'FireAlarm off','FireAlarm off','FireAlarm off','FireAlarm off'),(112,'Проход по команде от ДУ ',5,1,NULL,NULL,'Passage by a command from RC','Passage par la commande du pupitre de commandes','Passaggio sull\'ordine dal commando a distanza','Paso por comando desde el dispositivo'),(113,'Проход по команде от ПК',5,1,NULL,NULL,'Passage by the PC command','Passage par la commande de l\'ordinateur','Passaggio all\'ordine di PC','Paso por orden del PC'),(114,'Несанкционированный проход через ИУ (взлом ИУ)',5,1,NULL,NULL,'Unauthorized passage through device (OD break in)','Passage non-autorisé par le dispositif (l\'effraction du dispositif)','Passaggio non autorizzato tramite dispositivo esecutivo (scasso)','Paso no autorizado mediante dispositivo( hackeo del dispositivo)'),(117,'ИУ разблокировано',5,2,NULL,NULL,'Device unlocked','Dispositif est débloqué','Dispositivo esecutivo sbloccato','Dispositivo está desbloqueado'),(118,'ИУ заблокировано',5,2,NULL,NULL,'Device is blocked','Dispositif est bloqué','Dispositivo esecutivo è bloccato','Dispositivo está bloqueado'),(119,'Проход по команде ИК-пульта',5,1,NULL,NULL,'Passage by the IR-remote command','Passage par la commande du pupitre de commande infra-rouge','Passaggio all\'ordine di telecomando IR','Paso por orden del panel de control remoto'),(129,'Включение питания контроллера',6,8,NULL,NULL,'Controller power-on','Allumer le contrôleur','Accensione di alimentazione del controller','Activación de alimentación del controlador'),(130,'Выключение питания контроллера',6,NULL,NULL,NULL,'Controller power-off','Eteindre l\'alimentation du contrôleur','Disinserzione dell\'alimentazione del controller','Desactivación de alimentación del controlador'),(131,'Нарушение связи',6,NULL,NULL,NULL,'Connection failure','Panne de connexion','Interruzione del collegamento','Violación de conexión'),(132,'Восстановление связи',6,NULL,NULL,NULL,'Connection recovery','Reprise de connexion','Ripristino della connessione','Recuperación de conexión'),(133,'Переполнение журнала регистрации',6,NULL,NULL,NULL,'Log file trashing','Saturation du log','Traboccamento del registro','Repleción del registrador'),(134,'Очистка журнала регистрации',6,NULL,NULL,NULL,'Cleaning log','Elimination du log','Svuotare il giornale di registrazione','Limpia del registrador'),(136,'Перезапуск контроллера: WatchDog',6,8,NULL,NULL,'Restart controller: WatchDog','Redémmarrage du contrôleur: WatchDog','Ripresa controller: WatchDog','Reinicio de controlador: WatchDog'),(138,'Переполнение списка идентификаторов',6,NULL,NULL,NULL,'Identifier list trashing','Saturation du de la liste d\'identifiants','Traboccamento  della lista di identificatori','Repleción de la lista de identificadores'),(145,'Изменение конфигурации физического контакта',6,NULL,NULL,NULL,'Changing configuration of a physical contact','Изменение конфигурации физического контакта','Изменение конфигурации физического контакта','Изменение конфигурации физического контакта'),(149,'Корпус контроллера открыт',6,NULL,NULL,NULL,'Controller housing is opened','Boîtier du contrôleur est ouvert','Il corpo del controller è aperto','Cuerpo del controlador está abierto'),(150,'Корпус контроллера закрыт',6,NULL,NULL,NULL,'Controller housing is closed','Boîtier du contrôleur est fermé','Il corpo del controller è chiuso','Cuerpo del controlador está cerrado'),(155,'Тревога по команде ИК-пульта',2,2,NULL,NULL,'Alarm on an IR-remote signal','Alarme par la commande du pupitre infra-rouge','Allarme dal pannello di controllo remoto a infrarossi','Alarma por orden de panel de control remoto'),(159,'Неисправность ИП: Формируется встроенным АЦП при выходе напряжения питания за рабочий диапазон',6,NULL,NULL,NULL,'Fault of the power supply: Formed with the integrated ADC on power voltage overrange','Faute d\'alimentation +18V: Générée par l\'alimentation CC intégrée quand la tension d\'alimentation sort hors de la plage de fonctionnement','Guasto del fonte di alimentazione: viene formato dalla scheda di conversione incorporata in caso dell\'eccesso della tensione sopra il raggio di lavoro','Avería enl fuente de alimentación : se forma mediante ADC empotrado en caso si una tensión de aimentación esté fuera de modo de operación'),(160,'Восстановление ИП: При условии, что напряжение питания в рабочем диапазоне.',6,NULL,NULL,NULL,'Power supply recovery: Provided that the power voltage is in the operating range.','Restauration d\'alimentation: sous la codition que la tension d\'alimentation et dans la plage de fonctionnement.','Ripristino del sorso di alimentazione: a condizione che la tensione si trova nel intervallo operativo.','Recuperación de fuente de alimentación: en caso siuna tensión de alimentación esté en modo de operacion'),(161,'Тревога: От Генератора тревоги',2,2,NULL,NULL,'Alarm: From the Alarm Generator','Alarme: Du Générateur d\'alarme','Allarme: dal generatore allarme','Alarma: del Generador de alarma'),(162,'Сброс тревоги: По команде от ПО',2,2,NULL,NULL,'Alarm reset: By signal from software','Réinitialisation d\'alarme: par commande du logiciel','Reset di allarme: al comando del software','Reseteo de alarma: por señal de software'),(163,'Автономный сброс тревоги: Кнопкой \"Сброс\"',2,2,NULL,NULL,'Autonomous alarm reset: Press the \"Reset\" button','Réinitialisation autonome de l\'alarme: Par le bouton \\\"Réinitialiser\\\"','Reset di allarme autonomo: con il buttone \"Reset\"','Reseteo autónomo de alarma: Presiona el boton¨Reseteo¨'),(245,'Тестирование прибора начато',6,NULL,NULL,NULL,'Device testing has begun','Tests de dispositif est commencé','Il test dell\'impianto è avviato','Prueba de dispositivo se ha empezado'),(246,'Тестирование ШС начато',6,NULL,NULL,NULL,'Alarm line testing has begun','Test de ligne d\'alarme est commencé','Il testing dei sistemi di cavi allarme è iniziato','Prueba de contactos de señalización'),(248,'Неисправность ИП +18В: Формируется встроенным АЦП при выходе напряжения питания ШС за рабочий диапазон',6,NULL,NULL,NULL,'+18 V power supply fault: Formed with the integrated ADC on alarm line power voltage overrange1','Faute d\'alimentation +18V: Générée par l\'alimentation CC intégrée quand la tension d\'alimentation de la ligne d\'alarme sort hors de la plage de fonctionnement','Guasto del fonte di alimentazione +18V: viene formato dalla scheda di conversione incorporata in caso dell\'eccesso della tensione del doppino d\'accoppiamento sopra il raggio di lavoro','Avería en fuente de alimentación +18B: se forma mediante ADC empotrado en caso si una línea de seguridadde alarma esté fuera de modo de operación'),(249,'Пропадание связи с контроллером 2-го уровня',6,1,NULL,NULL,'Connection loss with the 2nd level controller','Perte de connexion avec le contrôleur du deuxième niveau','Caduta del collegamento con il controller del livello 2','Pérdida de conexión con controlador de segundo nivel'),(264,'Запрет прохода: несоответствие текущему местоположению',1,1,NULL,NULL,'Passage denial: mismatch to the current location','Refus de passage: le décalage d\'emplacement actuel','Passaggio bloccato: non conformità alla posizione attuale','Denegación de paso: disconformidad con la localizacióncorriente'),(273,'Проход по идентификатору: с несоответствием текущему местоположению',1,1,NULL,NULL,'Passage with the ID: with the mismatch to the current location','Passage par identifiant: non confotmité d\'emplacement actuel','Passaggio sull\'identificatore: con la non conformità alla posizione attuale','Paso por identificador: con disconformidad con la localización corriente'),(279,'Проход с подтверждением от ДУ: с несоответствием текущему местоположению',1,1,NULL,NULL,'Passage with the confirmation from the remote control: with the mismatch to the current location','Passage par la confirmation du pupitre de commandes: non confirmité de l\'emplacement actuel','Passaggio con la conferma dal comando a distanza: con la non conformità alla posizione attuale','Paso con confirmación de control remoto: con  disconformidad con la localización corriente'),(283,'Проход с подтверждением от верификации: с несоответствием текущему местоположению',1,1,NULL,NULL,'Passage with the confirmation from verification: with the mismatch to the current location','Passage par la confirmation de la vérification: non confirmité l\'emplacement actuel','Passaggio con la conferma dalla verifica: con la non conformità alla posizione attuale','Paso con confirmación de verificación: con desconformidadcon la localización corriente'),(288,'ОЗ взята на охрану по идентификатору: ОЗ перешла в режим ОХРАНА',2,6,NULL,NULL,'Protected zone is armed by the identifier: protected zone switched to the SECURITY mode','Zone Sécurisée est armée par l\'identifiant: la zone Sécurisée est dans le mode SÉCURITÉ','La Zona di protezione è messa sotto protezione sull\'identificatore: è passata al modo PROTEZIONE','Zona protegida está armada por identificador: zona protegida está en modo ¨SEGURIDAD¨'),(289,'ОЗ снята с охраны по идентификатору: ОЗ перешла в режим СНЯТА',2,6,NULL,NULL,'Protected zone is disarmed by the identifier: protected zone switched to the DISARMED mode','Zone Sécurisée est désarmée par l\'identifiant: la zoneSécurisée est en  mode DÉSARMÉ','La protezione della Zona di protezione è tolta sull\'identificatore: è passata al modo TOLTA','Zona protegida está desarmada por identificador: zona protegida está en modo ¨DESARMAMENTO¨'),(290,'Попытка взятия ОЗ (невозможно взять) по идентификатору: несоответствие текущему местоположению',2,6,NULL,NULL,'Attempt to arm the protected zone (can not be armed) by the identifier: mismatch to the current location','Tentative d\'activation du mode de sécurité de la zone sécurisée (impossible d\'armer) avec l\'identifiant: le décalage de l\'emplacement actuel','ll tentativo di messa della Zona di protezione (non può essere messa) sull\'identificatore: non conformità alla posizione attuale','Intento de armar la zona protegida(no puede ser armada)por identificador: disconformidad a la localización corriente'),(298,'Попытка снятия ОЗ (невозможно снять) по идентификатору: несоответствие текущему местоположению',2,6,NULL,NULL,'Attempt to disarm the protected zone (can not be disarmed) by the identifier: mismatch to the current location','Tentative du retrait de la protection de la zone sécurisée (impossible de désarmer) avec l\'identifiant: le décalage de l\'emplacement actuel','Il tentativo di togliere la Zona di protezione (non può essere tolta) sull\'identificatore: non conforme alla posizione attuale','Intento de desarmar la zona protegida(no puede serdesarmada) por identificador: disconformidad a la localización corriente'),(305,'ОЗ взята на охрану по идентификатору с подтверждением: ОЗ перешла в режим ОХРАНА',2,6,NULL,NULL,'Protected zone is armed by the identifier with the confirmation: protected zone switched to the SECURITY mode','Zone Sécurisée est armée par l\'identifiant avec la confirmation: la zone Sécurisée est dans le mode SÉCURITÉ','La Zona di protezione è messa sotto protezione su comando dell\'operatore: è passata al modo PROTEZIONE','Zona protegida está armada por identificador con confirmación: zona protegida está en modo ¨SEGURIDAD¨'),(306,'ОЗ снята с охраны по идентификатору с подтверждением: ОЗ перешла в режим СНЯТА',2,6,NULL,NULL,'Protected zone is disarmed by the identifier with the confirmation: protected zone switched to the DISARMED mode','Zone Sécurisée est désarmée par l\'identifiant avec la confirmation: la zone Sécurisée est en mode DÉSARMÉ','La protezione della Zona di protezione è tolta sull\'identificatore con la conferma: è passata al modo TOLTA','Zona protegida está desarmada por identificador conconfirmación: zona protegida está en modo¨DESARMAMENTO¨'),(307,'ОЗ взята на охрану по команде оператора: ОЗ перешла в режим ОХРАНА',2,6,NULL,NULL,'Protected zone is armed by the operator command: protected zone switched to the SECURITY mode','Zone Sécurisée est armée par la commande de l\'opérateur: la zone Sécurisée est en mode SÉCURITÉ','La  Zona di protezione è messa sotto protezione sul comando dell\'operatore: è passata al modo PROTEZIONE','Zona protegida está armada por orden del operador:zona protegida está en modo ¨SEGURIDAD¨'),(308,'ОЗ снята с охраны по команде оператора: ОЗ перешла в режим СНЯТА',2,6,NULL,NULL,'Protected zone is disarmed by the operator command: protected zone siwtched to the \"DISARMED\" mode','Zone Sécurisée est désarmée par la commande de l\'opérateur: la zone Sécurisée en le mode DÉSARMÉ','La protezione della Zona di protezione è tolta sul comando dell\'operatore: è passata al modo TOLTA','Zona protegida está desarmada por orden del operador:zona protegida está en modo ¨DESARMAMENTO¨'),(312,'Тихая тревога по охранной зоне',2,6,NULL,NULL,'Silent alarm on the protected zone','Alarme douce sur la zone protégée','Allarme silenzioso nella Zona di protezione','Alarma silenciosa sobre la zona protegida'),(313,'Тревога по охранной зоне',2,6,NULL,NULL,'Alarm on the protected zone','Alarme sur la zone protégée','Allarme nella Zona di protezione','Alarma sobre la zona protegida'),(314,'Сброс тревоги по ОЗ',2,6,NULL,NULL,'Reset alarm on the protected zone','Réinitialisation de l\'alarme sur la zone protégée','Reset di allarme nella Zona di protezione','Reseteo de alarma de la zona protegida'),(315,'Взятие ОЗ на охрану по идентификатору: ОЗ перешла в режим ВЗЯТИЕ',2,6,NULL,NULL,'Protected zone arming by the identifier: protected zone switched to the ARMING mode','Armer la zone protégée avec l\'identifiant: la zone protégée est au mode D\'ACTIVATION DE SÉCURITÉ','Messa della Zona di Protezione sotto protezione sull\'identificatore: è passata nel modo MESSA','Armamento de zona protegida por identificador: zona protegida está en modo ¨ARMAMENTO¨'),(316,'Взятие ОЗ на охрану по команде оператора: ОЗ перешла в режим ВЗЯТИЕ',2,6,NULL,NULL,'Protected zone arming by the operator command: protected zone switched to the ARMING mode','Armer la zone protégée avec la commande de l\'opérateur: la zone protégée est au mode D\'ACTIVATION DE SÉCURITÉ','Messa della Zona di protezione sotto protezione sull\'ordine dell\'operatore: è passata nel modo MESSA','Armamento de zona protegida por un orden de un operador: zona protegida está en modo ¨ARMAMENTO¨'),(323,'ОШС отключен',2,7,NULL,NULL,'Security alarm line is turned off','Ligne d\'alarme de sécurité est désactivée','Il ciclo di allarme è staccato','Contactos de señalización están desactivados'),(395,'Неисправность контроллера: память FRAM',6,NULL,NULL,NULL,'Fault of controller: FRAM memory','Défaillance du contrôleur : la mémoire FRAM','Guasto controller: memoria FRAM','Avería de un controlador: FRAM memoria'),(400,'Форматирование памяти: журнал событий',6,NULL,NULL,NULL,'Memory formating: event log','Formatage de mémoire: le journal des événements','Formattazione della memoria: registro eventi','Formateo de memoria: registrador'),(409,'Изменение режима работы по команде оператора: режим \"Открыто\"',6,1,NULL,NULL,'Changing the operating mode by the operator command: \"Open\" mode','Changement du mode de fonctionement par la commande de l\'opérateur: le mode \\\"Ouvert\\\"','Modifica del modo di funzionamento sull\'ordine di operatore: modo \"Aperto\"','Сambio de modo de operación por orden del operador:modo \"Abierto\"'),(410,'Изменение режима работы по команде ИК-пульта: режим \"Открыто\"',6,1,NULL,NULL,'Changing the operating mode by the IR-remote command: \"Open\" mode','Changement du mode de fonctionement par la commande du pupitre de commande infrarouge: le mode \\\"Ouvert\\\"','Modifica del modo di funzionamento sull\'ordine di telecomando IR: modo \"Aperto\"','Сambio de modo de operación por orden del panel decontrol remoto: modo \"Abierto\"'),(414,'Изменение режима работы с режима \"Охрана\" по идентификатору: режим \"Открыто\"',6,1,NULL,NULL,'Changing the operating mode from the \"Security\" mode by the identifier: \"Open\" mode','Changement du mode de fonctionement u mode\\\"Sécurité\\\" par l\'identifiant: le mode \\\"Ouvert\\\"','Modifica del modo di funzionamento dal modo \"Protezione\" sull\'identificatore: modo \"Aperto\"','Сambio de modo de operación del modo \"Seguridad\" poridentificador: modo \"Abierto\"'),(501,'Тестирование прибора завершено успешно',6,NULL,NULL,NULL,'Device testing is successfully completed','Test de dispositif est terminé avec succès','Il testing dell\'impianto è completato con successo','Prueba de dispositivo se ha acabado exitosamente'),(502,'Тестирование ШС завершено',6,NULL,NULL,NULL,'Alarm line testing is completed','Test de ligne d\'alarme est accompli','Il testing dei sistemi di cavi allarme è completato','Prueba de contactos de señalización'),(504,'Восстановление ИП +18В: Формируется встроенным АЦП при возвращении напряжения питания ШС в рабочий диапазон',6,NULL,NULL,NULL,'+18 Power supply recovery: Formed with integrated ADC when power voltage of alarm line returns in the operating range','Restauration d\'alimentation +18V: générée (fournie) par l\'alimentation du CC intégrée quand la tension d\'alimentation de la ligne d\'alarme revient à la plage de fonctionnement','Ripristino del sorso di alimentazione +18V:: Formato dalla scheda di conversazione integrata al ritorno della tensione del ciclo di allarme nel campo operativo','Recuperación de fuente de alimentación + 18B: se forma con ADC empotrado en caso de regreso defuente de alimentación de contactos de señalización  en modo de operación'),(505,'Восстановление связи с контроллером 2-го уровня',6,1,NULL,NULL,'Connection recovery with the controller of level 2','Reprise de connexion avec le contrôleur du deuxième niveau','Ripristino di collegamento con il controller del secondo livello','Recuperación de conexión con controlador de segundo nivel'),(520,'Запрет прохода: несоответствие режиму доступа',1,1,NULL,NULL,'Passage denial: access mode mismatch','Interdiction de passage: le non-conformité de mode d\'accès','Divieto di passaggio: non conformità con il regime di accesso','Denegación de paso: disconformidad al modo de acceso'),(529,'Проход по идентификатору: с несоответствием временным критериям доступа',1,1,NULL,NULL,'Passage with the ID: with the mismatch to the time access criteria','Passage par identifiant: non confotmité de critères de temps d\'accès','Passaggio sull\'identificatore: con la non conformità ai criteri temporali di accesso','Paso por identificador: con disconformidad con los criteriosde acceso de tiempo'),(535,'Проход с подтверждением от ДУ: с несоответствием временным критериям доступа',1,1,NULL,NULL,'Passage with the confirmation from the remote control: with the mismatch to the time access criteria','Passage par la confirmation du pupitre de commandes: non confirmité des critères d\'accès de temps','Passaggio con la conferma dal comando a distanza: con la non conformità ai criteri temporali di accesso','Paso con confirmación de control remoto: disconformidad con los criterios de acceso de tiempo'),(539,'Проход с подтверждением от верификации: с несоответствием временным критериям доступа',1,1,NULL,NULL,'Passage with the confirmation from verification: with the mismatch to the time access criteria','Passage par la confirmation de la vérification: non conformité des critères d\'accès de temps','Passaggio con la conferma dalla verifica: con la non conformità ai criteri temporali di accesso','Paso con confirmación de verificación: con desconformidada los criterios de acceso de tiempo'),(546,'Попытка взятия ОЗ (невозможно взять) по идентификатору: несоответствие временных критериев доступа',2,6,NULL,NULL,'Attempt to arm the protected zone (can not be armed) by the identifier: mismatch of the time access criteria','Tentative d\'activation du mode de sécurité de la zone sécurisée (impossible d\'armer) avec l\'identifiant: le décalage des critères de temps','ll tentativo di messa della Zona di protezione (non può essere messa) sull\'identificatore: non conformità ai criteri temporanei di accesso','Intento de armar la zona protegida(no puede ser armada)por identificador: disconformidad a los criterios de accesode tiempo'),(554,'Попытка снятия ОЗ (невозможно снять) по идентификатору: несоответствие временных критериев доступа',2,6,NULL,NULL,'Attempt to disarm the protected zone (can not be disarmed) by the identifier: mismatch of the time access criteria','Tentative du retrait de la protection de la zone sécurisée (impossible de désarmer) avec l\'identifiant: le décalage des critères d\'accès et de l\'emplacement actuel','Il tentativo di togliere la Zona di protezione (non può essere tolta) sull\'identificatore: incoerenza criteri di accesso temporaneo','Intento de desarmar la zona protegida(no puede serdesarmada) por identificador: disconformidad a los criterios de acceso de tiempo'),(577,'ИУ взят на охрану: ИУ перешел в режим ОХРАНА',2,2,NULL,NULL,'Device is armed: device switched to the SECURITY mode','Dispositif est armé: le dispositif est en mode SÉCURITÉ','Dispositivo esecutivo messo sotto protezione: passato al modo ALLARME','Armamento de dispositivo : dispositivo está en modo ¨SEGURIDAD¨'),(578,'Взятие ИУ на охрану: ИУ перешел в режим ВЗЯТИЕ',2,2,NULL,NULL,'Device arming: the device switched to the ARMING mode','Armer le dispositif: le dispositif est au mode D\'ACTIVATION DE SÉCURITÉ','Dispositivo esecutivo messo sotto protezione: dispositivo è passato nel modo MESSA','Armamento de dispositivo: dispositivo está en modo ¨ARMAMENTO¨'),(580,'ИУ снят с охраны: ИУ перешел в режим СНЯТ, в том числе и если стоит \"снять при невзятии\"',2,2,NULL,NULL,'Device is disarmed: device switched to the DISARMED mode, including \"disarming\" mode','Dispositif est désarmé: le dispositif est en mode LA DÉSACTIVATION DE SÉCURITÉ, y compris \\\"désarmé\\\"','La protezione del dispositivo esecutore è tolta: il dispositivo è passato nel modo TOLTA, anche se è inserito \"togliere nel caso di non presa\"','Desarmamento de dispositivo: dispositivo está enmodo ¨DESARMAMENTO¨ incluso en caso si haya una función ¨Disarmar sin armamento¨'),(585,'Нарушение ИУ, режим ТРЕВОГА: ИУ перешел в режим ТРЕВОГА',2,2,NULL,NULL,'Device violation, ALARM mode: device switched to the ALARM mode','Violation de dispositif, le mode ALARME: le dispositif est dans le mode ALARME','Violazione del dispositivo esecutivo, modalità ALLARME: Dispositivo esecutivo è passato nella modalità ALLARME','Violación del dispositivo, modo ALARMA: dispositivo está en modo de ALARMA'),(591,'Сброс тревоги ИУ',2,2,NULL,NULL,'Reset alarm of the device','Réinitialisation de l\'alarme du dispositif','Reset di allarme del dispositivo esecutivo','Reseteo de alarma del dispositivo'),(645,'Сбой физического уровня Ethernet',6,NULL,NULL,NULL,'Ethernet physical level failure','Echec du niveau physique Ethernet','Staratura di livello fisico Ethernet','Fallo de nivel físico de Ethernet'),(651,'Неисправность контроллера: память DataFlash',6,NULL,NULL,NULL,'Fault of controller: DataFlash memory','Défaillance du contrôleur : la mémoire DataFlash','Guasto controller: memoria DataFlash','Avería de un controlador: Data flash memoria'),(656,'Форматирование памяти: список карт',6,NULL,NULL,NULL,'Memory formating: card list','Formatage de mémoire: la liste de cartes','Formattazione della memoria: elenco di carte di prossimità','Formateo de memoria: lista de tarjetas'),(665,'Изменение режима работы по команде оператора: режим \"Контроль\"',6,1,NULL,NULL,'Changing the operating mode by the operator command: \"Control\" mode','Changement du mode de fonctionement par la commande de l\'opérateur: le mode \\\"Contrôle\\\"','Modifica del modo di funzionamento sull\'ordine di operatore: modo \"Controllo\"','Сambio de modo de operación por orden del operador:modo \"Control\"'),(666,'Изменение режима работы по команде ИК-пульта: режим \"Контроль\"',6,1,NULL,NULL,'Changing the operating mode by the IR-remote command: \"Control\" mode','Changement du mode de fonctionement par la commande du pupitre de commande infrarouge: le mode \\\"Contrôle\\\"','Modifica del modo di funzionamento sull\'ordine di telecomando IR: modo \"Controllo\"','Сambio de modo de operación por orden del panel decontrol remoto: modo \"Control\"'),(670,'Изменение режима работы на режим \"Контроль\" по идентификатору',6,1,NULL,NULL,'Changing the operating mode from the \"Security\" mode by the identifier: \"Control\" mode','Changement du mode de fonctionement du mode\\\"Sécurité\\\" par l\'identifiant: le mode \\\"Contrôle\\\"','Modifica del modo di funzionamento dal modo \"Protezione\" sull\'identificatore: modo \"Controllo\"','Сambio de modo de operación del modo \"Seguridad\" poridentificador: modo \"Control\"'),(671,'Изменение режима работы на режим \"Контроль\" по идентификатору с нарушением времени',6,1,NULL,NULL,'Changing the operating mode from the \"Security\" mode by the identifier: \"Control\" mode','Changement du mode de fonctionement du mode\"Sécurité\" par l\'identifiant: le mode \"Contrôle\"','Modifica del modo di funzionamento dal modo \"Protezione\" sull\'identificatore: modo \"Controllo\"','Сambio de modo de operación del modo \"Seguridad\" poridentificador: modo \"Control\"'),(672,'Изменение режима работы на режим \"Контроль\" по идентификатору с нарушением местоположения',6,1,NULL,NULL,'Changing the operating mode from the \"Security\" mode by the identifier: \"Control\" mode','Changement du mode de fonctionement du mode\"Sécurité\" par l\'identifiant: le mode \"Contrôle\"','Modifica del modo di funzionamento dal modo \"Protezione\" sull\'identificatore: modo \"Controllo\"','Сambio de modo de operación del modo \"Seguridad\" poridentificador: modo \"Control\"'),(673,'Изменение режима работы на режим \"Контроль\" по идентификатору с нарушением времени и местоположения',6,1,NULL,NULL,'Changing the operating mode from the \"Security\" mode by the identifier: \"Control\" mode','Changement du mode de fonctionement du mode\"Sécurité\" par l\'identifiant: le mode \"Contrôle\"','Modifica del modo di funzionamento dal modo \"Protezione\" sull\'identificatore: modo \"Controllo\"','Сambio de modo de operación del modo \"Seguridad\" poridentificador: modo \"Control\"'),(757,'Тестирование прибора выявило неисправности',6,NULL,NULL,NULL,'Device testing has detected failures','Test de dispositif est détecté a défaillances','Il testing dell\'impianto ha rivelato un guasto','Prueba de dispositivo ha detectado averías'),(761,'Неисправность контроллера 2-го уровня',6,1,NULL,NULL,'Fault of the 2nd level controller','Défaillance du contrôleur du deuxième niveau','Guasto del controller di 2 ° livello','Avería de un controlador de segundo nivel'),(776,'Запрет прохода: несоответствие временным критериям доступа и текущему местоположению',1,1,NULL,NULL,'Passage denial: mismatch to the time access criteria and to the current location','Refus de passage: le décalage des critères de temps d\'accès à l\'emplacement actuel','Passaggio bloccato: non conformità ai criteri del tempo di accesso e alla posizione attuale','Denegación de paso: disconformidad con los criterios deaccesode tiempo y localización corriente'),(785,'Проход по идентификатору: несоответствие временным критериям доступа и текущему местоположению',1,1,NULL,NULL,'Passage with the ID: mismatch to the time access criteria and to the current location','Passage avec l\'identifiant: le décalage des critères de temps d\'accès et d\'emplacement actuel','Passaggio sull\'identificatore: non conformità ai criteri di tempo di accesso  e alla posizione attuale','Paso por identificador: disconformidad con los criterios deacceso de tiempo y localización corriente'),(791,'Проход с подтверждением от ДУ: несоответствие временным критериям доступа и текущему местоположению',1,1,NULL,NULL,'Passage with the confirmation from the remote control: mismatch to the time criteria and to the current location','Passage avec la confirmation du pupitre de commandes: le décalage des critères de temps et l\'emplacement actuel','Passaggio con la conferma dal comando a distanza: non conformità ai criteri temporali di accesso e alla posizione attuale','Paso con confirmación de control remoto: disconformidad con los criterios de acceso de tiempo y localización corriente'),(795,'Проход с подтверждением от верификации: несоответствие временным критериям доступа и текущему местоположению',1,1,NULL,NULL,'Passage with the confirmation from verification: with the mismatch of the access criteria to the current location','Passage par confirmation de la vérification: non conformité des critères de temps et l\'emplacement actuel','Passaggio con la conferma dalla verifica: non conformità ai criteri temporali di accesso e alla posizione attuale','Paso con confirmación de verificación: desconformidadcon los criterios de acceso de tiempo y localización corriente'),(802,'Попытка взятия ОЗ (невозможно взять) по идентификатору: несоответствие временным критериям доступа и текущему местоположению',2,6,NULL,NULL,'Attempt to arm the protected zone (can not be armed) by the identifier: mismatch to the time access criteria and to the current location','Tentative d\'activation du mode de sécurité de la zone sécurisée (impossible d\'armer) avec l\'identifiant: le décalage des critères de temps et de l\'emplacement actuel','ll tentativo  della messa di  Zona di protezione (non può essere messa) sull\'identificatore: non conformità ai criteri di accesso temporanei e alla posizione attuale','Intento de armar la zona protegida(no puede ser armada)por identificador: disconformidad a los criterios de accesode tiempo y localización corriente'),(810,'Попытка снятия ОЗ (невозможно снять) по идентификатору: несоответствие временным критериям доступа и текущему местоположению',2,6,NULL,NULL,'Attempt to disarm the protected zone (can not be disarmed) by the identifier: mismatch to the time access criteria and to the current location','Tentative du retrait de la protection de la zone sécurisée (impossible de désarmer) avec l\'identifiant: le décalage des critères d\'accès et de l\'emplacement actuel','Il tentativo di togliere la  Zona di protezione (non può essere tolta) sull\'identificatore: incoerenza dei criteri di ammissibilità temporanee e posizione attuale','Intento de desarmar la zona protegida(no puede serdesarmada) por identificador: disconformidad a los criterios de acceso de tiempo y localización corriente'),(1029,'Предъявлена комиссионирующая карта: ',1,1,NULL,NULL,'Commissioning card presented','Carte de révérification est présentée','Presentata la tessera di doppio controllo:','Presentación de tarjeta comisionada'),(1032,'Запрет прохода: нарушение комиссионирования',1,1,NULL,NULL,'Passage denial: double-check access violation','Refus de passage: la violation de révérification','Passaggio bloccato: violazione di doppio controllo','Denegación de paso: violación de verificación doble deacceso'),(1041,'Проход по идентификатору: с нарушением комиссионирования',1,1,NULL,NULL,'Passage with the ID: with double-check access violation','Passage par identifiant: avec la violation de révérification','Passaggio sull\'identificatore: con la violazione del doppio controllo','Paso por identificador: con violación de confirmación doble de acceso'),(1058,'Попытка взятия ОЗ (невозможно взять) по идентификатору: нарушение комиссионирования',2,6,NULL,NULL,'Attempt to arm the protected zone (can not be armed) by the identifier: double-check access violation','Tentative d\'activation du mode de sécurité de la zone protégée (impossible d\'armer) avec l\'identifiant: la violation de révérification','ll tentativo di messa della Zona di protezione (non può essere messa) sull\'identificatore: violazione del doppio controllo','Intento de armar la zona protegida(no puede ser armada)por identificador: violación de verificación doble de acceso'),(1066,'Попытка снятия ОЗ (невозможно снять) по идентификатору: нарушение комиссионирования',2,6,NULL,NULL,'Attempt to disarm the protected zone (can not be disarmed) by the identifier: double-check access violation','Tentative du retrait de la protection de la zone sécurisée (impossible de désarmer) avec l\'identifiant: la violation de réverification','Il tentativo di togliere la Zona di protezione (non può essere tolta) sull\'identificatore: violazione del doppio controllo','Intento de desarmar la zona protegida(no puede ser desarmada) por identificador: violación de acceso de verificación doble'),(1088,'ОШС не взят на охрану: ОШС перешел в режим АВТОПЕРЕВЗЯТИЕ',2,7,NULL,NULL,'Security alarm line is disarmed: Security alarm line switched to the AUTOREARMING mode','Ligne d\'alarme de sécurité n\'est pas armée: la Ligne d\'alarme en mode D\'ACTIVATION DE SÉCURITÉ AUTOMATIQUE','Il ciclo di allarme non è messo sotto protezione: il ciclo di allarme è passato al modo AUTORIMETTERE','Contactos de señalización están desarmados: línea de seguridad de alarma están en modo ¨AUTOREARMAMENTO\"'),(1089,'ОШС взят на охрану: ОШС перешел в режим ОХРАНА',2,7,NULL,NULL,'Security alarm line is armed: Security alarm line switched to SECURITY mode','Ligne d\'alarme de sécurité est armée: la ligne d\'alarme en mode SÉCURITÉ','Il ciclo di protezione è messo sotto protezione: è passato al modo PROTEZIONE','Contactos de señalización están armados: contactos de señalización están en modo ¨SEGURIDAD¨'),(1090,'Взятие ОШС на охрану: ОШС перешел в режим ВЗЯТИЕ',2,7,NULL,NULL,'Security alarm line arming: security alarm line switched to the ARMING mode','Armer la ligne d\'alarme de sécurité: la ligne d\'alarme de sécurité est au mode D\'ACTIVATION DE SÉCURITÉ','Messa del ciclo di allarme sotto protezione: è passato nel modo MESSA','Armamento de contactos de señalización:contactos de señalización están en modo¨ARMAMENTO¨'),(1092,'ОШС снят с охраны: ОШС перешел в режим СНЯТ, в том числе и если стоит \"снять при невзятии\"',2,7,NULL,NULL,'Security alarm line is disarmed: Security alarm line switched to DISARMED mode, including \"disarming\" mode','Ligne d\'alarme de sécurité est désarmée: la ligne d\'alarme est en désarmé, y compris le mode RETRAIT DE LA PROTECTION','La protezione del ciclo di allarme è tolta: il ciclo di allarme, anche se è messa \"togliere nel caso di non messa\"','Contactos de señalización están desarmados: contactos de señalización están en modo ¨DESARMAMENTO\"incluso en caso si haya una función ¨desarmar sin armamento¨'),(1095,'Нарушение снятого ОШС',2,7,NULL,NULL,'Disarmed security alarm line violation','Violation de ligne d\'alarme désarmée','Violazione del ciclo di allarme tolto','Violación de contactos desarmados de señalización'),(1096,'Нормализация снятого ОШС',2,7,NULL,NULL,'Normalization of the disarmed security alarm line','Normalisation de ligne d\'alarme désarmée','Normalizzazione del ciclo di allarme tolto','Normalización de contactos desarmados de señalización'),(1097,'Нарушение ОШС, режим ТРЕВОГА: ОШС перешел в режим ТРЕВОГА, в том числе и если стоит \"тревога при невзятии\"',2,7,NULL,NULL,'Security alarm line violation, ALARM mode: security alarm line switched to the ALARM mode, including \"alarm in disarming\" mode','Violation de la ligne d\'alarme de sécurité est en mode ALARME, y compris le mode \\\"l\'alarme désarmée\\\"','Violazione del ciclo di allarme, modo ALLARME - è passato al modo ALLARME, anche se è  inserito \"allarme nel caso di non messa sotto protezione\"','Violación de contactos de señalización, modo ¨ALARMA¨: contactos de señalización están en modo ¨ALARMA¨, incluso en caso si haya una función ¨alarma sin armamento¨'),(1098,'Нарушение ОШС, режим ТРЕВОГА с опцией тихая: ОШС перешел в режим ТРЕВОГА, в том числе и если стоит \"тревога при невзятии\"',2,7,NULL,NULL,'Security alarm line violation, ALARM mode with \"silent\" option: security alarm line switched to the ALARM mode, including \"alarm in disarming\" mode','Violation de la ligne d\'alarme de sécurité, le mode ALARME avec l\'option \\\"douce\\\", y compris le mode \\\"l\'alarme désarmée\\\"','Violazione del ciclo di allarme, modo ALLARME con modalità \"piano\" - è passato al modo ALLARME, anche se è  inserito \"allarme nel caso di non messa sotto protezione\"','Violación de contactos de señalización, modo ¨ALARMA¨con opción ¨silenciosa¨: contactos de señalización están en modo ¨ALARMA¨ incluso en caso si haya una función ¨alarma sin armamento¨'),(1099,'Нарушение ОШС в режиме ТРЕВОГА',2,7,NULL,NULL,'Security alarm line violation in the ALARM mode','Violation de ligne d\'alarme de sécurité dans le mode ALARME','Violazione del ciclo d\'allarme nella modalità ALARME','Violación de contactos de señalización en modo ¨ALARMA¨'),(1100,'Восстановление ОШС в режиме ТРЕВОГА',2,7,NULL,NULL,'Security alarm line recovery in ALARM mode','Restauration de la ligne d\'alarme de sécurité dans le mode ALARME','Ripristino del ciclo di allarme in modo ALLARME','Recuperación de contactos de señalización en modo ¨ALARMA¨'),(1103,'Сброс тревоги ОШС',2,7,NULL,NULL,'Reset alarm of the security alarm line','Réinitialisation de l\'alarme de la ligne d\'alarme de sécurité','Reset di allarme del ciclo di allarme','Reseteo de alarma de contactos de señalización'),(1168,'Форматирование памяти: конфигурация',6,NULL,NULL,NULL,'Memory formating: configuration','Formatage de mémoire: la configuration','Formattazione della memoria: configurazione','Formateo de memoria: configuración'),(1177,'Изменение режима работы по команде оператора: режим \"Совещание\"',6,1,NULL,NULL,'Changing the operating mode by the operator command: \"Conference\" mode','Changement du mode de fonctionement par la commande de l\'opérateur: le mode \\\"Conférence\\\"','Modifica del modo di funzionamento sull\'ordine di operatore: modo \"Riunione\"','Сambio de modo de operación por orden del operador:modo \"Conferencia\"'),(1178,'Изменение режима работы по команде ИК-пульта: режим \"Совещание\"',6,1,NULL,NULL,'Changing the operating mode by the IR-remote command: \"Conference\" mode','Changement du mode de fonctionement par la commande du pupitre de commande infrarouge: le mode \\\"Conférence\\\"','Modifica del modo di funzionamento sull\'ordine di telecomando IR: modo \"Riunione\"','Сambio de modo de operación por orden del panel decontrol remoto: modo \"Conferencia\"'),(1182,'Изменение режима работы с режима \"Охрана\" по идентификатору: режим \"Совещание\"',6,1,NULL,NULL,'Changing the operating mode from the \"Security\" mode by the identifier: \"Conference\" mode','Changement du mode de fonctionement du mode\\\"Sécurité\\\" par l\'identifiant: le mode \\\"Conférence\\\"','Modifica del modo di funzionamento dal modo \"Protezione\" sull\'identificatore: modo \"Riunione\"','Сambio de modo de operación del modo \"Seguridad\" poridentificador: modo \"Conferencia\"'),(1273,'Восстановление после неисправности контроллера 2-го уровня',6,1,NULL,NULL,'Recovery after a failure of controller of level 2','Reprise après la défaillance du contrôleur du deuxième niveau','Ripristino dopo un errore del controller del secondo livello','Recuperación después de una avería en un controladorde segundo nivel'),(1297,'Проход по идентификатору: с несоответствием текущему местоположению и с нарушением комиссионирования',1,1,NULL,NULL,'Passage with the ID: with the mismatch to the current location and with double-check access violation','Passage par identifiant: non confotmité d\'emplacement actuel et avec la violation de révérification','Passaggio sull\'identificatore: con la non conformità alla posizione corrente e con ala violazione di doppio controllo','Paso por identificador: con disconformidad con la localización corriente y con violación de confirmación doble de acceso'),(1553,'Проход по идентификатору: с несоответствием временным критериям доступа и с нарушением комиссионирования',1,1,NULL,NULL,'Passage with the ID: with the mismatch to the time access criteria and with double-check access violation','Passage par identifiant: non confotmité de critères de temps d\'accès et la violation de révérification','Passaggio sull\'identificatore: con la non conformità ai criteri temporali di accesso  e con la violazione del doppio controllo','Paso por identificador: con disconformidad con los criteriosde acceso de tiempo y en caso de denegación deconfirmación de paso de verificación y con violación de confirmación doble de acceso'),(1809,'Проход по идентификатору: несоответствие временным критериям доступа и текущему местоположению и с нарушением комиссионирования',1,1,NULL,NULL,'Passage with the ID: mismatch to the time access criteria and to the current location and with the double-check access violation','Passage par identifiant: non confotmité des critères de temps d\'accès et d\'emplacement actuel avec la violation de révérification','Passaggio sull\'identificatore: non conformità ai criteri temporali di accesso e alla posizione attuale e con la violazione del doppio controllo','Paso por identificador: disconformidad con los criterios deacceso de tiempo y localización corriente y con violaciónde confirmación doble de acceso'),(2056,'Запрет прохода: отказ в подтверждении прохода от верификации',1,1,NULL,NULL,'Passage denial: passage disaffirmance from the verification','Refus de passage: le refus de la confirmation de passage de la vérification','Passaggio bloccato: divieto autorizzazione passaggio dalla verifica','Denegación de paso: denegación de confirmación de armamento de verificación'),(2065,'Проход по идентификатору: при отказе в подтверждении прохода от верификации',1,1,NULL,NULL,'Passage with the ID: in case of failure to confirm the passage by verification','Passage par identifiant: en cas de refus de confirmation de passage de la vérification','Passaggio sull\'identificatore: manca l\'autorizzazione del passaggio della verifica','Paso por identificador: en caso de denegación deconfirmación de paso de verificación'),(2082,'Попытка взятия ОЗ (невозможно взять) по идентификатору: отказ в подтверждении взятия от верификации',2,6,NULL,NULL,'Attempt to arm the protected zone (can not be armed) by the identifier: refusal of arming confirmation from the verification','Tentative d\'activation du mode de sécurité de la zone sécurisée (impossible d\'armer) avec l\'identifiant: le refus de confirmation d\'activation du mode de sécurité de la vérification','Il tentativo di messa della Zona di protezione (non può essere messa) sull\'identificatore: il rifiuto della conferma della messa dalla verifica','Intento de armar la zona protegida(no puede ser armada)por identificador: denegación de confirmación de armamento de verificación'),(2090,'Попытка снятия ОЗ (невозможно снять) по идентификатору: отказ в подтверждении снятия от верификации',2,6,NULL,NULL,'Attempt to disarm the protected zone (can not be disarmed) by the identifier: denial of disarmour confirmation from the verification','Tentative du retrait de la protection de la zone sécurisée (impossible de désarmer) avec l\'identifiant:Retrait de la protection de vérification refusé','Il tentativo di togliere la Zona di protezione (non può essere tolta) sull\'identificatore: il rifiuto di accettazione del togliere dalla verifica','Intento de desarmar la zona protegida(no puede serdesarmada) por identificador: denegación de confirmación de armamento de verificación'),(2187,'Неисправность контроллера: часы RTC',6,NULL,NULL,NULL,'Fault of controller: RTC clock','Défaillance du contrôleur : l\'horloge temps réel (RTC)','Guasto controller: orologio RTC','Avería de un controlador: RTC reloj'),(2192,'Форматирование памяти: прошивка',6,NULL,NULL,NULL,'Memory formating: firmware','Formatage de mémoire: le logiciel','Formattazione della memoria: brocciatura','Formateo de memoria: firmware'),(2201,'Изменение режима работы по команде оператора: режим \"Закрыто\"',6,1,NULL,NULL,'Changing the operating mode by the operator command: \"Closed\" mode','Changement du mode de fonctionement  par la commande de l\'opérateur: le mode \\\"Fermé\\\"','Modifica del modo di funzionamento sull\'ordine di operatore: modo \"Chiuso\"','Сambio de modo de operación por orden del operador:modo \"Cerrado\"'),(2202,'Изменение режима работы по команде ИК-пульта: режим \"Закрыто\"',6,1,NULL,NULL,'Changing the operating mode by the IR-remote command: \"Closed\" mode','Changement du mode de fonctionement par la commande du pupitre de commande infrarouge: le mode \\\"Fermé\\\"','Modifica del modo di funzionamento sull\'ordine di telecomando IR: modo \"Chiuso\"','Сambio de modo de operación por orden del panel decontrol remoto: modo \"Cerrado\"'),(2321,'Проход по идентификатору: с несоответствием текущему местоположению и при отказе в подтверждении прохода от верификации',1,1,NULL,NULL,'Passage with the ID: with the mismatch to the current location and in case of failure to confirm the passage by verification','Passage par identifiant: non confotmité d\'emplacement actuel en cas de refus de confirmation de passage de la vérification','Passaggio sull\'identificatore: con la non conformità alla posizione attuale e nel caso di mancanza dell\'autorizzazione di passaggio da parte della verifica','Paso por identificador: con disconformidad con la localización corriente y en caso de denegación de confirmación de paso de verificación'),(2577,'Проход по идентификатору: с несоответствием временным критериям доступа и при отказе в подтверждении прохода от верификации',1,1,NULL,NULL,'Passage with the ID: with the mismatch to the time access criteria and in case of failure to confirm the passage by verification','Passage par identifiant: non confotmité de critères de temps d\'accès et le refus de confirmation de passage de la vérification','Passaggio sull\'identificatore: con la non conformità ai criteri temporali di accesso e quando manca l\'autorizzazione del passaggio della verifica','Paso por identificador: con disconformidad con los criteriosde acceso de tiempo y en caso de denegación deconfirmación de paso de verificación'),(2833,'Проход по идентификатору: несоответствие временным критериям доступа и текущему местоположению и при отказе в подтверждении прохода от верификации',1,1,NULL,NULL,'Passage with the ID: mismatch to the time access criteria and to the current location and with the failure to confirm the passage by verification','Passage par identifiant: non confotmité des critères de temps d\'accès et d\'emplacement actuel en cas de refus de confirmation de passage  de la vérification','Passaggio sull\'identificatore: non conformità ai criteri temporali di accesso  e alla posizione attuale e quando manca l\'autorizzazione del passaggio della verifica','Paso por identificador: disconformidad con los criterios deacceso de tiempo y localización corriente y en caso de denegación de confirmación de paso de verificación'),(4113,'Проход с подтверждением от ВВУ',1,1,NULL,NULL,'Passage with verification from external verification device','Passage avec la confirmation du dispositif de vérification externe','Passaggio con la conferma dal dispositivo esterno di verificazione','Paso con confirmación del dispositivo de verificación externa'),(4130,'Попытка взятия ОЗ (невозможно взять) по идентификатору: нарушение состояния ресурса ИУ',2,6,NULL,NULL,'Attempt to arm the protected zone (can not be armed) by the identifier: violation of the device resource state','Tentative d\'activation du mode de sécurité de la zone sécurisée (impossible d\'armer) avec l\'identifiant: la violation d\'état de ressource du dispositif','ll tentativo di messa della Zona di protezione (non può essere messa) sull\'identificatore: violazione dello stato delle risorse del Dispositivo esecutivo','Intento de armar la zona protegida(no puede ser armada)por identificador: violación de estatus de recurso dedispositivo'),(4149,'Попытка взятия ОЗ (невозможно взять) по команде оператора: нарушение состояния ресурса ИУ',2,6,NULL,NULL,'Attempt to arm the protected zone (can not be armed) by the operator command: violation of the device resource state','Tentative d\'activation du mode de sécurité de la zone sécurisée (impossible d\'armer) sous la commande de l\'opérateur: la violation d\'état de ressource du dispositif','Il tentativo di messa della Zona di protezione (non può essere messa) sul comando dell\'operatore: violazione dello stato di risorse del dispositivo esecutivo','Intento de armar la zona protegida(no puede ser armada)por orden del operador: violación de estatus de recurso del dispositivo'),(4235,'Неисправность контроллера: шина I2C',6,NULL,NULL,NULL,'Fault of controller: I2C wire','Défaillance du contrôleur : le fil l2C','Guasto controller: sbarra conduttrice I2C','Avería de un controlador: barra I2C'),(4240,'Форматирование памяти: текущие установки (режимы работы и т.д.)',6,NULL,NULL,NULL,'Memory formating: the current settings (operating modes, etc.)','Formatage de mémoire: les paramètres actuels (les modes de fonctionnement, etc)','Formattazione della memoria: impostazioni correnti (modalità operative, ecc)','Formateo de memoria: ajustes corrientes(modos deoperación y etc.)'),(4249,'Изменение режима работы по команде оператора: режим \"Охрана\"',6,1,NULL,NULL,'Changing the operating mode by the operator command: \"Security\" mode','Changement du mode de fonctionement par la commande de l\'opérateur: le mode \\\"Sécurité\\\"','Modifica del modo di funzionamento sull\'ordine di operatore: modo \"Protezione\"','Сambio de modo de operación por orden del operador:modo \"Seguridad\"'),(4253,'Изменение режима работы на режим \"Охрана\" по идентификатору',6,1,NULL,NULL,'Changing the operating mode to the \"Security\" mode by the identifier: \"Security\" mode','Changement du mode de fonctionement au mode \\\"Sécurité\\\" par l\'identifiant: le mode \\\"Sécurité\\\"','Modifica del modo di funzionamento a \"Protezione\" con l\'identificatore: modo \"Protezione\"','Сambio de modo de operación al modo ¨Seguridad¨ poridentificador: modo \"Seguridad\"'),(4254,'Изменение режима работы на режим \"Охрана\" по идентификатору с нарушением времени',6,1,NULL,NULL,'Changing the operating mode to the \"Security\" mode by the identifier','Changement du mode de fonctionement au mode \"Sécurité\" par l\'identifiant','Modifica del modo di funzionamento a \"Protezione\" con l\'identificatore','Сambio de modo de operación al modo ¨Seguridad¨ poridentificador'),(4255,'Изменение режима работы на режим \"Охрана\" по идентификатору с нарушением местоположения',6,1,NULL,NULL,'Changing the operating mode to the \"Security\" mode by the identifier','Changement du mode de fonctionement au mode \"Sécurité\" par l\'identifiant','Modifica del modo di funzionamento a \"Protezione\" con l\'identificatore','Сambio de modo de operación al modo ¨Seguridad¨ poridentificador'),(4256,'Изменение режима работы на режим \"Охрана\" по идентификатору с нарушением времени и местоположения',6,1,NULL,NULL,'Changing the operating mode to the \"Security\" mode by the identifier','Changement du mode de fonctionement au mode \"Sécurité\" par l\'identifiant','Modifica del modo di funzionamento a \"Protezione\" con l\'identificatore','Сambio de modo de operación al modo ¨Seguridad¨ poridentificador'),(4369,'Проход с подтверждением от ВВУ: с несоответствием текущему местоположению',1,1,NULL,NULL,'Passage with verification from external verification device: with a mismatch to current location','Passage avec la confirmation du dispositif de vérification externe: avec le non-conformité de l\'emplacement actuel','Passaggio con la conferma dall’impianto esterno di verificazione: con la mancanza della conformità con la locazione attuale','Paso con confirmación del dispositivo de verificación externa:con disconformidad a la localización corriente'),(4625,'Проход с подтверждением от ВВУ: с несоответствием временным критериям доступа',1,1,NULL,NULL,'Passage with verification from external verification device: with a mismatch to access time criteria','Passage avec la confirmation du dispositif de vérification externe: avec le non-conformité des critères d\'accès temporels','Passaggio con la conferma dall’impianto esterno di verificazione: con la mancanza della conformità con i criteri temporali d’accesso','Paso con confirmación del dispositivo de verificación externa:con disconformidad a los criterios de acceso temporales'),(4881,'Проход с подтверждением от ВВУ: с несоответствием временным критериям доступа и текущему местоположению',1,1,NULL,NULL,'Passage with verification from external verification device: with a mismatch of access time criteria and current location','Passage avec la confirmation du dispositif de vérification externe: avec le non-conformité des critères d\'accès temporels et l\'emplacement actuel','Passaggio con la conferma dall’impianto esterno di verificazione: con la mancanza della conformità con i criteri temporali d’accesso e la locazione attuale','Paso con confirmación del dispositivo de verificación externa: con disconformidad a los criterios temporales de acceso'),(5000,'Ошибка конфигурации - группа на охране или в тревоге',15,NULL,NULL,NULL,'Configuration error - group under security or in alarm','Erreur de configuration - le groupe est sous la sécurité ou en alarme','Errore di configurazione - gruppo sotto protezione o in allarme','Error de configuración - un grupo bajo seguridad o en alarma'),(5001,'Ошибка конфигурации - ресурс на охране или в тревоге',15,7,NULL,NULL,'Configuration error - resoource under security or in alarm','Erreur de configuration - la ressource est sécurisée ou en alarme','Errore di configurazione - la risorsa è sulla Protezione o in allarme','Error de configuración  - el recurso está bajo armamento o estado de alarma'),(5002,'Ошибка управления - ресурс на охране',15,7,NULL,NULL,'Management error - resource protected','Erreur de gestion - la ressource est protégéée','L\'errore di gestione - risorsa protetta','Error de administración - recurso bajo seguridad'),(5003,'Ошибка управления - ресурс ставится охрану',15,7,NULL,NULL,'Operation error - security mode for the resource is activating','Erreur de contrôle - la ressource est en cours d\'armement','Errore di operazione - la risorsa si mette alla Protezione','Error de operación - el recurso en la actualidad está en proceso de armamento'),(5004,'Ошибка управления - контроллер форматируется',15,NULL,NULL,NULL,'Operation error - controller is being formatted','Erreur de contrôle -  le contrôleur est formaté','Errore di operazione - il controller sta formattando','Error de operación - el controlador se esta formateando'),(5005,'Ошибка конфигурации - превышение максимального количества карт сотрудников',15,NULL,NULL,NULL,'Configuration error - maximum amount of employees\' cards is exceeded','Erreur de configuration - le nombre maximal de cartes d\'émployés dépasse','Errore di configurazione - il numero massimale delle card di impiegati è sovrappassato','Error de configuración  - superación de cantidad máxima de tarjetas de los empleados'),(5006,'Изменение конфигурации устройства',1,1,NULL,NULL,'Change device configuration','Changement de configuration du dispositif','Modificare configurazione del dispositivo','Cambio de configuración del dispositivo'),(5007,'Запрет прохода: неисправны датчики ИУ',1,1,NULL,NULL,'Passage denial: device sensors fault','Refus de passage: la défaillance des détecteurs du dispositif','Divieto di passaggio: i sensori del dispositivo esecutivo sono guasti','Denegación de paso: sensores del dispositivo son defectuosos'),(5008,'Запрет прохода: смена РКД',1,1,NULL,NULL,'Passage denial: access control mode change','Refus de passge: le changement du mode du contrôle d\'accès','Divieto di passaggio: cambiamento del regime di controllo accessi','Denegación de paso: cambio de modo de control de acceso'),(5009,'Запрет прохода: таймаут верификации',1,NULL,NULL,NULL,'Passage denial: verification time out','Refus de passage: la temporisation de la vérification','Divieto di passaggio: time-out di verificazione','Denegación de paso'),(5010,'Очистка событий журнала регистрации',1,NULL,NULL,NULL,'Registration log events cleaning','Suppression des événements du log','Cancellazione degli eventi del giornale di registrazione','Limpia de eventos del libro de registro'),(5011,'Ошибка записи отпечатка в контроллер',15,NULL,NULL,NULL,'Fingerptint record to the controller error','Erreur d\'enregistrement de l\'empreinte au contrôleur','Errore di registrazione della impronta nel controller','Error de registro de huella dactilar al controlador'),(5012,'Ошибка записи в базу данных контроллера',15,NULL,NULL,NULL,'Record to the controller database error','Erreur d\'enregistrement à la base de données du contrôleur','Errore di registrazione nella banca dati del controller','Error de registro al base de datos del controlador'),(5013,'Ошибка изменения сетевых параметров контроллера - включен режим DHCP',15,NULL,NULL,NULL,'Controller network parameters change error - DHCP mode is on','Erreur de changement des paramètres réseau du contrôleur - le mode DHCP est activé','Errore di cambiamento dei parametri della rete del controller - il regime DHCP è avviato','Error de cambio de parámetros de red del controlador - DHCP modo es activo'),(5100,'Дверь открыта',1,1,NULL,NULL,'The door is open','Porte est ouverte','La porta è aperta','La puerta está abierta'),(5101,'Дверь закрыта',1,1,NULL,NULL,'The door is closed','Porte est fermée','La porta è chiusa','La puerta está cerrada'),(5102,'Дверь разблокирована по команде с ПК',1,1,NULL,NULL,'Door is unlocked by signal from PC','Porte est débloquée par la commande de l\'ordinateur','La porta è sbloccata dal segnale dal PC','La puerta está desbloqueada por señal de CP'),(5103,'Дверь заблокирована  по команде с ПК',1,1,NULL,NULL,'Door is blocked by a command from PC','Porte est bloquée par la commande de l\'ordinateur','La porta è chiusa sull\'ordine dal computer','Puerta está bloqueada por comando desde'),(5104,'Отпечаток не распознан',1,1,NULL,NULL,'Fingerprint is not identified','Empreinte n\'est pas reconnue','L’impronto non è identificato','Huella dactilar no está indicado'),(5105,'Ошибка авторизации',1,1,NULL,NULL,'Authorization error','Erreur d\'autorisation','Errore di autorizzazione','Error de autorización'),(5106,'Дверь не закрыта после прохода',1,1,NULL,NULL,'The door is not closed after the passage','Porte n\'est pas fermée après le passage','La porta non è chiusa dopo il passaggio','La puerta no está cerrada después del paso'),(5107,'ИУ разблокировано',5,13,NULL,NULL,'Device unlocked','Dispositif est débloqué','Dispositivo esecutivo sbloccato','Dispositivo está desbloqueado'),(5108,'ИУ заблокировано',5,13,NULL,NULL,'Device is blocked','Dispositif est bloqué','Dispositivo esecutivo è bloccato','Dispositivo está bloqueado'),(5109,'Вход в шлюз',1,1,NULL,NULL,'Entry to a gateway','Entrée dans l\'écluse','Entrata nella chiusa','Entrada a la esclusa'),(5110,'Выход из шлюза',1,1,NULL,NULL,'Exit from a gateway','Sortie de l\'écluse','Uscita dalla chiusa','Salida de la esclusa'),(5111,'Выход из шлюза запрещён: некорректный идентификатор',1,1,NULL,NULL,'Exit from a gateway is prohibited: incorrect identifier','Sortie de l\'écluse est interdite: l\'identifiant n\'est pas valide','Uscita dalla chiusa è vietata: l\'identificatore scorretto','Salida de la esclusa está prohibida: identificador inválido'),(5112,'Выход из шлюза запрещён по команде от ДУ',1,1,NULL,NULL,'Exit from a gateway is prohibited by command from RC','Sortie de l\'écluse est interdite par la commande du pupitre de commandes','Uscita dalla chiusa è vietata sull\'ordine dal commando a distanza','Salida de la esclusa está prohibida por comando desde control remoto'),(5113,'Выход из шлюза запрещён по команде оператора ПК',1,1,NULL,NULL,'Exit from a gateway is prohibited by PC operator','Sortie de l\'écluse est interdite par la commande de l\'opérateur d\'ordinateur','Uscita dalla chiusa è vietata sull\'ordine dall\'operatore di computer','Salida de esclusa está prohibida por comando del operador del PC'),(5114,'Доступ запрещён: направление прохода заблокировано другим считывателем',1,1,NULL,NULL,'Access denied: passage directoin is blocked by another reader','Accès est interdit: la direction du passage est bloquée par d\'autre lecteur','L\'accesso vietato: la direzione di passaggio è bloccata da un altro lettore','Acceso denegado: dirección de paso está bloqueada por otro lector'),(5115,'Превышение времени пребывания в шлюзе',1,1,NULL,NULL,'Stay in a gateway overtime','Temps de présence dans l\'écluse est dépassé','Il tempo di presenza nella chiusa è sovrappassato','Exceso de tiempo de permanencia en la esclusa'),(5116,'Нарушение режима доступа в шлюз',1,1,NULL,NULL,'Violation of an access mode to gateway','Violation du mode d\'accès dans l\'écluse','Violazione del regime di accesso nella chiusa','Violación de régimen de acceso a la esclusa'),(5117,'Вход в шлюз по команде от ДУ',1,1,NULL,NULL,'Entry to a gateway by  the remote control command','Entrée dans l\'écluse par la commande du pupitre de commandes','Entrata nella chiusa sull\'ordine dal computer','Entrada a la esclusa por comando del control remoto'),(5118,'Вход в шлюз по команде оператора ПК',1,1,NULL,NULL,'Entry to a gateway by PC operator command','Entrée dans l\'écluse par la commande de l\'opérateur de l\'ordinateur','Entrata nella chiusa sull\'ordine dall\'operatore di computer','Entrada a la esclusa por comando del operador de PC'),(5119,'Выход из шлюза по команде от ДУ',1,1,NULL,NULL,'Exit from a gateway by a command from RC','Sortie de l\'écluse par la commande du pupitre de commandes','Uscita dalla chiusa sull\'ordine dal commando a distanza','Salida de la esclusa por comando del control remoto'),(5120,'Выход из шлюза по команде оператора ПК',1,1,NULL,NULL,'Exit from a gateway by a command from PC operator','Sortie de l\'écluse par la commande de l\'opérateur de l\'ordinateur','Uscita dalla chiusa sull\'ordine dall\'operatore di computer','Salida de la esclusa por comando del operador de PC'),(5121,'Выход из шлюза запрещён по команде от ДУ',1,1,NULL,NULL,'Exit from a gateway is prohibited by command from RC','Sortie de l\'écluse est interdite par la commande du pupitre de commandes','Uscita dalla chiusa è vietata sull\'ordine dal commando a distanza','Salida de la esclusa está prohibida por comando desde control remoto'),(5122,'Выход из шлюза запрещён по команде оператора ПК',1,1,NULL,NULL,'Exit from a gateway is prohibited by PC operator','Sortie de l\'écluse est interdite par la commande de l\'opérateur d\'ordinateur','Uscita dalla chiusa è vietata sull\'ordine dall\'operatore di computer','Salida de esclusa está prohibida por comando del operador del PC'),(5123,'Превышение времени пребывания в шлюзе',1,1,NULL,NULL,'Stay in a gateway overtime','Temps de présence dans l\'écluse est dépassé','Il tempo di presenza nella chiusa è sovrappassato','Exceso de tiempo de permanencia en la esclusa'),(5124,'Нарушение режима доступа в шлюз',1,1,NULL,NULL,'Violation of an access mode to gateway','Violation du mode d\'accès dans l\'écluse','Violazione del regime di accesso nella chiusa','Violación de régimen de acceso a la esclusa'),(5200,'Проход через мобильный терминал',1,1,NULL,NULL,'Passage through a mobile terminal','Passage par le terminal mobile','Passaggio a traverso il terminale mobile','Paso a través de terminal móvil'),(5201,'Запрет прохода через мобильный терминал: нарушение времени',1,1,NULL,NULL,'Passage denial from mobile terminal: time violation','Запрет прохода через мобильный терминал: нарушение времени','Запрет прохода через мобильный терминал: нарушение времени','Запрет прохода через мобильный терминал: нарушение времени'),(5202,'Проход без медицинской маски',1,1,NULL,NULL,'Passage without a medical mask','Passage sans masque médical','Passaggio senza maschera medica','Passage without a medical mask'),(5203,'Проход с повышенной температурой ',1,1,NULL,NULL,'Passage with high temperature','Passage à haute température','Passaggio ad alta temperatura','Paso con alta temperatura'),(5300,'Сигнал потерян',17,NULL,NULL,NULL,'Signal lost','Signal lost','Signal lost','Signal lost'),(5301,'Сигнал восстановлен',17,NULL,NULL,NULL,'Signal restored','Signal restored','Signal restored','Signal restored'),(5302,'Обнаружено возгорание',17,NULL,NULL,NULL,'Fire detected','Fire detected','Fire detected','Fire detected'),(5303,'Обнаружен задымление',17,NULL,NULL,NULL,'Smoke detected','Smoke detected','Smoke detected','Smoke detected'),(5304,'Возгорание прекращено',17,NULL,NULL,NULL,'Fire stopped','Fire stopped','Fire stopped','Fire stopped'),(5305,'Задымление прекращено',17,NULL,NULL,NULL,'Smoke stopped','Smoke stopped','Smoke stopped','Smoke stopped'),(5306,'Обнаружено лицо',17,NULL,NULL,NULL,'Face detected','Face detected','Face detected','Face detected'),(5307,'Обнаружен оставленный предмет',17,NULL,NULL,NULL,'Item missing','Item missing','Item missing','Item missing'),(5308,'Обнаружена группа людей',17,NULL,NULL,NULL,'People detected','People detected','People detected','People detected'),(5309,'Обнаружено вторжение',17,NULL,NULL,NULL,'Intrusion detected','Intrusion detected','Intrusion detected','Intrusion detected'),(5310,'Огнестрельное оружие',17,NULL,NULL,NULL,'Gunshot','Gunshot','Gunshot','Gunshot'),(5311,'Взрыв',17,NULL,NULL,NULL,'Explosion','Explosion','Explosion','Explosion'),(5312,'Разбитие стекла',17,NULL,NULL,NULL,'Glassbreak','Glassbreak','Glassbreak','Glassbreak'),(5313,'Скопление людей',17,NULL,NULL,NULL,'Gathering','Gathering','Gathering','Gathering'),(5314,'Обнаружен крик',17,NULL,NULL,NULL,'Scream detected','Scream detected','Scream detected','Scream detected'),(5404,'Помеха',18,NULL,NULL,NULL,'Помеха','Помеха','Помеха','Помеха'),(5406,'Помеха устранена',18,NULL,NULL,NULL,'Помеха устранена','Помеха устранена','Помеха устранена','Помеха устранена'),(5409,'Активация устройства дистанционного пуска',18,NULL,NULL,NULL,'Активация устройства дистанционного пуска','Активация устройства дистанционного пуска','Активация устройства дистанционного пуска','Активация устройства дистанционного пуска'),(5410,'Восстановление устройства дистанционного пуска',18,NULL,NULL,NULL,'Восстановление устройства дистанционного пуска','Восстановление устройства дистанционного пуска','Восстановление устройства дистанционного пуска','Восстановление устройства дистанционного пуска'),(5417,'Неудачное взятие на охрану',18,NULL,NULL,NULL,'Неудачное взятие на охрану','Неудачное взятие на охрану','Неудачное взятие на охрану','Неудачное взятие на охрану'),(5418,'Предъявлен код принуждения',18,NULL,NULL,NULL,'Предъявлен код принуждения','Предъявлен код принуждения','Предъявлен код принуждения','Предъявлен код принуждения'),(5419,'Тест извещателя',18,NULL,NULL,NULL,'Тест извещателя','Тест извещателя','Тест извещателя','Тест извещателя'),(5420,'Включение тестирования',18,NULL,NULL,NULL,'Включение тестирования','Включение тестирования','Включение тестирования','Включение тестирования'),(5421,'Выключение тестирования',18,NULL,NULL,NULL,'Выключение тестирования','Выключение тестирования','Выключение тестирования','Выключение тестирования'),(5422,'Восстановление контроля входа',18,NULL,NULL,NULL,'Восстановление контроля входа','Восстановление контроля входа','Восстановление контроля входа','Восстановление контроля входа'),(5423,'Задержка взятия',18,NULL,NULL,NULL,'Задержка взятия','Задержка взятия','Задержка взятия','Задержка взятия'),(5424,'Взятие зоны на охрану',18,6,NULL,NULL,'Взятие входа на охрану','Взятие входа на охрану','Взятие входа на охрану','Взятие входа на охрану'),(5434,'Идентификация пользователя',18,NULL,NULL,NULL,'Идентификация пользователя','Идентификация пользователя','Идентификация пользователя','Идентификация пользователя'),(5437,'Пожарная тревога',18,NULL,NULL,NULL,'Fire alarm','Fire alarm','Fire alarm','Fire alarm'),(5439,'Восстановление нормы оборудования',18,NULL,NULL,NULL,'Восстановление нормы оборудования','Восстановление нормы оборудования','Восстановление нормы оборудования','Восстановление нормы оборудования'),(5441,'Неисправность оборудования',18,NULL,NULL,NULL,'Неисправность оборудования','Неисправность оборудования','Неисправность оборудования','Неисправность оборудования'),(5444,'Опасность пожара',18,NULL,NULL,NULL,'Опасность пожара','Опасность пожара','Опасность пожара','Опасность пожара'),(5445,'Обрыв входа',6,NULL,NULL,NULL,'Обрыв входа','Обрыв входа','Обрыв входа','Обрыв входа'),(5446,'Обрыв двухпроводной линии связи',6,NULL,NULL,NULL,'Обрыв двухпроводной линии связи','Обрыв двухпроводной линии связи','Обрыв двухпроводной линии связи','Обрыв двухпроводной линии связи'),(5447,'Восстановление двухпроводной линии связи',6,NULL,NULL,NULL,'Восстановление двухпроводной линии связи','Восстановление двухпроводной линии связи','Восстановление двухпроводной линии связи','Восстановление двухпроводной линии связи'),(5490,'Неисправность канала связи',6,NULL,NULL,NULL,'Неисправность канала связи','Неисправность канала связи','Неисправность канала связи','Неисправность канала связи'),(5491,'Восстановление канала связи',6,NULL,NULL,NULL,'Восстановление канала связи','Восстановление канала связи','Восстановление канала связи','Восстановление канала связи'),(5509,'Снятие зоны с охраны',18,6,NULL,NULL,'Снятие входа с охраны','Снятие входа с охраны','Снятие входа с охраны','Снятие входа с охраны'),(5510,'Сброс тревоги',18,NULL,NULL,NULL,'Сброс тревоги','Сброс тревоги','Сброс тревоги','Сброс тревоги'),(5517,'Восстановление снятого входа',18,NULL,NULL,NULL,'Восстановление снятого входа','Восстановление снятого входа','Восстановление снятого входа','Восстановление снятого входа'),(5518,'Тревога входной зоны',18,NULL,NULL,NULL,'Тревога входной зоны','Тревога входной зоны','Тревога входной зоны','Тревога входной зоны'),(5519,'Нарушение снятого входа',18,NULL,NULL,NULL,'Нарушение снятого входа','Нарушение снятого входа','Нарушение снятого входа','Нарушение снятого входа'),(5521,'Обрыв выхода',6,NULL,NULL,NULL,'Обрыв выхода','Обрыв выхода','Обрыв выхода','Обрыв выхода'),(5522,'Короткое замыкание выхода',6,NULL,NULL,NULL,'Короткое замыкание выхода','Короткое замыкание выхода','Короткое замыкание выхода','Короткое замыкание выхода'),(5523,'Восстановление выхода',6,NULL,NULL,NULL,'Восстановление выхода','Восстановление выхода','Восстановление выхода','Восстановление выхода'),(5526,'Потеря связи с выходом',6,NULL,NULL,NULL,'Потеря связи с выходом','Потеря связи с выходом','Потеря связи с выходом','Потеря связи с выходом'),(5527,'Восстановление связи с выходом',6,NULL,NULL,NULL,'Восстановление связи с выходом','Восстановление связи с выходом','Восстановление связи с выходом','Восстановление связи с выходом'),(5528,'Изменение состояния выхода',18,NULL,NULL,NULL,'Изменение состояния выхода','Изменение состояния выхода','Изменение состояния выхода','Изменение состояния выхода'),(5530,'Включение насоса',18,NULL,NULL,NULL,'Включение насоса','Включение насоса','Включение насоса','Включение насоса'),(5531,'Выключение насоса',18,NULL,NULL,NULL,'Включение насоса','Включение насоса','Включение насоса','Включение насоса'),(5536,'Восстановление напряжения питания',18,NULL,NULL,NULL,'Восстановление напряжения питания','Восстановление напряжения питания','Восстановление напряжения питания','Восстановление напряжения питания'),(5537,'Пуск',18,NULL,NULL,NULL,'Пуск','Пуск','Пуск','Пуск'),(5539,'Неудачный пуск АУП',18,NULL,NULL,NULL,'Неудачный пуск АУП','Неудачный пуск АУП','Неудачный пуск АУП','Неудачный пуск АУП'),(5541,'Задержка пуска АУП',18,NULL,NULL,NULL,'Задержка пуска АУП','Задержка пуска АУП','Задержка пуска АУП','Задержка пуска АУП'),(5542,'Автоматика АУП выключена',18,NULL,NULL,NULL,'Автоматика АУП выключена','Автоматика АУП выключена','Автоматика АУП выключена','Автоматика АУП выключена'),(5543,'Отмена пуска АУП',18,NULL,NULL,NULL,'Отмена пуска АУП','Отмена пуска АУП','Отмена пуска АУП','Отмена пуска АУП'),(5544,'Тушение АУП',18,NULL,NULL,NULL,'Тушение АУП','Тушение АУП','Тушение АУП','Тушение АУП'),(5545,'Аварийный пуск АУП',18,NULL,NULL,NULL,'Аварийный пуск АУП','Аварийный пуск АУП','Аварийный пуск АУП','Аварийный пуск АУП'),(5546,'Пуск АУП',18,NULL,NULL,NULL,'Пуск АУП','Пуск АУП','Пуск АУП','Пуск АУП'),(5547,'Блокировка пуска АУП',18,NULL,NULL,NULL,'Блокировка пуска АУП','Блокировка пуска АУП','Блокировка пуска АУП','Блокировка пуска АУП'),(5548,'Автоматика АУП включена',18,NULL,NULL,NULL,'Автоматика АУП включена','Автоматика АУП включена','Автоматика АУП включена','Автоматика АУП включена'),(5550,'Пуск речевого оповещения',18,NULL,NULL,NULL,'Пуск речевого оповещения','Пуск речевого оповещения','Пуск речевого оповещения','Пуск речевого оповещения'),(5551,'Отмена пуска речевого оповещения',18,NULL,NULL,NULL,'Отмена пуска речевого оповещения','Отмена пуска речевого оповещения','Отмена пуска речевого оповещения','Отмена пуска речевого оповещения'),(5553,'ИУ в рабочем состоянии',6,NULL,NULL,NULL,'ИУ в рабочем состоянии','ИУ в рабочем состоянии','ИУ в рабочем состоянии','ИУ в рабочем состоянии'),(5554,'ИУ в исходном состоянии',6,NULL,NULL,NULL,'ИУ в исходном состоянии','ИУ в исходном состоянии','ИУ в исходном состоянии','ИУ в исходном состоянии'),(5555,'Отказ ИУ',6,NULL,NULL,NULL,'Отказ ИУ','Отказ ИУ','Отказ ИУ','Отказ ИУ'),(5556,'Ошибка ИУ',6,NULL,NULL,NULL,'Ошибка ИУ','Ошибка ИУ','Ошибка ИУ','Ошибка ИУ'),(5558,'Восстановление внутренней зоны',18,NULL,NULL,NULL,'Восстановление внутренней зоны','Восстановление внутренней зоны','Восстановление внутренней зоны','Восстановление внутренней зоны'),(5559,'Задержка пуска речевого оповещения',18,NULL,NULL,NULL,'Задержка пуска речевого оповещения','Задержка пуска речевого оповещения','Задержка пуска речевого оповещения','Задержка пуска речевого оповещения'),(5561,'Останов задержки пуска АУП',18,NULL,NULL,NULL,'Останов задержки пуска АУП','Останов задержки пуска АУП','Останов задержки пуска АУП','Останов задержки пуска АУП'),(5587,'Потеря связи с входом',6,NULL,NULL,NULL,'Потеря связи с входом','Потеря связи с входом','Потеря связи с входом','Потеря связи с входом'),(5588,'Восстановление связи со входом',6,NULL,NULL,NULL,'Восстановление связи со входом','Восстановление связи со входом','Восстановление связи со входом','Восстановление связи со входом'),(5589,'Потеря связи в двухпроводной линии',6,NULL,NULL,NULL,'Потеря связи в двухпроводной линии','Потеря связи в двухпроводной линии','Потеря связи в двухпроводной линии','Потеря связи в двухпроводной линии'),(5591,'Восстановление связи в двухпроводной линии',6,NULL,NULL,NULL,'Восстановление связи в двухпроводной линии','Восстановление связи в двухпроводной линии','Восстановление связи в двухпроводной линии','Восстановление связи в двухпроводной линии'),(5592,'Отключение выходного напряжения',6,NULL,NULL,NULL,'Отключение выходного напряжения','Отключение выходного напряжения','Отключение выходного напряжения','Отключение выходного напряжения'),(5593,'Подключение выходного напряжения',6,NULL,NULL,NULL,'Подключение выходного напряжения','Подключение выходного напряжения','Подключение выходного напряжения','Подключение выходного напряжения'),(5594,'Перегрузка источника питания',6,NULL,NULL,NULL,'Перегрузка источника питания','Перегрузка источника питания','Перегрузка источника питания','Перегрузка источника питания'),(5595,'Перегрузка источника устранена',6,NULL,NULL,NULL,'Перегрузка источника устранена','Перегрузка источника устранена','Перегрузка источника устранена','Перегрузка источника устранена'),(5600,'Восстановление батареи',6,NULL,NULL,NULL,'Восстановление батареи','Восстановление батареи','Восстановление батареи','Восстановление батареи'),(5602,'Неисправность батареи',6,NULL,NULL,NULL,'Неисправность батареи','Неисправность батареи','Неисправность батареи','Неисправность батареи'),(5603,'Перезапуск устройства',6,NULL,NULL,NULL,'Перезапуск устройства','Перезапуск устройства','Перезапуск устройства','Перезапуск устройства'),(5604,'Требуется обслуживание',6,NULL,NULL,NULL,'Требуется обслуживание','Требуется обслуживание','Требуется обслуживание','Требуется обслуживание'),(5611,'Разряд батареи',6,NULL,NULL,NULL,'Разряд батареи','Разряд батареи','Разряд батареи','Разряд батареи'),(5613,'Восстановление батареи',6,NULL,NULL,NULL,'Восстановление батареи','Восстановление батареи','Восстановление батареи','Восстановление батареи'),(5614,'Короткое замыкание входа',6,NULL,NULL,NULL,'Короткое замыкание входа','Короткое замыкание входа','Короткое замыкание входа','Короткое замыкание входа'),(5615,'Короткое замыкание двухпроводной линии связи',6,NULL,NULL,NULL,'Короткое замыкание двухпроводной линии связи','Короткое замыкание двухпроводной линии связи','Короткое замыкание двухпроводной линии связи','Короткое замыкание двухпроводной линии связи'),(5616,'Сработка датчика',18,NULL,NULL,NULL,'Сработка датчика','Сработка датчика','Сработка датчика','Сработка датчика'),(5617,'Отключение линии связи RS-485',6,NULL,NULL,NULL,'Отключение линии связи RS-485','Отключение линии связи RS-485','Отключение линии связи RS-485','Отключение линии связи RS-485'),(5618,'Восстановление линии связи RS-485',6,NULL,NULL,NULL,'Восстановление линии связи RS-485','Восстановление линии связи RS-485','Восстановление линии связи RS-485','Восстановление линии связи RS-485'),(5622,'Повышение напряжения двухпроводной линии связи',6,NULL,NULL,NULL,'Повышение напряжения двухпроводной линии связи','Повышение напряжения двухпроводной линии связи','Повышение напряжения двухпроводной линии связи','Повышение напряжения двухпроводной линии связи'),(5637,'Снято с охраны под принуждением',18,NULL,NULL,NULL,'Снято с охраны под принуждением','Снято с охраны под принуждением','Снято с охраны под принуждением','Снято с охраны под принуждением'),(5641,'Поставлено на охрану',18,NULL,NULL,NULL,'Поставлено на охрану','Поставлено на охрану','Поставлено на охрану','Поставлено на охрану'),(5642,'Снято с охраны',18,NULL,NULL,NULL,'Снято с охраны','Снято с охраны','Снято с охраны','Снято с охраны'),(8209,'Проход с подтверждением от ПДУ/верификации',1,1,NULL,NULL,'Passage with the confirmation from remote control/verification','Passage avec la confirmation du pupitre de commandes / de vérification','Passaggio con la conferma dal comando di controllo remoto / dalla verifica','Paso con confirmación del control remoto/verificación'),(8226,'Попытка взятия ОЗ (невозможно взять) по идентификатору: нарушение состояния ресурса ШС (если стоит \"снять при невзятии\")',2,6,NULL,NULL,'Attempt to arm the protected zone (can not be armed) by the identifier: violation of the alarm line resource state (in \"disarming\" mode)','Tentative d\'activation du mode de sécurité de la zone sécurisée (impossible d\'armer) avec l\'identifiant: la violation d\'état de ligne d\'alarme (dans le mode \\\"désarmer\\\")','ll tentativo di messa della Zona di protezione (non può essere messa) sull\'identificatore: violazione dello stato delle risorse del cicli di allarme (se è inserito \"togliere nel caso di non messa\")','Intento de armar la zona protegida(no puede ser armada)por identificador: violación de estatus de recurso de Contactos de señalización( si está en ¨desarmar sin armamento¨)'),(8245,'Попытка взятия ОЗ (невозможно взять) по команде оператора: нарушение состояния ресурса ШС (если стоит \"снять при невзятии\")',2,6,NULL,NULL,'Attempt to arm the protected zone (can not be armed) by the operator command: violation of the alarm line resource state (in \"disarming\" mode)','Tentative d\'activation du mode de sécurité de la zone sécurisée (impossible d\'armer) par la commande de l\'opérateur: la violation d\'état de la ligne de sécurité (dans le mode \\\"retrait de la protection\\\")','Il tentativo di messa della Zona di protezione (non può essere messa) sul comando dell\'operatore: violazione dello stato del ciclo di allarme (se è inserito \"togliere nel caso di non messa\")','Intento de armar la zona protegida(no puede ser armada)por orden del operador: violación de estatus de recurso del dispositivo: violación de estatus de recurso de contactos de señalización ( si está en ¨desarmar sin armamento¨)'),(8465,'Проход с подтверждением от ПДУ/верификации: с несоответствием текущему местоположению',1,1,NULL,NULL,'Passage with the confirmation from remote control/verification: with the mismatch to the current location','Passage avec confirmation du pupitre de commandes / de vérification: avec le non-conformité de l\'emplacement actuel','Passaggio con la conferma dal comando di controllo remoto / dalla verifica: con la non conformità con la posizione attuale','Paso con verificación de control remoto: disconformidad a la localización corriente'),(8721,'Проход с подтверждением от ПДУ/верификации: с несоответствием временным критериям доступа',1,1,NULL,NULL,'Passage with the confirmation from remote control/verification: with the mismatch to the time access criteria','Passage avec la confirmation du pupitre de commandes / de vérification: avec le décalage des critères d\'accès de temps','Passaggio con la conferma dal comando di controllo remoto / dalla verifica: con la non conformità con i criteri di tempo di accesso','Paso con confirmación del control remoto/verificación: con discrepancia a los criterios de tiempo temporales'),(8977,'Проход с подтверждением от ПДУ/верификации: с несоответствием временным критериям доступа и текущему местоположению',1,1,NULL,NULL,'Passage with the confirmation from remote control/verification: with the mismatch of the access criteria to the current location','Passage avec la confirmation du pupitre de commandes / de vérification: avec non conformité  des critères d\'accès à l\'emplacement actuel','Passaggio con la conferma dal comando di controllo remoto / dalla verifica: non conformità con i criteri di tempo di accesso e con la posizione attuale','Paso con confirmación del control remoto/verificación: con discrepancia a los criterios de tiempo temporales y localizacióncorriente'),(12305,'Проход с подтверждением от ВВУ и далее ПДУ/верификации',1,1,NULL,NULL,'Passage with verification from external verification device and further RCP/verification','Passage avec la vérification du dispositif externe de vérification et après du pupitre de commandes/vérification','Passaggio con la conferma dall’impianto esterno di verificazione e la seguente verificazione dal quadro di comando','Paso con confirmación del dispositivo de verificación externa:y luego del panel de control remoto/verificación'),(12561,'Проход с подтверждением от ВВУ и далее ПДУ/верификации: с несоответствием текущему местоположению',1,1,NULL,NULL,'Passage with verification from external verification device and further RCP/verification: with a mismatch to current location','Passage avec la vérification du dispositif externe de vérification et après du pupitre de commandes/vérification: avec le non-conformité de l\'emplacement actuel','Passaggio con la conferma dall’impianto esterno di verificazione e la seguente verificazione dal quadro di comando: con la mancanza della conformità con la locazione attuale','Paso con confirmación del dispositivo de verificación externa:y luego del panel de control remoto/verificación: con disconformidad a la localización corriente'),(12817,'Проход с подтверждением от ВВУ и далее ПДУ/верификации: с несоответствием временным критериям доступа',1,1,NULL,NULL,'Passage with verification from external verification device and further RCP/verification: with a mismatch to access time criteria','Passage avec la vérification du dispositif externe de vérification et après du pupitre de commandes/vérification: avec le non-conformité des critères temporaires d\'accès','Passaggio con la conferma dall’impianto esterno di verificazione e la seguente verificazione dal quadro di comando: con la mancanza della conformità con i criteri temporali d’accesso','Paso con confirmación del dispositivo de verificación externa:y luego del panel de control remoto/verificación: con disconformidad a los criterios temporales de acceso'),(13073,'Проход с подтверждением от ВВУ и далее ПДУ/верификации: с несоответствием временным критериям доступа и текущему местоположению',1,1,NULL,NULL,'Passage with verification from external verification device and further RCP/verification: with a mismatch to  access time criteria and current location','Passage avec la vérification du dispositif externe de vérification et après du pupitre de commandes/vérification: avec le décalage des critères temporaires d\'accès et l\'mplacement actuel','Passaggio con la conferma dall’impianto esterno di verificazione e la seguente verificazione dal quadro di comando: con la mancanza della conformità con i criteri temporali d’accesso e la locazione attuale','Paso con confirmación del dispositivo de verificación externa:y luego del panel de control remoto/verificación: con disconformidad a los criterios temporales de acceso y la localización corriente'),(14000,'Соединение с контроллером установлено',9,NULL,NULL,NULL,'Connection with the controller is made','Connexion avec le contrôleur est établie','Il collegamento col controller è stabilito','Conexión con controlador está establecida'),(14001,'Соединение с контроллером разорвано',9,NULL,NULL,NULL,'Connection with the controller is broken','Connexion avec le contrôleur est interrompue','Il collegamento col controller è interrotto','Conexión con controlador está desconectada'),(14002,'Сессия с контроллером открыта',9,NULL,NULL,NULL,'Session with the controller is open','Session avec le contrôleur est ouverte','La sessione con il controller è aperta','Sesión con controlador está abierta'),(14003,'Объект контроллер создан',9,NULL,NULL,NULL,'Object controller is created','Objet le contrôleur est créé','Oggetto controller è creato','Objeto controlador está creado'),(14004,'Объект контроллер удалён',9,NULL,NULL,NULL,'Object controller is deleted','Objet le contrôleur est éliminé','Oggetto controller è eliminato','Objeto controlador está eliminado'),(14005,'Сессия с контроллером не установлена и контроллер деактивирован: неверный пароль',9,NULL,NULL,NULL,'Session with controller is not installed and controller is deactivated: invalid password','Session avec le contrôleur n\'est pas installée et le contrôleur est désactivé: le mot de passe est invalide','Sessione con il controller non è stabilita e il controller è disattivato: la password è sbagliata','Seccíon con controlador no está instalada y controlador estádesactivada: contraseña incorrecta'),(14050,'Соединение с базой данных установлено',12,NULL,NULL,NULL,'Connection with the database is made','Connexion avec la base de données est établie','La connessione alla banca dati è stabilita','Conexión con base de datos está establecida'),(14051,'Соединение с базой данных разорвано',12,NULL,NULL,NULL,'Connection with the database is broken','Connexion avec la base de données est interrompue','La connessione alla banca dati è interrotta','Conexión con base de datos está desconectada'),(14100,'Соединение с web-сервером установлено',12,NULL,NULL,NULL,'Connection with the web-server is made','Connexion avec le serveur web est établie','Il collegamento col web-server è stabilito','Conexión con servidor web está establecida'),(14101,'Соединение с web-сервером разорвано',12,NULL,NULL,NULL,'Connection with the web-server is broken','Connexion avec le serveur web est coupée','Il collegamento col web-server è interrotto','Conexión con sevidor web está desconectada'),(14280,'Сервер оборудования запущен',12,NULL,NULL,NULL,'Equipment server is started','Serveur d\'équipement est démaré','Server dell\'impianto è lanciato','Servidor del equipo está puesta en marcha'),(14281,'Сервер оборудования остановлен',12,NULL,NULL,NULL,'Equipment server is stopped','Serveur d\'équipement est arrêté','Server dell\'impianto è fermato','Servidor del equipo está parado'),(14282,'Заканчивается место на диске',12,15,NULL,NULL,'Заканчивается место на диске','Заканчивается место на диске','Заканчивается место на диске','Заканчивается место на диске'),(15000,'Попытка ввода лицензионного ключа',13,11,NULL,NULL,'Attempt entering a license key','Essai de saisie  de la clé de licence','Il tentativo di inserimento della chiave di licenza','Intento de introducción de una llave licenciada'),(15001,'Попытка обновления лицензий',13,11,NULL,NULL,'Trial to update the licenses','Tentative de mise à jour des licences','Tentativo di renovare le licenze','Intento de actualización de licencias'),(15002,'Установлен новый шаблон',6,NULL,NULL,NULL,'New template installed','New template installed','New template installed','New template installed'),(15003,'Изменение конфигурации входа',6,4,NULL,NULL,'Change input configuration','Change input configuration','Change input configuration','Change input configuration'),(15004,'Изменение конфигурации выхода',6,5,NULL,NULL,'Change ouput configuration','Change ouput configuration','Change ouput configuration','Change ouput configuration'),(16000,'Установить РКД «Открыто»: Выполнено',14,1,NULL,NULL,'Set the access control mode \"Open\": Done','Etablir le mode de contrôle d\'accès \\\"Ouvert\\\": Accompli','Installare la modalità di accesso «Aperto»: Eseguito','Instalar modo de control de acceso ¨Abierto¨ : Hecho'),(16001,'Установить РКД «Контроль»: Выполнено',14,1,NULL,NULL,'Set the access control mode \"Control\": Done','Etablir le mode de contrôle d\'accès \\\"Contrôle\\\": Accompli','Installare la modalità di accesso «Controllo»: Eseguito','Instalar modo de control de acceso ¨Control¨ : Hecho'),(16002,'Установить РКД «Совещание»: Выполнено',14,1,NULL,NULL,'Set the access control mode \"Meeting\": Done','Etablir le mode de contrôle d\'accès \\\"Conférence\\\": Accompli','Installare la modalità di accesso «Incontro»: Eseguito','Instalar modo de control de acceso ¨Conferencia¨ : Hecho'),(16003,'Установить РКД «Закрыто»: Выполнено',14,1,NULL,NULL,'Set the access control mode \"Closed\": Done','Etablir le mode de contrôle d\'accès \\\"Fermé\\\": Accompli','Installare la modalità di accesso «Chiuso»: Eseguito','Instalar modo de control de acceso ¨Cerrado¨ : Hecho'),(16004,'Установить РКД «Открыто»: Не выполнено',14,1,NULL,NULL,'Set the access control mode \"Open\": Not done','Etablir le mode de contrôle d\'accès \\\"Ouvert\\\": Pas accompli','Installare la modalità di accesso «Aperto»: Non  eseguito','Instalar modo de control de acceso ¨Abierto¨ : No hecho'),(16005,'Установить РКД «Контроль»: Не выполнено',14,1,NULL,NULL,'Set the access control mode \"Control\": Not done','Etablir le mode de contrôle d\'accès \\\"Contrôle\\\": Pas accompli','Installare la modalità di accesso «Controllo»: Non eseguito','Instalar modo de control de acceso ¨Control¨ : No hecho'),(16006,'Установить РКД «Совещание»: Не выполнено',14,1,NULL,NULL,'Set the access control mode \"Meeting\": Not done','Etablir le mode de contrôle d\'accès \\\"Conférence\\\": Pas accompli','Installare la modalità di accesso «Incontro»: Non eseguito','Instalar modo de control de acceso ¨Conferencia¨ : No hecho'),(16007,'Установить РКД «Закрыто»: Не выполнено',14,1,NULL,NULL,'Set the access control mode \"Closed\": Not done','Etablir le mode de contrôle d\'accès \\\"Fermé\\\": Pas accompli','Installare la modalità di accesso «Chiuso»: Non eseguito','Instalar modo de control de acceso ¨Cerrado¨ : No hecho'),(16010,'Открыть (разблокировать) ИУ: Выполнено',14,1,NULL,NULL,'Open (unlock) the device: implemented','Ouvrir (débloquer) le dispositif: Accompli','Aprire (sbloccare) il dispositivo esecutivo: Eseguito','Abrir(desbloquear) el dispositivo: cumplido'),(16011,'Закрыть (заблокировать) ИУ: Выполнено',14,1,NULL,NULL,'Close (block) the device: Implemented','Fermer (débloquer) le dispositif: Accompli','Chiudere (bloccare) il dispositivo esecutivo: Eseguito','Cerrar(bloquear) el dispositivo: cumplido'),(16012,'Открыть (разблокировать) ИУ: Не выполнено',14,1,NULL,NULL,'Open (unlock) the device: Not implemented','Ouvrir (débloquer) le dispositif: N\'est pas accompli','Aprire (sbloccare) il dispositivo esecutivo: Non eseguito','Abrir(desbloquear) el dispositivo: no cumplido'),(16013,'Закрыть (заблокировать) ИУ: Не выполнено',14,1,NULL,NULL,'Close (block) the device: implemented','Fermer (bloquer) le dispositif: N\'est pas accompli','Chiudere (bloccare) il dispositivo esecutivo: Non eseguito','Abrir(bloquear) el dispositivo: no cumplido'),(16020,'Нормализовать выход: Выполнено',14,5,NULL,NULL,'Normalize output: Implemented','Normaliser la sortie: Accompli','Normalizzare uscita: Eseguito','Normalizar salida: Hecho'),(16021,'Активизировать выход: Выполнено',14,5,NULL,NULL,'Activate output: Done','Activer la sortie: Accompli','Attivare uscita: Eseguito','Activar entrada: Hecho'),(16022,'Нормализовать выход: Не выполнено',14,5,NULL,NULL,'Normalize output: Not done','Normaliser la sortie: Pas accompli','Normalizzare uscita: Non eseguito','Normalizar salida: No hecho'),(16023,'Активизировать выход: Не выполнено',14,5,NULL,NULL,'Activate output: Not done','Activer la sortie: Pas accompli','Attivare l\'uscita: Non eseguito','Activar salida: No hecho'),(16030,'Сбросить тревогу: Выполнено',14,2,NULL,NULL,'Reset the alarm: Implemented','Réinitialiser l\'alarme: Accompli','Resettare l\'allarme: Eseguito','Resetear la alarma: cumplido'),(16031,'Поднять тревогу: Выполнено',14,2,NULL,NULL,'Raise the alarm: Done','Donner l\'alarme: Accompli','Scattare l\'allarme: Eseguito','Dar la señal de alarma: cumplido'),(16032,'Сбросить тревогу: Не выполнено',14,2,NULL,NULL,'Reset the alarm: Not done','Réinitialiser l\'alarme: Pas effectué','Resettare l\'allarme: Non eseguito','Resetear alarma: no cumplido'),(16033,'Поднять тревогу: Не выполнено',14,2,NULL,NULL,'Raise the alarm: Not done','Désarmement: Pas effectué','Scattare l\'allarme: Non eseguito','Dar la señal de alarma: no cumplido'),(16040,'Снять тревогу с зоны: Выполнено',14,6,NULL,NULL,'To turn off the alarm: Done','Désactiver l\'alarme de la zone: Accompli','Revocare l\'allarme dalla zona: Eseguito','Desarmar la zona: cumplido'),(16041,'Снять тревогу с зоны: Не выполнено',14,6,NULL,NULL,'To remove the alarm from the zone failed','Désactiver l\'alarme de la zone: N\'est pas accompli','Togliere l’allarme dalla zona: non eseguito','Desactivar la alarma: No cumplido'),(16050,'Снять зону с охраны: Выполнено',14,6,NULL,NULL,'To disarm the area: Done','Désarmer la zone: Accompli','Revocare la zona dalla protezione: Eseguito','Desarmar la seguridad: cumplido'),(16051,'Поставить зону на охрану: Выполнено',14,6,NULL,NULL,'To arm the zone: Done','Armer la zone: Accompli','Mettere la zona sotto protezione: Eseguito','Armar la zona: cumplido'),(16052,'Снять зону с охраны: Не выполнено',14,6,NULL,NULL,'To arm the zone: Not done','Desarmer la zone: N\'est pas accompli','Togliere la protezione della zona: non eseguito','Desarmar la zona: No cumplido'),(16053,'Поставить зону на охрану: Не выполнено',14,6,NULL,NULL,'To arm the zone: Not done','Armer la zone: N\'est pas accompli','Mettere la zona alla protezione: non eseguito','Armar la zona: No cumplido'),(16055,'Очистить пространственные зоны для идентификаторов: Выполнено',14,2,NULL,NULL,'Clear the space zone for identifiers:  Done','Effacer les zones d\'espace pour les identifiants: Accompli','Liberare le zone di spazio per gli identificatori: Eseguito','Limpiar zonas espaciosas para los identificadores: cumplido'),(16056,'Очистить пространственные зоны для идентификаторов: Не выполнено',14,2,NULL,NULL,'Clear the space zone for identifiers:  Done','Nettoyer les zones d\'espace pour les identifiants: N\'est pas accompli','Liberare le zone spaziale per identificatori: non eseguito','Limpiar zonas espaciosas para los identificadores: No cumplido'),(65536,'Верификация: проход посетителя',11,1,NULL,NULL,'Verification: visitor\'s passage','Vérification: le passage du visiteur','Verificazione: il passaggio di visitatore','Verificación: paso de visitante'),(65537,'Верификация: проход посетителя и нарушение времени',11,1,NULL,NULL,'Verification: the passage of the visitor and the violation of time','Vérification: le passage du visiteur et la violation du temps','Verificazione: il passaggio di visitatore e la violazione del tempo','Verificación: paso de visitante y violación de tiempo'),(65538,'Верификация: проход посетителя и нарушение местоположения',11,1,NULL,NULL,'Verification: the passage of the visitor and the violation of location','Vérification: le passage du visiteur et la violation de l\'emplacement','Verificazione: il passaggio di visitatore e la violazione della localizzazione','Verificación: paso de visitante y violación de localización'),(65539,'Верификация: проход посетителя и нарушение местоположения и нарушение времени',11,1,NULL,NULL,'Verification: the passage of the visitor and the violation of location and the violation of time','Vérification: le passage du visiteur et la violation de l\'emplacement et la violation du temps','Verificazione: il passaggio di visitatore e l\'infrazione della localizzazione e l\'infrazione del tempo','Verificación: paso de visitante y violación de localización yviolación de tiempo'),(65540,'Верификация: снятие верификации в связи с несанкционированным проходом',11,1,NULL,NULL,'Verification: removal of verification due to the unauthorized passage','Vérification: le retrait de vérification à cause du passage non-autorisé','Verificazione: rimozione di verificazione a causa del passaggio non autorizzato','Verificación: remoción de verificación debido al paso no autorizado'),(65544,'Верификация: проход сотрудника',11,1,NULL,NULL,'Verification: the passage of the employee','Vérification: le passage de l\'employé','Verificazione: il passaggio di impiegato','Verificación: paso de empleado'),(65545,'Верификация: проход сотрудника и нарушение времени',11,1,NULL,NULL,'Verification: the passage of the employee and the violation of time','Vérification: le passage de l\'employé et la violation du temps','Verificazione: il passaggio di impiegato e la violazione del tempo','Verificación: paso de empleado y violación de tiempo'),(65546,'Верификация: проход сотрудника и нарушение местоположения',11,1,NULL,NULL,'Verification: the passage of the employee and the violation of location','Vérification: le passage de l\'employé et la violation de l\'emplacement','Verificazione: il passaggio di impiegato e la violazione della localizzazione','Verificación: paso de empleado y violación de localización'),(65547,'Верификация: проход сотрудника и нарушение местоположения и нарушение времени',11,1,NULL,NULL,'Verification: the passage of the employee and the violation of location and the violation of time','Vérification: le passage de l\'employé et la violation de l\'emplacement et la violation du temps','Verificazione: il passaggio di impiegato e la violazione della localizzazione e la violazione  del tempo','Verificación: paso de empleado y violación de localización yviolación de tiempo'),(65552,'Верификация: постановка на «Охрану»',11,1,NULL,NULL,'Verification: arming','Vérification: Armement','Verificazione: impostazione \"protezione\"','Verificación: armamento'),(65560,'Верификация: снятие с «Охраны»',11,1,NULL,NULL,'Verification: disarming','Vérification: désarmement','Verifica: rimozione dalla \"protezione\"','Verificación: desarmamento'),(70000,'Регистрация верифицирующего устройства',12,NULL,NULL,NULL,'Registration of verification device','L\'enregistrement du dispositif de vérification','Registrazione del dispositivo verificante','Registración de dispositivo de verificación'),(131072,'Индикация: проход сотрудника',11,1,NULL,NULL,'Indication: passage of employee','Indication: le passage de l\'employé','Indicazione: passaggio di impiegato','Indicación: paso de empleado'),(131073,'Индикация: проход посетителя',11,1,NULL,NULL,'Indication: passage of visitor','Indication: le passage du visiteur','Indicazione: passaggio di visitatore','Indicación: paso de visitante'),(131074,'Индикация: проход сотрудника и нарушение времени',11,1,NULL,NULL,'Indication: employee\'s passage and time violation','Indication: le passage d\'employé et la violation de temps','Indicazione: passaggio di impiegato e violazione del tempo','Indicación: paso de empleado y violación de tiempo'),(131075,'Индикация: проход посетителя и нарушение времени',11,1,NULL,NULL,'Indication: visitor\'s passage and time violation','Indication: le passage de visiteur et la violation de temps','Indicazione: passaggio di visitatore e violazione del tempo','Indicación: paso de visitante y violación de tiempo'),(131076,'Индикация: проход сотрудника и нарушение местоположения',11,1,NULL,NULL,'Indication: employee\'s passage and location violation','Indication: le passage d\'employé et la violation d\'emplacement','Indicazione: passaggio di impiegato e violazione della localizzazione','Indicación: paso de empleado y violación de localización'),(131077,'Индикация: проход посетителя и нарушение местоположения',11,1,NULL,NULL,'Indication: visitor\'s passage and location violation','Indication: le passage de visiteur et la violation d\'emplacement','Indicazione: passaggio di visitatore e violazione della localizzazione','Indicación: paso de visitante y violación de localización'),(131078,'Индикация: проход сотрудника и нарушение времени и нарушение местоположения',11,1,NULL,NULL,'Indication: employee\'s passage, time and location violation','Indication: le passage d\'employé et la violation de temps, la violation d\'emplacement','Indicazione: passaggio di impiegato e violazione del tempo e violazione della localizzazione','Indicación: paso de empleado y violación de tiempo y violación de localización'),(131079,'Индикация: проход посетителя и нарушение времени и нарушение местоположения',11,1,NULL,NULL,'Indication: visitor\'s passage, time and location violation','Indication: le passage de visiteur et la violation de temps, la violation d\'emplacement','Indicazione: passaggio di visitatore e violazione del tempo e violazione della localizzazione','Indicación: paso de visitante y violación de tiempo y violación de localización'),(131080,'Индикация: проход сотрудника и нарушение режима доступа',11,1,NULL,NULL,'Indication: employee\'s passage and access mode violation','Indication: le passage de l\'employé et la violation de mode d\'accès','Indicazione: passaggio dell\'impiegato e violazione della modalità di accesso','Indicacion: paso de empleado y violación de modo de acceso'),(131081,'Индикация: проход посетителя и нарушение режима доступа',11,1,NULL,NULL,'Indication: visitor\'s passage and access mode violation','Indication: le passage de visiteur et la violation de mode d\'accès','Indicazione: passaggio di visitatore e violazione del regimo accesso','Indicación: paso de visitante  y violacion de régimen de acceso'),(131136,'Индикация: проход сотрудника и постановка на «Охрану»',11,1,NULL,NULL,'Indication: employee\'s passage and arming','Indication: le passage d\'employé et Armement','Indicazione: passaggio di impiegato e messa sulla \\\"Protezione\\\"','Indicación: paso de empleado y armamento'),(131137,'Индикация: проход посетителя и постановка на «Охрану»',11,1,NULL,NULL,'Indication: visitor\'s passage and arming','Indication: le passage de visiteur et Armement','Indicazione: passaggio di visitatore e messa sulla \\\"Protezione\\\"','Indicación: paso de visitante y armamento'),(131200,'Индикация: проход сотрудника и снятие с «Охраны»',11,1,NULL,NULL,'Indication: employee\'s passage and disaming','Indication: le passage d\'employé et Désarmement','Indicazione: passaggio di impiegato e sottrazione dalla \\\"Protezione\\\"','Indicación: paso de empleado y desarmamento'),(131201,'Индикация: проход посетителя и снятие с «Охраны»',11,1,NULL,NULL,'Indication: visitor\'s passage and disarming','Indication: le passage de visiteur et Désarmement','Indicazione: passaggio di visitatore e sottrazione dalla \\\"Protezione\\\"','Indicación: paso de visitante y desarmamento'),(131328,'Индикация: карта не зарегистрирована',11,1,NULL,NULL,'Indication: card not registered','Indication: la carte n\'est pas enregistrée','Indicazione: la tessera non è registrata','Indicación: tarjeta no está registrada'),(131584,'Индикация: карта заблокирована',11,1,NULL,NULL,'Indication: card is blocked','Indication: la carte est bloquée','Indicazione: la tessera è bloccata','Indicación: tarjeta está bloqueada'),(132096,'Индикация: карта в стоп-листе',11,1,NULL,NULL,'Indication: card is in a stop-list','Indication: la carte est dans la liste des interdits','Indicazione: la card nella lista stop','Indicación: la tarjeta está en stop-list'),(133120,'Индикация: истек срок действия карты',11,1,NULL,NULL,'Indication: expired card','Indication: la carte est expirée','Indicazione: la tessera è scaduta','Indicación: el período de validez de la tarjeta está expirada'),(135168,'Индикация: взлом ИУ',11,1,NULL,NULL,'Indication: OD break in','Indication: l\'effraction du dispositif','Indicazione: hacking del dispositivo esecutivo','Indicación: hackeo de dispositivo'),(139264,'Индикация: разрешение прохода от ДУ',11,1,NULL,NULL,'Indication: permission of passage from remote control','Indication: l\'autorisation de passage du pupitre de commandes','Indicazione: permesso del passaggio dal comando a distanza','Indicación: permiso de paso del control remoto'),(196609,'Объект шаблон верификации загружен',12,9,'VERIFY_TEMPLATE','ID','Verification template object is created','Objet du modèle de vérification est déjà créé','Oggetto template di verificazione è caricato','Objeto modelo de verificación está cargado'),(196610,'Объект шаблон верификации выгружен',12,9,'VERIFY_TEMPLATE','ID','Verification template has been uploaded','Modèle de vérification était téléchargé','Il template di verifica è stato caricato','El modelo de verificación ha sido descargado'),(196619,'Верификация: разрешено оператором',11,1,NULL,NULL,'Verification: authorised by the operator','Vérification: autorisé par l\'opérateur','Verificazione: è consentito dall\'operatore','Verificación: está permitido por operador'),(196620,'Верификация: проход разрешён автоматически',11,1,NULL,NULL,'Verification: the passage is allowed automatically','Vérification: le passage est autorisé automatiquement','Verificazione: il passaggio è consentito automaticamente','Verificación: paso está permitido de modo automático'),(196621,'Верификация: запрещено оператором',11,1,NULL,NULL,'Verification: banned by operator','Vérification: interdit par l\'opérateur','Verificazione: è vietato dall\'operatore','Verificación: está prohibido por operador'),(196622,'Выполнение задания',10061,15,NULL,NULL,'Task execution','Exécution de tâche','Esecuzione del processo','Cumplimiento de tarea'),(196623,'Выполнение рассылки',10061,15,NULL,NULL,'Sending status','Statut d\'envoi','Stato di invio','Estado de envío'),(196624,'Верификация: проход запрещён автоматически',11,1,NULL,NULL,'Verification: banned automatically','Vérification: interdit automatiquement','Verificazione: è vietato automaticamente','Verificación: está prohibido de modo automático'),(200000,'Регистрация Индицирующего устройства',12,NULL,NULL,NULL,'Registration of indicating device','Enregistrement du dispositif indicatif','Registrazione del dispositivo indicante','Registración de dispositivo indicado'),(300000,'Пользовательский запуск пересчета рабочего времени',12000,NULL,NULL,NULL,'User working time recalculation start','Démarrage par utilisateur pour le  recalcul du temps travaillé','Avvio personalizzato di ricalcolo del tempo di lavoro','Puesta en marcha de recalculación de horario de trabajo por elusuario'),(300001,'Окончание пересчета рабочего времени',12000,NULL,NULL,NULL,'Working time recalculation end','Fin de recalcul du temps travaillé','Fine di ricalcolo di tempo di lavoro','Terminación de recalculación de horario de trabajo'),(300050,'Запись идентификатора в карту',16,NULL,NULL,NULL,'Identifier\'s registration to the card','Enregistrement de l\'identifiant à la carte','Registrazione dell\'identificatore sulla card','Registro de identificador a la tarjeta'),(500000,'Вход оператора в систему',10000,NULL,NULL,NULL,'Entrance of the operator into the system','Entrée de l\'opérateur dans le système','L\'ingresso dell\'operatore nel sistema','Entrada del operador en el sistema'),(500001,'Выход оператора из системы',10000,NULL,NULL,NULL,'The exit of the operator from the system','Sortie de l\'opérateur du système','L\'uscita dell\'operatore dal sistema','Salida del operador del sistema'),(501101,'Добавление графика работы',10011,NULL,NULL,NULL,'Work schedule adding','Ajouter l\'horaire de travail','Aggiungere orario di lavoro','Adición de horario de trabajo'),(501102,'Редактирование графика работы',10011,NULL,NULL,NULL,'Schedule editing','Edition de l\'horaire de travail','Modificare l\'orario di lavoro','Edición de horario de trabajo'),(501103,'Удаление графика работы',10011,NULL,NULL,NULL,'Working schedule removal','Supprimer l\'horaire de travail','Eliminazione dell\'orario di lavoro','Eliminación de horario de trabajo'),(501112,'Редактирование календаря',10011,NULL,NULL,NULL,'Calendar editing','Editer le calendrier','Modificare il calendario','Edición de calendario'),(501122,'Редактирование опций календаря',10011,NULL,NULL,NULL,'Calendar options editing','Editer les options du calendrier','Modificare gli opzioni del calendario','Edición de opciónes del calendario'),(501201,'Добавление подразделения',10012,NULL,NULL,NULL,'Department adding','Ajouter le département','Aggiungere un reparto','Adición de departamento'),(501202,'Редактирование подразделения',10012,NULL,NULL,NULL,'Department editing','Edition du département','Modificare il reparto','Edición de departamento'),(501203,'Удаление подразделения',10012,NULL,NULL,NULL,'Department removal','Supprimer le département','Eliminazione del reparto','Eliminación de departamento'),(501401,'Добавление сотрудника',10014,NULL,NULL,NULL,'Employee adding','Ajout l\'employé','Aggiunta di un impiegato','Adición de empleado'),(501402,'Редактирование сотрудника',10014,NULL,NULL,NULL,'Edit the employee','Edition de l\'employé','Modificare l\'impiegato','Edición de empleado'),(501403,'Удаление сотрудника',10014,NULL,NULL,NULL,'Employee removal','Elimination de l\'employé','Eliminazione dell\'impiegato','Remocion de un empleado'),(501404,'Блокировка сотрудника',10014,NULL,NULL,NULL,'Employee blocking','Blocage de l\'employé','Blocco di un impiegato','Bloqueo de empleado'),(501405,'Снятие блокировки сотрудника',10014,NULL,NULL,NULL,'Employee unblocking','Déblocage d\'employé','Sottrazione di bloccaggio dell\'impiegato','Desbloqueo de empleado'),(501501,'Добавление посетителя',10015,NULL,NULL,NULL,'Visitor adding','Ajout le visiteur','Aggiunta di un visitatore','Adición de visitante'),(501502,'Редактирование посетителя',10015,NULL,NULL,NULL,'Edit the visitor','Edition du visiteur','Modificare il visitatore','Edición de visitante'),(501503,'Удаление посетителя',10015,NULL,NULL,NULL,'Visitor removal','Suppression du visiteur','Eliminazione del visitatore','Remoción de visitante'),(501504,'Блокировка посетителя',10015,NULL,NULL,NULL,'Visitor blocking','Blocage du visiteur','Blocco del visitatore','Bloqueo de visitante'),(501505,'Снятие блокировки посетителя',10015,NULL,NULL,NULL,'Visitior unblocking','Déblocage de visiteur','Sottrazione di bloccaggio del visitatore','Desbloqueo de visitante'),(501601,'Добавление шаблона доступа',10016,NULL,NULL,NULL,'Access template adding','Ajouter le modèle d\'accès','Aggiungere il template di accesso','Adición de modelo de acceso'),(501602,'Редактирование шаблона доступа',10016,NULL,NULL,NULL,'Access template editing','Edition du modèle d\'accès','Modificare  il template di accesso','Edición de modelo de acceso'),(501603,'Удаление шаблона доступа',10016,NULL,NULL,NULL,'Access template removal','Supprimer le modèle d\'accès','Eliminazione del template di accesso','Eliminación de modelo de acceso'),(501612,'Редактирование временной зоны',10017,NULL,NULL,NULL,'Time zone editing','Editer la zone temporaire','Modificare la zona temporale','Edición de zona tremporal'),(501622,'Редактирование недельного режима доступа',10017,NULL,NULL,NULL,'Weekly access mode editing','Editer le mode d\'accès de la semaine','Modificare la modalità d\'accesso settimanale','Edición de modo de acceso semanal'),(501632,'Редактирование сменного суточного режима доступа',10017,NULL,NULL,NULL,'Shift-day schedule editing','Edition de l\'horaire du quart de jour','Modificare la modalità d\'accesso flessibile di turno giornaliero.','Edición de modo de acceso de turno'),(501642,'Редактирование скользящего недельного режима доступа',10017,NULL,NULL,NULL,'Editing of the flexible weekly access mode','Edition du mode d\'accès de la semaine flexible','Modificare la modalità d\'accesso flessibile settimanale','Edición de modo de acceso flexible semanal'),(501652,'Редактирование календаря праздников для недельных графиков',10017,NULL,NULL,NULL,'Editing holiday calendar for weekly schedule','Editer le calendrier des fêtes pour les horaires de la semaine','Modificare il calendario delle festività per i piani settimanali','Edición de calendario de ferias para horarios semanales'),(502502,'Редактирование события прохода',10025,NULL,NULL,NULL,'Editing of the event of the passage','Edition de l\'événement du passage','Modificare l\'evento di passaggio','Edición de evento del paso'),(503201,'Добавление роли',10032,NULL,NULL,NULL,'Role adding','Ajouter le rôle','Aggiungere ruolo','Adición de rol'),(503202,'Редактирование роли',10032,NULL,NULL,NULL,'Role editing','Edition du rôle','Modificare il ruolo','Redacción de rol'),(503203,'Удаление роли',10032,NULL,NULL,NULL,'Role removal','Suppression du rôle','Eliminazione del ruolo','Eliminación de rol'),(503204,'Изменение полномочий роли',10032,NULL,NULL,NULL,'Role authorities changing','Changement des autorités du rôle','Modifica delle autorizzazioni di ruolo','Cambio de facultades del rol'),(503601,'Добавление документа',10036,NULL,NULL,NULL,'Add a document','Ajout d\'un document','Aggiunta di un documento','Agregación de documento'),(503602,'Редактирование документа',10036,NULL,NULL,NULL,'Document editing','Edition du document','Modificare il documento','Edición de documento'),(503603,'Удаление документа',10036,NULL,NULL,NULL,'Document removal','Eliminer le document','Eliminazione del documento','Eliminación de documento'),(503701,'Добавление поля',10037,NULL,NULL,NULL,'Field adding','Ajouter le champ','Aggiungere il campo','Adición de campo'),(503702,'Редактирование поля',10037,NULL,NULL,NULL,'Field editing','Edition du champ','Modificare il campo','Edición de campo'),(503703,'Удаление поля',10037,NULL,NULL,NULL,'Field removal','Supprimer le champ','Eliminazione del campo','Eliminación de campo'),(503801,'Добавление оператора',10038,NULL,NULL,NULL,'Operator adding','Ajouter l\'opérateur','Aggiungere operatore','Adición al operador'),(503802,'Редактирование оператора',10038,NULL,NULL,NULL,'Operator editing','Editer l\'opérateur','Modificare l\'operatore','Redacción de operador'),(503803,'Удаление оператора',10038,NULL,NULL,NULL,'Operator removal','Supprimer l\'opérateur','Eliminazione dell\'operatore','Eliminación de operador'),(503804,'Блокировка оператора',10038,NULL,NULL,NULL,'Operator blocking','Bloquer l\'opérateur','Blocco dell\'operatore','Bloqueo de operador'),(503805,'Снятие блокировки оператора',10038,NULL,NULL,NULL,'Operator unblocking','Débloquer l\'opérateur','Sblocco dell\'operatore','Desbloqueo de operador'),(503806,'Смена полномочий оператора',10038,NULL,NULL,NULL,'Change of operator\'s rights','Changer les autorités de l\'opérateur','Cambiamento di autorizzazione dell\'operatore','Cambio de facultades del operador'),(503807,'Сообщение оператору',10038,15,NULL,NULL,'Message to operator','Message to operator','Message to operator','Message to operator'),(505001,'Добавление дизайна пропуска',10050,NULL,NULL,NULL,'Pass design adding','Ajouter le design de la carte','Aggiungere il design della tessera','Adición de diseño del pase'),(505002,'Редактирование дизайна пропуска',10050,NULL,NULL,NULL,'Card design editing','Edition du design de  la carte','Modificare il design della tessera','Edición de diseño del pase'),(505003,'Удаление дизайна пропуска',10050,NULL,NULL,NULL,'Card design removal','Supprimer le design de la carte','Eliminazione del design della tessera','Eliminación de diseño del pase'),(505401,'Добавление должности',10054,NULL,NULL,NULL,'Position adding','Ajouter le poste','Aggiungere l\'incarico','Adición de cargo'),(505402,'Редактирование должности',10054,NULL,NULL,NULL,'Position editing','Edition du poste','Modificare incarichi','Edición de cargo'),(505403,'Удаление должности',10054,NULL,NULL,NULL,'Position removal','Supprimer le poste','Eliminazione dell\'incarico','Eliminación de cargo'),(505901,'Добавление помещения',10059,NULL,NULL,NULL,'Room adding','Ajouter la salle','Aggiungere l\'area','Adición de local'),(505902,'Редактирование помещения',10059,NULL,NULL,NULL,'Room editing','Edition de la salle','Modificare l\'ambiente','Edición de local'),(505903,'Удаление помещения',10059,NULL,NULL,NULL,'Room removal','Suppression de la salle','Eliminazione di ambiente','Eliminación de local'),(505911,'Добавление устройства',11059,NULL,NULL,NULL,'Add a device','Ajouter le dispositif','Aggiunta di un dispositivo','Agregación de dispositivo'),(505912,'Редактирование устройства',11059,NULL,NULL,NULL,'Device editing','Editer le dispositif','Redazione del dispositivo','Edición de dispositivo'),(505913,'Удаление устройства',11059,NULL,NULL,NULL,'Delet a device','Supprimer le dispositif','Eliminazione del dispositivo','Eliminación de dispositivo'),(505914,'Деактивация устройства',11059,NULL,NULL,NULL,'Device deactivation','Désactivation du dispositif','Disattivazione del dispositivo','Deactivación de dispositivo'),(505915,'Активация устройства',11059,NULL,NULL,NULL,'Device activation','Activation du dispositif','Attivazione del dispositivo','Activación de dispositivo'),(505916,'Удаление устройства из помещения',11059,NULL,NULL,NULL,'Delete a device from the room','Suppression du dispositif de la salle','Sottrazione del dispositivo dall\'ambiente','Eliminación de dispositivo desde el local'),(505917,'Установка устройства в помещение',11059,NULL,NULL,NULL,'Device installation in a room','Installation du dispositif dans la salle','Installazione del dispositivo nel ambiente','Instalación de dispositivo al local'),(505918,'Редактирование общих параметров устройств',11059,NULL,NULL,NULL,'Editing of commo device settings','Edition des paramètres généraux des dispositifs','Redazione dei parametri communi dei dispositivi','Edición de parámetros básicos de los dispositivos'),(506101,'Добавление задания',10061,NULL,NULL,NULL,'Task adding','Ajouter la tâche','Aggiungere il compito','Adición de tarea'),(506102,'Редактирование задания',10061,NULL,NULL,NULL,'Task editing','Edition de la tâche','Modifica del compito','Edición de tarea'),(506103,'Удаление задания',10061,NULL,NULL,NULL,'Task removal','Supprimer la tâche','Eliminazione del compito','Eliminación de tarea'),(506401,'Добавление шаблона верификации',10064,NULL,NULL,NULL,'Verification template adding','Ajouter le modèle de vérification','Aggiungere il template di verificazione','Adición de modelo de verificación'),(506402,'Редактирование шаблона верификации',10064,NULL,NULL,NULL,'Verification template editing','Edition du modèle de vérification','Modificare il template di verificazione','Edición de modelo de verificación'),(506403,'Удаление шаблона верификации',10064,NULL,NULL,NULL,'Template verification removal','Suppression du modèle de vérification','Eliminazione del template della verificazione','Eliminación de modelo de verificación'),(506404,'Добавление видеосервера',10064,NULL,NULL,NULL,'Video server adding','Ajouter le serveur vidéo','Aggiungere il server video','Adición de video servidor'),(506405,'Редактирование видеосервера',10064,NULL,NULL,NULL,'Video server editing','Edition du serveur vidéo','Modificare il server video','Edición de video servidor'),(506406,'Удаление видеосервера',10064,NULL,NULL,NULL,'Video server removal','Suppression du serveur vidéo','Eliminazione di server video','Eliminación de video servidor'),(506407,'Добавление шаблона камеры',10064,NULL,NULL,NULL,'Camera template adding','Ajouter le modèle de caméra','Aggiungere il template della videocamera','Adición de modelo de cámara'),(506408,'Редактирование шаблона камеры',10064,NULL,NULL,NULL,'Camera template editing','Edition du modèle de caméra','Modificare il template della videocamera','Edición de modelo de cámara'),(506409,'Удаление шаблона камеры',10064,NULL,NULL,NULL,'Camera template removal','Suppression du modèle de caméra','Eliminazione del template della camera','Eliminación de modelo de cámara'),(506901,'Включение лицензии',10069,NULL,NULL,NULL,'Activation of the license','Activation de la licence','Attivazione della licenza','Activación de la licencia'),(506902,'Смена лицензионного контроллера',10069,NULL,NULL,NULL,'Change the license controller','Changement du contrôleur licencié','Cambio del controller di licenza','Cambio del controlador licenciado'),(506903,'Отключение лицензии',10069,NULL,NULL,NULL,'Deactivation of the license','Désactvation de la licence','Disattivazione della licenza','Desactivación de la licencia'),(506904,'Оператор записал идентификатор',10037,NULL,NULL,NULL,'Operator recorded the identificator','Opérateur a enregistré l\'identifiant','L\'operatore ha registrato l\'identificatore','El operador registró el identificador'),(506911,'Добавление интерактивного плана',10070,NULL,NULL,NULL,'Adding an interactive plan','Ajout d\'un plan interactif','Aggiunta di un piano interattivo','Agregar un plan interactivo'),(506912,'Редактирование интерактивного плана',10070,NULL,NULL,NULL,'Editing an interactive plan','Modification d\'un plan interactif','Modifica di un piano interattivo','Editar un plan interactivo'),(506913,'Удаление интерактивного плана',10070,NULL,NULL,NULL,'Deleting an interactive plan','Suppression d\'un plan interactif','Eliminazione di un piano interattivo','Eliminar un plan interactivo');
/*!40000 ALTER TABLE `event_type` ENABLE KEYS */;
UNLOCK TABLES;

--
-- Table structure for table `event_verify_result`
--

DROP TABLE IF EXISTS `event_verify_result`;
/*!40101 SET @saved_cs_client     = @@character_set_client */;
/*!50503 SET character_set_client = utf8mb4 */;
CREATE TABLE `event_verify_result` (
  `id` int NOT NULL AUTO_INCREMENT,
  `name` varchar(150) CHARACTER SET utf8 COLLATE utf8_unicode_ci DEFAULT NULL,
  PRIMARY KEY (`id`),
  UNIQUE KEY `event_verify_result_ID_uindex` (`id`)
) ENGINE=InnoDB AUTO_INCREMENT=6 DEFAULT CHARSET=utf8 COLLATE=utf8_unicode_ci;
/*!40101 SET character_set_client = @saved_cs_client */;

--
-- Dumping data for table `event_verify_result`
--

LOCK TABLES `event_verify_result` WRITE;
/*!40000 ALTER TABLE `event_verify_result` DISABLE KEYS */;
INSERT INTO `event_verify_result` VALUES (1,'##Нет подтверждения##'),(2,'##Проход разрешён оператором##'),(3,'##Проход разрешён автоматически##'),(4,'##Проход запрещён оператором##'),(5,'##Проход запрещён автоматически##');
/*!40000 ALTER TABLE `event_verify_result` ENABLE KEYS */;
UNLOCK TABLES;

--
-- Table structure for table `language`
--

DROP TABLE IF EXISTS `language`;
/*!40101 SET @saved_cs_client     = @@character_set_client */;
/*!50503 SET character_set_client = utf8mb4 */;
CREATE TABLE `language` (
  `id` smallint NOT NULL AUTO_INCREMENT,
  `name` varchar(150) CHARACTER SET utf8 COLLATE utf8_general_ci NOT NULL,
  `code` varchar(10) CHARACTER SET utf8 COLLATE utf8_general_ci NOT NULL,
  `is_active` tinyint(1) NOT NULL DEFAULT '1',
  PRIMARY KEY (`id`),
  UNIQUE KEY `language_code_uindex` (`code`),
  UNIQUE KEY `language_id_uindex` (`id`),
  UNIQUE KEY `language_name_uindex` (`name`)
) ENGINE=InnoDB AUTO_INCREMENT=6 DEFAULT CHARSET=utf8 COLLATE=utf8_unicode_ci;
/*!40101 SET character_set_client = @saved_cs_client */;

--
-- Dumping data for table `language`
--

LOCK TABLES `language` WRITE;
/*!40000 ALTER TABLE `language` DISABLE KEYS */;
INSERT INTO `language` VALUES (1,'Русский','ru',1),(2,'English','en',1),(3,'Italiano','it',1),(4,'Español','es',1),(5,'Français','fr',1);
/*!40000 ALTER TABLE `language` ENABLE KEYS */;
UNLOCK TABLES;

--
-- Table structure for table `license`
--

DROP TABLE IF EXISTS `license`;
/*!40101 SET @saved_cs_client     = @@character_set_client */;
/*!50503 SET character_set_client = utf8mb4 */;
CREATE TABLE `license` (
  `id` smallint NOT NULL AUTO_INCREMENT,
  `module_number` smallint NOT NULL,
  `name` varchar(150) CHARACTER SET utf8 COLLATE utf8_unicode_ci NOT NULL,
  `license_key` varchar(24) CHARACTER SET utf8 COLLATE utf8_unicode_ci DEFAULT NULL,
  `demo_begin_date` datetime DEFAULT NULL,
  `demo_day_count` smallint DEFAULT NULL,
  `last_verify` datetime DEFAULT NULL,
  `connection_count` smallint DEFAULT NULL,
  `short_name` varchar(150) CHARACTER SET utf8 COLLATE utf8_unicode_ci NOT NULL,
  `bad_verify_day_count` int DEFAULT NULL,
  `data` varchar(32) CHARACTER SET utf8 COLLATE utf8_unicode_ci DEFAULT NULL,
  `license_state_id` smallint NOT NULL DEFAULT '0',
  `is_active` tinyint(1) NOT NULL,
  `description` mediumtext CHARACTER SET utf8 COLLATE utf8_unicode_ci,
  `string_constant` varchar(150) CHARACTER SET utf8 COLLATE utf8_unicode_ci DEFAULT NULL,
  PRIMARY KEY (`id`),
  UNIQUE KEY `license_ID_uindex` (`id`),
  UNIQUE KEY `UNQ1_LICENSE` (`module_number`),
  UNIQUE KEY `UNQ2_LICENSE` (`name`),
  UNIQUE KEY `UNQ3_LICENSE` (`license_key`),
  UNIQUE KEY `license_string_constant_uindex` (`string_constant`)
) ENGINE=InnoDB AUTO_INCREMENT=13 DEFAULT CHARSET=utf8 COLLATE=utf8_unicode_ci;
/*!40101 SET character_set_client = @saved_cs_client */;

--
-- Dumping data for table `license`
--

LOCK TABLES `license` WRITE;
/*!40000 ALTER TABLE `license` DISABLE KEYS */;
INSERT INTO `license` VALUES (4,15,'##Базовый пакет##',NULL,'2021-01-13 11:29:58',60,'2020-03-11 13:15:00',1,'PERCo-WB',30,'8dcaac7ea229576751648bed546ec8af',3,1,'##PERCo-WB «Базовый пакет ПО» предназначен для организации системы контроля доступа на предприятии, имеющем в штате не более 100 сотрудников. Базовое ПО поддерживает все основные функции обеспечения безопасности, в том числе: контроль доступа по времени, контроль зональности (antipass), доступ с комиссионированием.\r\n\r\nРаздел «Администрирование» позволяет произвести первичное конфигурирование оборудования системы, добавление операторов системы и ее лицензирование, контролировать работу системы, составляя отчеты о событиях системы.\r\n\r\nРаздел «Персонал» позволяет автоматизировать процесс ввода и хранения учетных данных сотрудников и создания графиков работы. В разделе предусмотрена возможность ведения списка должностей и подразделений предприятия.\r\n\r\nРаздел «Бюро пропусков» позволяет автоматизировать процесс выдачи пропусков сотрудникам предприятия.\r\n\r\nРаздел «Контроль доступа» позволяет автоматизировать формирование отчетов о правах доступа сотрудников. При необходимости оперативного реагирования предусмотрена возможность удаленного управления устройствами системы.##','Base'),(5,16,'##Стандартный пакет##',NULL,NULL,60,'2020-03-11 13:15:00',1,'PERCo-WS',30,'953f153fe6ab4dc54e21fc7ed40ff3bc',0,0,'##PERCo-WS «Стандартный пакет ПО» предназначен для организации полноценной СКУД с поддержкой всех основных функций обеспечения безопасности, в том числе: контроль доступа по времени, контроль зональности (antipass), доступ с комиссионированием.\r\n\r\nРаздел «Администрирование» позволяет произвести первичное конфигурирование оборудования системы, добавление операторов системы и ее лицензирование, контролировать работу системы, составляя отчеты о событиях системы.\r\n\r\nРаздел «Персонал» позволяет автоматизировать процесс ввода и хранения учетных данных сотрудников и создания графиков работы. В разделе предусмотрена возможность ведения списка должностей и подразделений предприятия.\r\n\r\nРаздел «Бюро пропусков» позволяет автоматизировать процесс выдачи пропусков сотрудникам и посетителям предприятия.\r\n\r\nРаздел «Контроль доступа» позволяет автоматизировать формирование отчетов о проходах через турникеты, входах/выходах в помещения. При необходимости оперативного реагирования предусмотрена возможность удаленного управления устройствами системы.\r\n\r\nРаздел «Заказ пропуска» позволяет автоматизировать процесс предварительного заказа пропусков посетителям. Вкладка Заказ пропуска предназначена для заказа пропусков посетителям для последующей выдачи в разделе «Бюро пропусков». Вкладка Архив предназначена для повторного заказа пропусков посетителям, данные которых были сохранены в архиве ранее.##','Standart'),(6,17,'##Учёт рабочего времени##',NULL,NULL,60,'2020-03-11 13:15:00',1,'PERCo-WM01',30,'4b78f958ec650af86a498a6ed1bcf3d9',0,0,'##PERCo-WM01 Раздел «Учет рабочего времени» позволяет автоматизировать построение отчетов об отработанном времени и дисциплине труда, формирование табеля учета рабочего времени в формате Т-13. В разделе предусмотрена возможность добавления новых типов оправдательных документов и документов на сверхурочную работу.\r\n\r\nДля работы раздела необходимо, чтобы каждому сотруднику в подразделе «Сотрудники» раздела «Персонал» был установлен график работы, определяющий его расписание работы, норму рабочего времени, параметры контроля дисциплины труда и место работы (регистрирующие помещения).\r\n\r\nВ процессе работы сотрудник предъявляет карту доступа при входе и выходе из регистрирующих помещений. На основании данных о проходах и установленного графика работы автоматически подсчитывается рабочее время сотрудника. Вследствие некорректного предъявления сотрудником карты доступа возможен некорректный подсчет рабочего времени. Контроль и корректировка подобных случаев осуществляется в подразделе «Журнал отработанного времени».\r\n\r\nДля контроля трудовой дисциплины сотрудников используется подраздел «Отчеты по дисциплине». К нарушениям трудовой дисциплины относятся неявка, опоздание, выход в течение рабочего дня, уход раньше.\r\n\r\nДокументы на сверхурочную работу оформляются в подразделе «Журнал отработанного времени» или «Сотрудники» раздела «Персонал». При необходимости, новые типы документов создаются в подразделе «Оправдательные документы».##','TimeTracking'),(7,18,'##Верификация##',NULL,NULL,60,'2020-03-11 13:15:00',1,'PERCo-WM02',30,NULL,0,0,'##PERCo-WM02 Модуль «Верификация» предназначен для усиления контроля доступа на территорию предприятия и предотвращения случаев прохода по чужому пропуску.\r\n\r\nМодуль устанавливается на рабочее место сотрудника службы охраны и позволяет производить идентификацию владельца карты доступа, сравнивая личность проходящего сотрудника или изображение с видеокамеры и его фото, хранящееся в базе данных системы.##','Verification'),(8,19,'##Интеграция с 1С##',NULL,NULL,60,'2020-03-11 13:15:00',1,'PERCo-WM03',30,NULL,0,0,'##PERCo-WM03 Модуль интеграции с 1С [url href=\"/1s/1s-module.zip\"]Скачать модуль интеграции[/url]##','1s'),(9,20,'##Интеграция с внешними системами##',NULL,NULL,60,'2020-03-11 13:15:00',1,'PERCo-WM04',30,NULL,0,0,'##PERCo-WM04 Модуль интеграции с внешними системами [url href=\"/dev\"]Документация[/url]##','sdk'),(10,24,'##Мониторинг##',NULL,NULL,60,'2020-03-11 13:15:00',1,'PERCo-WM05',30,NULL,0,0,'##PERCo-WM05 «Мониторинг» позволяет создавать интерактивные планы помещений, размещать на них устройства, осуществлять управление ими и отслеживать события системы в реальном времени.##','monitoring'),(11,25,'##Интеграция с TRASSIR##',NULL,NULL,60,NULL,NULL,'PERCo-WM06',30,NULL,0,0,'##Интеграция с TRASSIR##','trassir'),(12,26,'##Интеграция с ИСО \"ОРИОН\" (НВП \"Болид\")##',NULL,NULL,60,NULL,1,'PERCo-WM07',30,NULL,3,0,'##Интеграция с ИСО \"ОРИОН\" (НВП \"Болид\")##','bolid');
/*!40000 ALTER TABLE `license` ENABLE KEYS */;
UNLOCK TABLES;

--
-- Table structure for table `license_state`
--

DROP TABLE IF EXISTS `license_state`;
/*!40101 SET @saved_cs_client     = @@character_set_client */;
/*!50503 SET character_set_client = utf8mb4 */;
CREATE TABLE `license_state` (
  `id` smallint NOT NULL,
  `name` varchar(150) CHARACTER SET utf8 COLLATE utf8_unicode_ci NOT NULL,
  PRIMARY KEY (`id`),
  UNIQUE KEY `license_state_id_uindex` (`id`)
) ENGINE=InnoDB DEFAULT CHARSET=utf8 COLLATE=utf8_unicode_ci;
/*!40101 SET character_set_client = @saved_cs_client */;

--
-- Dumping data for table `license_state`
--

LOCK TABLES `license_state` WRITE;
/*!40000 ALTER TABLE `license_state` DISABLE KEYS */;
INSERT INTO `license_state` VALUES (0,'##Не проверена##'),(1,'##Ключ не проверен##'),(2,'##Повреждена##'),(3,'##Проверена##'),(4,'##Не действительна##'),(5,'##Новый ключ установлен##'),(6,'##Новый ключ некорректен##'),(7,'##Отсутствует лицензионный контроллер##'),(8,'##Приостановлена##'),(9,'##Не включена##'),(10,'##Лицензионный контроллер не включен##'),(11,'##Ошибка лицензионного контроллера##');
/*!40000 ALTER TABLE `license_state` ENABLE KEYS */;
UNLOCK TABLES;

--
-- Table structure for table `mobile_terminal_device`
--

DROP TABLE IF EXISTS `mobile_terminal_device`;
/*!40101 SET @saved_cs_client     = @@character_set_client */;
/*!50503 SET character_set_client = utf8mb4 */;
CREATE TABLE `mobile_terminal_device` (
  `id` int NOT NULL AUTO_INCREMENT,
  `uid` varchar(64) CHARACTER SET utf8 COLLATE utf8_unicode_ci NOT NULL,
  `name` varchar(150) CHARACTER SET utf8 COLLATE utf8_unicode_ci DEFAULT NULL,
  `model` varchar(150) CHARACTER SET utf8 COLLATE utf8_unicode_ci NOT NULL DEFAULT '',
  `is_active` tinyint(1) NOT NULL DEFAULT '0',
  `device_id` int DEFAULT NULL,
  `sync_date` datetime DEFAULT NULL,
  `sync_token` varchar(16) CHARACTER SET utf8 COLLATE utf8_unicode_ci DEFAULT NULL,
  PRIMARY KEY (`id`),
  UNIQUE KEY `mobile_terminal_device_id_uindex` (`id`),
  UNIQUE KEY `mobile_terminal_device_uid_uindex` (`uid`),
  KEY `mobile_terminal_device_device_id_fk` (`device_id`),
  CONSTRAINT `mobile_terminal_device_device_id_fk` FOREIGN KEY (`device_id`) REFERENCES `device` (`id`) ON DELETE SET NULL ON UPDATE CASCADE
) ENGINE=InnoDB DEFAULT CHARSET=utf8 COLLATE=utf8_unicode_ci;
/*!40101 SET character_set_client = @saved_cs_client */;

--
-- Dumping data for table `mobile_terminal_device`
--

LOCK TABLES `mobile_terminal_device` WRITE;
/*!40000 ALTER TABLE `mobile_terminal_device` DISABLE KEYS */;
/*!40000 ALTER TABLE `mobile_terminal_device` ENABLE KEYS */;
UNLOCK TABLES;

--
-- Table structure for table `pass_template_design`
--

DROP TABLE IF EXISTS `pass_template_design`;
/*!40101 SET @saved_cs_client     = @@character_set_client */;
/*!50503 SET character_set_client = utf8mb4 */;
CREATE TABLE `pass_template_design` (
  `id` int NOT NULL AUTO_INCREMENT,
  `name` varchar(150) CHARACTER SET utf8 COLLATE utf8_unicode_ci NOT NULL,
  `data` mediumtext CHARACTER SET utf8 COLLATE utf8_unicode_ci,
  `user_type` smallint NOT NULL,
  PRIMARY KEY (`id`),
  UNIQUE KEY `pass_template_design_ID_uindex` (`id`),
  UNIQUE KEY `UNQ1_PASS_TEMPLATE_DESIGN` (`name`)
) ENGINE=InnoDB DEFAULT CHARSET=utf8 COLLATE=utf8_unicode_ci;
/*!40101 SET character_set_client = @saved_cs_client */;

--
-- Dumping data for table `pass_template_design`
--

LOCK TABLES `pass_template_design` WRITE;
/*!40000 ALTER TABLE `pass_template_design` DISABLE KEYS */;
/*!40000 ALTER TABLE `pass_template_design` ENABLE KEYS */;
UNLOCK TABLES;

--
-- Table structure for table `plan`
--

DROP TABLE IF EXISTS `plan`;
/*!40101 SET @saved_cs_client     = @@character_set_client */;
/*!50503 SET character_set_client = utf8mb4 */;
CREATE TABLE `plan` (
  `id` int NOT NULL AUTO_INCREMENT,
  `name` varchar(150) CHARACTER SET utf8 COLLATE utf8_unicode_ci NOT NULL,
  `building` smallint DEFAULT NULL,
  `floor` smallint DEFAULT NULL,
  `property` mediumtext CHARACTER SET utf8 COLLATE utf8_unicode_ci,
  `event_filter` mediumtext CHARACTER SET utf8 COLLATE utf8_unicode_ci,
  PRIMARY KEY (`id`),
  UNIQUE KEY `plan_ID_uindex` (`id`),
  UNIQUE KEY `plan_name_uindex` (`name`)
) ENGINE=InnoDB AUTO_INCREMENT=137 DEFAULT CHARSET=utf8 COLLATE=utf8_unicode_ci;
/*!40101 SET character_set_client = @saved_cs_client */;

--
-- Dumping data for table `plan`
--

LOCK TABLES `plan` WRITE;
/*!40000 ALTER TABLE `plan` DISABLE KEYS */;
/*!40000 ALTER TABLE `plan` ENABLE KEYS */;
UNLOCK TABLES;

--
-- Table structure for table `position`
--

DROP TABLE IF EXISTS `position`;
/*!40101 SET @saved_cs_client     = @@character_set_client */;
/*!50503 SET character_set_client = utf8mb4 */;
CREATE TABLE `position` (
  `id` int NOT NULL AUTO_INCREMENT,
  `is_const` tinyint(1) NOT NULL DEFAULT '0',
  `name` varchar(255) CHARACTER SET utf8 COLLATE utf8_unicode_ci NOT NULL,
  `comment` varchar(150) CHARACTER SET utf8 COLLATE utf8_unicode_ci DEFAULT NULL,
  `is_removed` tinyint(1) NOT NULL DEFAULT '0',
  PRIMARY KEY (`id`),
  UNIQUE KEY `staff_position_ID_uindex` (`id`),
  UNIQUE KEY `UNQ1_STAFF_POSITION` (`name`)
) ENGINE=InnoDB DEFAULT CHARSET=utf8 COLLATE=utf8_unicode_ci;
/*!40101 SET character_set_client = @saved_cs_client */;

--
-- Dumping data for table `position`
--

LOCK TABLES `position` WRITE;
/*!40000 ALTER TABLE `position` DISABLE KEYS */;
/*!40000 ALTER TABLE `position` ENABLE KEYS */;
UNLOCK TABLES;

--
-- Table structure for table `property_table`
--

DROP TABLE IF EXISTS `property_table`;
/*!40101 SET @saved_cs_client     = @@character_set_client */;
/*!50503 SET character_set_client = utf8mb4 */;
CREATE TABLE `property_table` (
  `id` int NOT NULL,
  `default_language` varchar(16) CHARACTER SET utf8 COLLATE utf8_unicode_ci DEFAULT NULL,
  `first_enter` smallint DEFAULT '0',
  `license_device_mac_address` varchar(17) CHARACTER SET utf8 COLLATE utf8_unicode_ci DEFAULT NULL,
  `date_format` varchar(32) CHARACTER SET utf8 COLLATE utf8_unicode_ci DEFAULT NULL,
  `languages` varchar(32) CHARACTER SET utf8 COLLATE utf8_unicode_ci DEFAULT NULL,
  `version_db` varchar(20) CHARACTER SET utf8 COLLATE utf8_unicode_ci DEFAULT NULL,
  `region_id` smallint DEFAULT NULL,
  `is_migrate` tinyint(1) DEFAULT '0',
  PRIMARY KEY (`id`),
  UNIQUE KEY `property_table_id_uindex` (`id`)
) ENGINE=InnoDB DEFAULT CHARSET=utf8 COLLATE=utf8_unicode_ci;
/*!40101 SET character_set_client = @saved_cs_client */;

--
-- Dumping data for table `property_table`
--

LOCK TABLES `property_table` WRITE;
/*!40000 ALTER TABLE `property_table` DISABLE KEYS */;
INSERT INTO `property_table` VALUES (1,'ru',0,NULL,'dd.MM.yyyy','ru','92',1,0);
/*!40000 ALTER TABLE `property_table` ENABLE KEYS */;
UNLOCK TABLES;

--
-- Table structure for table `region`
--

DROP TABLE IF EXISTS `region`;
/*!40101 SET @saved_cs_client     = @@character_set_client */;
/*!50503 SET character_set_client = utf8mb4 */;
CREATE TABLE `region` (
  `id` int NOT NULL AUTO_INCREMENT,
  `name` varchar(100) CHARACTER SET utf8 COLLATE utf8_unicode_ci NOT NULL,
  `settings` mediumtext CHARACTER SET utf8 COLLATE utf8_unicode_ci,
  PRIMARY KEY (`id`),
  UNIQUE KEY `region_id_uindex` (`id`),
  UNIQUE KEY `region_name_uindex` (`name`)
) ENGINE=InnoDB AUTO_INCREMENT=4 DEFAULT CHARSET=utf8 COLLATE=utf8_unicode_ci;
/*!40101 SET character_set_client = @saved_cs_client */;

--
-- Dumping data for table `region`
--

LOCK TABLES `region` WRITE;
/*!40000 ALTER TABLE `region` DISABLE KEYS */;
INSERT INTO `region` VALUES (1,'##Россия##',NULL),(2,'##Европа##','{\"excludedCategories\": [18]}'),(3,'##США##/##Канада##','{\"excludedCategories\": [18]}');
/*!40000 ALTER TABLE `region` ENABLE KEYS */;
UNLOCK TABLES;

--
-- Table structure for table `schedule`
--

DROP TABLE IF EXISTS `schedule`;
/*!40101 SET @saved_cs_client     = @@character_set_client */;
/*!50503 SET character_set_client = utf8mb4 */;
CREATE TABLE `schedule` (
  `id` int NOT NULL AUTO_INCREMENT,
  `is_const` smallint NOT NULL DEFAULT '0',
  `name` varchar(150) CHARACTER SET utf8 COLLATE utf8_unicode_ci NOT NULL,
  `comment` varchar(150) CHARACTER SET utf8 COLLATE utf8_unicode_ci DEFAULT NULL,
  `schedule_type_id` smallint NOT NULL,
  `date` date DEFAULT NULL,
  PRIMARY KEY (`id`),
  UNIQUE KEY `SCHEDULE_ID_uindex` (`id`)
) ENGINE=InnoDB AUTO_INCREMENT=12 DEFAULT CHARSET=utf8 COLLATE=utf8_unicode_ci;
/*!40101 SET character_set_client = @saved_cs_client */;

--
-- Dumping data for table `schedule`
--

LOCK TABLES `schedule` WRITE;
/*!40000 ALTER TABLE `schedule` DISABLE KEYS */;
INSERT INTO `schedule` VALUES (1,1,'##Никогда##',NULL,1,NULL),(2,1,'##Всегда##',NULL,1,NULL),(3,0,'##Праздничное расписание##',NULL,5,NULL),(4,0,'##Тип## 1',NULL,6,NULL),(5,0,'##Тип## 2',NULL,6,NULL),(6,0,'##Тип## 3',NULL,6,NULL),(7,0,'##Тип## 4',NULL,6,NULL),(8,0,'##Тип## 5',NULL,6,NULL),(9,0,'##Тип## 6',NULL,6,NULL),(10,0,'##Тип## 7',NULL,6,NULL),(11,0,'##Тип## 8',NULL,6,NULL);
/*!40000 ALTER TABLE `schedule` ENABLE KEYS */;
UNLOCK TABLES;

--
-- Table structure for table `schedule_item`
--

DROP TABLE IF EXISTS `schedule_item`;
/*!40101 SET @saved_cs_client     = @@character_set_client */;
/*!50503 SET character_set_client = utf8mb4 */;
CREATE TABLE `schedule_item` (
  `id` int NOT NULL AUTO_INCREMENT,
  `type` smallint NOT NULL,
  `number` smallint NOT NULL,
  `schedule_id` int DEFAULT NULL,
  `parent_id` int DEFAULT NULL,
  `data` mediumtext COLLATE utf8_unicode_ci,
  PRIMARY KEY (`id`),
  UNIQUE KEY `SCHEDULE_DAY_ID_uindex` (`id`)
) ENGINE=InnoDB AUTO_INCREMENT=3 DEFAULT CHARSET=utf8 COLLATE=utf8_unicode_ci COMMENT='0 - день\n1 - неделя';
/*!40101 SET character_set_client = @saved_cs_client */;

--
-- Dumping data for table `schedule_item`
--

LOCK TABLES `schedule_item` WRITE;
/*!40000 ALTER TABLE `schedule_item` DISABLE KEYS */;
INSERT INTO `schedule_item` VALUES (1,1,1,NULL,1,'{\"end\": \"00:00:00\", \"begin\": \"00:00:00\"}'),(2,1,1,NULL,2,'{\"end\": \"23:59:00\", \"begin\": \"00:00:00\"}');
/*!40000 ALTER TABLE `schedule_item` ENABLE KEYS */;
UNLOCK TABLES;

--
-- Table structure for table `schedule_item_type`
--

DROP TABLE IF EXISTS `schedule_item_type`;
/*!40101 SET @saved_cs_client     = @@character_set_client */;
/*!50503 SET character_set_client = utf8mb4 */;
CREATE TABLE `schedule_item_type` (
  `id` smallint NOT NULL AUTO_INCREMENT,
  `item` varchar(50) CHARACTER SET utf8 COLLATE utf8_unicode_ci NOT NULL,
  `description` varchar(150) CHARACTER SET utf8 COLLATE utf8_unicode_ci DEFAULT NULL,
  PRIMARY KEY (`id`),
  UNIQUE KEY `schedule_item_type_ID_uindex` (`id`)
) ENGINE=InnoDB AUTO_INCREMENT=7 DEFAULT CHARSET=utf8 COLLATE=utf8_unicode_ci;
/*!40101 SET character_set_client = @saved_cs_client */;

--
-- Dumping data for table `schedule_item_type`
--

LOCK TABLES `schedule_item_type` WRITE;
/*!40000 ALTER TABLE `schedule_item_type` DISABLE KEYS */;
INSERT INTO `schedule_item_type` VALUES (1,'HOUR','Часовой интервал'),(2,'DAY','День недели'),(3,'HOLIDAY','Дата праздника'),(4,'WEEK','Недельное расписание'),(5,'YEAR','Идентификатор годового расписания (зарезервировано для дальнейшего расширения)'),(6,'HOLIDAY_TYPE','Праздничная группа');
/*!40000 ALTER TABLE `schedule_item_type` ENABLE KEYS */;
UNLOCK TABLES;

--
-- Table structure for table `schedule_type`
--

DROP TABLE IF EXISTS `schedule_type`;
/*!40101 SET @saved_cs_client     = @@character_set_client */;
/*!50503 SET character_set_client = utf8mb4 */;
CREATE TABLE `schedule_type` (
  `id` smallint NOT NULL AUTO_INCREMENT,
  `name` varchar(150) CHARACTER SET utf8 COLLATE utf8_unicode_ci NOT NULL,
  `schema_title` varchar(150) CHARACTER SET utf8 COLLATE utf8_unicode_ci NOT NULL,
  PRIMARY KEY (`id`),
  UNIQUE KEY `schedule_type_ID_uindex` (`id`),
  UNIQUE KEY `UNQ1_SCHEDULE_TYPE` (`name`),
  UNIQUE KEY `schedule_type_SCHEMA_TITLE_uindex` (`schema_title`)
) ENGINE=InnoDB AUTO_INCREMENT=7 DEFAULT CHARSET=utf8 COLLATE=utf8_unicode_ci;
/*!40101 SET character_set_client = @saved_cs_client */;

--
-- Dumping data for table `schedule_type`
--

LOCK TABLES `schedule_type` WRITE;
/*!40000 ALTER TABLE `schedule_type` DISABLE KEYS */;
INSERT INTO `schedule_type` VALUES (0,'##Все##','all'),(1,'##Временные зоны##','time_zone_schedule'),(2,'##Недельный график##','weekly_schedule'),(3,'##Скользящий посуточный график##','shift_day_schedule'),(4,'##Скользящий понедельный график##','shift_weekly_schedule'),(5,'##Праздничное расписание##','holiday_schedule'),(6,'##Виртуальное праздничное расписание##','virtual_holiday_schedule');
/*!40000 ALTER TABLE `schedule_type` ENABLE KEYS */;
UNLOCK TABLES;

--
-- Table structure for table `screenshot`
--

DROP TABLE IF EXISTS `screenshot`;
/*!40101 SET @saved_cs_client     = @@character_set_client */;
/*!50503 SET character_set_client = utf8mb4 */;
CREATE TABLE `screenshot` (
  `id` int NOT NULL,
  `name` varchar(150) CHARACTER SET utf8 COLLATE utf8_unicode_ci DEFAULT NULL,
  `image` longblob NOT NULL
) ENGINE=InnoDB DEFAULT CHARSET=utf8 COLLATE=utf8_unicode_ci;
/*!40101 SET character_set_client = @saved_cs_client */;

--
-- Dumping data for table `screenshot`
--

LOCK TABLES `screenshot` WRITE;
/*!40000 ALTER TABLE `screenshot` DISABLE KEYS */;
/*!40000 ALTER TABLE `screenshot` ENABLE KEYS */;
UNLOCK TABLES;

--
-- Table structure for table `settings`
--

DROP TABLE IF EXISTS `settings`;
/*!40101 SET @saved_cs_client     = @@character_set_client */;
/*!50503 SET character_set_client = utf8mb4 */;
CREATE TABLE `settings` (
  `id` int NOT NULL AUTO_INCREMENT,
  `title` varchar(50) CHARACTER SET utf8 COLLATE utf8_unicode_ci DEFAULT NULL,
  `json` mediumtext CHARACTER SET utf8 COLLATE utf8_unicode_ci,
  PRIMARY KEY (`id`),
  UNIQUE KEY `settings_id_uindex` (`id`),
  UNIQUE KEY `settings_title_uindex` (`title`)
) ENGINE=InnoDB AUTO_INCREMENT=8 DEFAULT CHARSET=utf8 COLLATE=utf8_unicode_ci;
/*!40101 SET character_set_client = @saved_cs_client */;

--
-- Dumping data for table `settings`
--

LOCK TABLES `settings` WRITE;
/*!40000 ALTER TABLE `settings` DISABLE KEYS */;
INSERT INTO `settings` VALUES (3,'video','{\"videoPreRecordTime\":\"8\",\"videoRecordTime\":\"10\",\"videoFrameRate\":\"2\",\"videoStorageDir\":\"\"}');
/*!40000 ALTER TABLE `settings` ENABLE KEYS */;
UNLOCK TABLES;

--
-- Table structure for table `task`
--

DROP TABLE IF EXISTS `task`;
/*!40101 SET @saved_cs_client     = @@character_set_client */;
/*!50503 SET character_set_client = utf8mb4 */;
CREATE TABLE `task` (
  `id` int NOT NULL AUTO_INCREMENT,
  `name` varchar(150) CHARACTER SET utf8 COLLATE utf8_unicode_ci DEFAULT NULL,
  `date` date DEFAULT NULL,
  `days` smallint DEFAULT NULL,
  `time_start` time DEFAULT NULL,
  `time_end` time DEFAULT NULL,
  `task_state_id` int DEFAULT NULL,
  `date_exec` datetime DEFAULT NULL,
  PRIMARY KEY (`id`),
  UNIQUE KEY `task_ID_uindex` (`id`)
) ENGINE=InnoDB AUTO_INCREMENT=2 DEFAULT CHARSET=utf8 COLLATE=utf8_unicode_ci;
/*!40101 SET character_set_client = @saved_cs_client */;

--
-- Dumping data for table `task`
--

LOCK TABLES `task` WRITE;
/*!40000 ALTER TABLE `task` DISABLE KEYS */;
INSERT INTO `task` VALUES (1,'##Резервное копирование базы данных##',NULL,127,'00:00:00','01:00:00',NULL,NULL);
/*!40000 ALTER TABLE `task` ENABLE KEYS */;
UNLOCK TABLES;

--
-- Table structure for table `task_action`
--

DROP TABLE IF EXISTS `task_action`;
/*!40101 SET @saved_cs_client     = @@character_set_client */;
/*!50503 SET character_set_client = utf8mb4 */;
CREATE TABLE `task_action` (
  `id` int NOT NULL AUTO_INCREMENT,
  `task_id` int DEFAULT NULL,
  `type_id` int DEFAULT NULL,
  `object_id` int DEFAULT NULL,
  `options` mediumtext COLLATE utf8_unicode_ci,
  PRIMARY KEY (`id`)
) ENGINE=InnoDB AUTO_INCREMENT=2 DEFAULT CHARSET=utf8 COLLATE=utf8_unicode_ci;
/*!40101 SET character_set_client = @saved_cs_client */;

--
-- Dumping data for table `task_action`
--

LOCK TABLES `task_action` WRITE;
/*!40000 ALTER TABLE `task_action` DISABLE KEYS */;
INSERT INTO `task_action` VALUES (1,1,1,NULL,NULL);
/*!40000 ALTER TABLE `task_action` ENABLE KEYS */;
UNLOCK TABLES;

--
-- Table structure for table `task_message`
--

DROP TABLE IF EXISTS `task_message`;
/*!40101 SET @saved_cs_client     = @@character_set_client */;
/*!50503 SET character_set_client = utf8mb4 */;
CREATE TABLE `task_message` (
  `id` smallint NOT NULL AUTO_INCREMENT,
  `name` varchar(80) CHARACTER SET utf8 COLLATE utf8_unicode_ci NOT NULL,
  PRIMARY KEY (`id`),
  UNIQUE KEY `task_message_ID_uindex` (`id`),
  UNIQUE KEY `UNQ1_TASK_MESSAGE` (`name`)
) ENGINE=InnoDB AUTO_INCREMENT=3 DEFAULT CHARSET=utf8 COLLATE=utf8_unicode_ci;
/*!40101 SET character_set_client = @saved_cs_client */;

--
-- Dumping data for table `task_message`
--

LOCK TABLES `task_message` WRITE;
/*!40000 ALTER TABLE `task_message` DISABLE KEYS */;
INSERT INTO `task_message` VALUES (2,'##Выполнено с ошибками##'),(1,'##Выполнено##');
/*!40000 ALTER TABLE `task_message` ENABLE KEYS */;
UNLOCK TABLES;

--
-- Table structure for table `task_state`
--

DROP TABLE IF EXISTS `task_state`;
/*!40101 SET @saved_cs_client     = @@character_set_client */;
/*!50503 SET character_set_client = utf8mb4 */;
CREATE TABLE `task_state` (
  `id` smallint NOT NULL AUTO_INCREMENT,
  `name` varchar(80) CHARACTER SET utf8 COLLATE utf8_unicode_ci NOT NULL,
  PRIMARY KEY (`id`),
  UNIQUE KEY `task_state_ID_uindex` (`id`),
  UNIQUE KEY `UNQ1_TASK_STATE` (`name`)
) ENGINE=InnoDB AUTO_INCREMENT=4 DEFAULT CHARSET=utf8 COLLATE=utf8_unicode_ci;
/*!40101 SET character_set_client = @saved_cs_client */;

--
-- Dumping data for table `task_state`
--

LOCK TABLES `task_state` WRITE;
/*!40000 ALTER TABLE `task_state` DISABLE KEYS */;
INSERT INTO `task_state` VALUES (2,'##Выполнено с ошибками##'),(1,'##Выполнено##'),(3,'##Выполняется##');
/*!40000 ALTER TABLE `task_state` ENABLE KEYS */;
UNLOCK TABLES;

--
-- Table structure for table `task_type`
--

DROP TABLE IF EXISTS `task_type`;
/*!40101 SET @saved_cs_client     = @@character_set_client */;
/*!50503 SET character_set_client = utf8mb4 */;
CREATE TABLE `task_type` (
  `id` smallint NOT NULL AUTO_INCREMENT,
  `name` varchar(80) CHARACTER SET utf8 COLLATE utf8_unicode_ci NOT NULL,
  PRIMARY KEY (`id`),
  UNIQUE KEY `task_type_ID_uindex` (`id`),
  UNIQUE KEY `UNQ1_TASK_TYPE` (`name`)
) ENGINE=InnoDB AUTO_INCREMENT=5 DEFAULT CHARSET=utf8 COLLATE=utf8_unicode_ci;
/*!40101 SET character_set_client = @saved_cs_client */;

--
-- Dumping data for table `task_type`
--

LOCK TABLES `task_type` WRITE;
/*!40000 ALTER TABLE `task_type` DISABLE KEYS */;
INSERT INTO `task_type` VALUES (2,'##Команда в устройство##'),(3,'##Отправить отчет по email##'),(1,'##Резервное копирование базы данных##');
/*!40000 ALTER TABLE `task_type` ENABLE KEYS */;
UNLOCK TABLES;

--
-- Table structure for table `user`
--

DROP TABLE IF EXISTS `user`;
/*!40101 SET @saved_cs_client     = @@character_set_client */;
/*!50503 SET character_set_client = utf8mb4 */;
CREATE TABLE `user` (
  `id` int NOT NULL AUTO_INCREMENT,
  `last_name` varchar(150) CHARACTER SET utf8 COLLATE utf8_unicode_ci NOT NULL,
  `first_name` varchar(150) CHARACTER SET utf8 COLLATE utf8_unicode_ci NOT NULL,
  `middle_name` varchar(150) CHARACTER SET utf8 COLLATE utf8_unicode_ci DEFAULT NULL,
  `user_type_id` smallint NOT NULL,
  `is_operator` tinyint(1) NOT NULL DEFAULT '0',
  `division_id` int DEFAULT NULL,
  `position_id` int DEFAULT NULL,
  `access_template_id` int DEFAULT NULL,
  `is_active` tinyint(1) NOT NULL DEFAULT '1',
  `is_block` tinyint(1) NOT NULL DEFAULT '0',
  `is_removed` tinyint(1) NOT NULL DEFAULT '0',
  `create_date` datetime NOT NULL DEFAULT CURRENT_TIMESTAMP,
  `begin_date` datetime DEFAULT CURRENT_TIMESTAMP,
  `end_date` datetime DEFAULT NULL,
  PRIMARY KEY (`id`),
  UNIQUE KEY `user_ID_uindex` (`id`),
  KEY `user_position_id_index` (`position_id`),
  KEY `user_division_id_index` (`division_id`),
  KEY `user_user_type_id_fk` (`user_type_id`),
  KEY `user_access_template_id_fk` (`access_template_id`),
  KEY `user_last_name_index` (`last_name`),
  CONSTRAINT `user_access_template_id_fk` FOREIGN KEY (`access_template_id`) REFERENCES `access_template` (`id`) ON DELETE SET NULL ON UPDATE CASCADE,
  CONSTRAINT `user_division_id_fk` FOREIGN KEY (`division_id`) REFERENCES `division` (`id`) ON DELETE SET NULL ON UPDATE CASCADE,
  CONSTRAINT `user_position_id_fk` FOREIGN KEY (`position_id`) REFERENCES `position` (`id`) ON DELETE SET NULL ON UPDATE CASCADE,
  CONSTRAINT `user_user_type_id_fk` FOREIGN KEY (`user_type_id`) REFERENCES `user_type` (`id`)
) ENGINE=InnoDB AUTO_INCREMENT=105 DEFAULT CHARSET=utf8 COLLATE=utf8_unicode_ci;
/*!40101 SET character_set_client = @saved_cs_client */;

--
-- Dumping data for table `user`
--

LOCK TABLES `user` WRITE;
/*!40000 ALTER TABLE `user` DISABLE KEYS */;
INSERT INTO `user` VALUES (1,'##Администратор##','',NULL,1,1,NULL,NULL,NULL,0,0,0,'2018-10-12 14:07:48','2018-10-12 14:00:34',NULL),(2,'Сервер','Системы',NULL,0,1,NULL,NULL,NULL,0,0,0,'2018-11-26 13:48:21','2018-11-26 13:48:21',NULL),(3,'Менеджер','Перко-веб',NULL,0,1,NULL,NULL,NULL,0,0,0,'2018-11-26 14:54:07','2018-11-26 14:54:07',NULL),(4,'Мобильный','Терминал',NULL,0,1,NULL,NULL,NULL,0,0,0,'2018-12-10 16:39:23','2018-12-10 16:39:23',NULL),(5,'Event','Action',NULL,0,1,NULL,NULL,NULL,0,0,0,'2019-01-22 14:54:47','2019-01-22 14:54:47',NULL),(6,'1','С',NULL,1,1,NULL,NULL,NULL,1,1,0,'2019-02-11 13:54:18','2019-02-11 13:54:18',NULL),(100,'Иванов','Иван','Иванович',1,0,1,NULL,NULL,1,0,0,'2021-01-13 11:35:48','2021-01-13 00:00:00','2031-01-13 00:00:00'),(101,'Петров','Пётр','Петрович',1,0,1,NULL,NULL,1,0,0,'2021-01-13 11:36:16','2021-01-13 00:00:00','2031-01-13 00:00:00'),(102,'Сидоров','Владимир','Владимирович',1,0,1,NULL,NULL,1,0,0,'2021-01-13 11:36:36','2021-01-13 00:00:00','2031-01-13 00:00:00'),(103,'Чапаев','Василий','Иванович',1,0,1,NULL,NULL,1,0,0,'2021-01-13 11:37:17','2021-01-13 00:00:00','2031-01-13 00:00:00'),(104,'Шувалов','Николай','Петрович',1,0,1,NULL,NULL,1,0,0,'2021-01-13 11:39:23','2021-01-13 00:00:00','2031-01-13 00:00:00');
/*!40000 ALTER TABLE `user` ENABLE KEYS */;
UNLOCK TABLES;

--
-- Table structure for table `user_additional_field`
--

DROP TABLE IF EXISTS `user_additional_field`;
/*!40101 SET @saved_cs_client     = @@character_set_client */;
/*!50503 SET character_set_client = utf8mb4 */;
CREATE TABLE `user_additional_field` (
  `id` smallint NOT NULL AUTO_INCREMENT,
  `type_id` smallint NOT NULL,
  `name` varchar(150) CHARACTER SET utf8 COLLATE utf8_unicode_ci NOT NULL,
  `comment` varchar(150) CHARACTER SET utf8 COLLATE utf8_unicode_ci DEFAULT NULL,
  `user_type` smallint NOT NULL,
  `is_const` tinyint(1) NOT NULL DEFAULT '0',
  PRIMARY KEY (`id`),
  UNIQUE KEY `user_additional_field_id_uindex` (`id`)
) ENGINE=InnoDB AUTO_INCREMENT=3 DEFAULT CHARSET=utf8 COLLATE=utf8_unicode_ci;
/*!40101 SET character_set_client = @saved_cs_client */;

--
-- Dumping data for table `user_additional_field`
--

LOCK TABLES `user_additional_field` WRITE;
/*!40000 ALTER TABLE `user_additional_field` DISABLE KEYS */;
INSERT INTO `user_additional_field` VALUES (-6,5,'Email','##Служебное поле##',2,1),(-5,5,'Email','##Служебное поле##',1,1),(-4,4,'##Телефон##','##Служебное поле##',1,1),(-3,3,'Viber','##Служебное поле##',1,1),(-2,6,'##Пин-код##','##Служебное поле##',1,1),(-1,6,'##Пин-код##','##Служебное поле##',2,1),(1,2,'##Фотография##','##Служебное поле##',1,1),(2,2,'##Фотография##','##Служебное поле##',2,1);
/*!40000 ALTER TABLE `user_additional_field` ENABLE KEYS */;
UNLOCK TABLES;

--
-- Table structure for table `user_additional_field_data`
--

DROP TABLE IF EXISTS `user_additional_field_data`;
/*!40101 SET @saved_cs_client     = @@character_set_client */;
/*!50503 SET character_set_client = utf8mb4 */;
CREATE TABLE `user_additional_field_data` (
  `user_id` int NOT NULL,
  `field_id` smallint NOT NULL,
  `data` mediumtext CHARACTER SET utf8 COLLATE utf8_unicode_ci,
  PRIMARY KEY (`user_id`,`field_id`),
  KEY `user_additional_field_data_user_additional_field_id_fk` (`field_id`),
  CONSTRAINT `user_additional_field_data_user_additional_field_id_fk` FOREIGN KEY (`field_id`) REFERENCES `user_additional_field` (`id`),
  CONSTRAINT `user_additional_field_data_user_id_fk` FOREIGN KEY (`user_id`) REFERENCES `user` (`id`)
) ENGINE=InnoDB DEFAULT CHARSET=utf8 COLLATE=utf8_unicode_ci;
/*!40101 SET character_set_client = @saved_cs_client */;

--
-- Dumping data for table `user_additional_field_data`
--

LOCK TABLES `user_additional_field_data` WRITE;
/*!40000 ALTER TABLE `user_additional_field_data` DISABLE KEYS */;
/*!40000 ALTER TABLE `user_additional_field_data` ENABLE KEYS */;
UNLOCK TABLES;

--
-- Table structure for table `user_additional_field_type`
--

DROP TABLE IF EXISTS `user_additional_field_type`;
/*!40101 SET @saved_cs_client     = @@character_set_client */;
/*!50503 SET character_set_client = utf8mb4 */;
CREATE TABLE `user_additional_field_type` (
  `id` smallint NOT NULL AUTO_INCREMENT,
  `name` varchar(150) CHARACTER SET utf8 COLLATE utf8_unicode_ci NOT NULL,
  PRIMARY KEY (`id`),
  UNIQUE KEY `user_additional_field_type_id_uindex` (`id`),
  UNIQUE KEY `user_additional_field_type_name_uindex` (`name`)
) ENGINE=InnoDB AUTO_INCREMENT=7 DEFAULT CHARSET=utf8 COLLATE=utf8_unicode_ci;
/*!40101 SET character_set_client = @saved_cs_client */;

--
-- Dumping data for table `user_additional_field_type`
--

LOCK TABLES `user_additional_field_type` WRITE;
/*!40000 ALTER TABLE `user_additional_field_type` DISABLE KEYS */;
INSERT INTO `user_additional_field_type` VALUES (2,'##Графический##'),(6,'##Пин-код##'),(1,'##Текстовый##'),(4,'##Телефон##'),(5,'Email'),(3,'Viber');
/*!40000 ALTER TABLE `user_additional_field_type` ENABLE KEYS */;
UNLOCK TABLES;

--
-- Table structure for table `user_barcode`
--

DROP TABLE IF EXISTS `user_barcode`;
/*!40101 SET @saved_cs_client     = @@character_set_client */;
/*!50503 SET character_set_client = utf8mb4 */;
CREATE TABLE `user_barcode` (
  `identifier_id` int NOT NULL,
  `barcode_type_id` int NOT NULL,
  KEY `user_barcode_user_card_id_fk` (`identifier_id`),
  KEY `user_barcode_barcode_type_id_fk` (`barcode_type_id`),
  CONSTRAINT `user_barcode_barcode_type_id_fk` FOREIGN KEY (`barcode_type_id`) REFERENCES `barcode_type` (`id`) ON DELETE CASCADE ON UPDATE CASCADE,
  CONSTRAINT `user_barcode_user_card_id_fk` FOREIGN KEY (`identifier_id`) REFERENCES `user_card` (`id`) ON DELETE CASCADE ON UPDATE CASCADE
) ENGINE=InnoDB DEFAULT CHARSET=utf8mb4 COLLATE=utf8mb4_0900_ai_ci;
/*!40101 SET character_set_client = @saved_cs_client */;

--
-- Dumping data for table `user_barcode`
--

LOCK TABLES `user_barcode` WRITE;
/*!40000 ALTER TABLE `user_barcode` DISABLE KEYS */;
/*!40000 ALTER TABLE `user_barcode` ENABLE KEYS */;
UNLOCK TABLES;

--
-- Table structure for table `user_bio`
--

DROP TABLE IF EXISTS `user_bio`;
/*!40101 SET @saved_cs_client     = @@character_set_client */;
/*!50503 SET character_set_client = utf8mb4 */;
CREATE TABLE `user_bio` (
  `id` int NOT NULL AUTO_INCREMENT,
  `user_id` int DEFAULT NULL,
  `bio_type` smallint DEFAULT NULL,
  `template_type` smallint DEFAULT '2',
  `template` mediumtext COLLATE utf8_unicode_ci,
  `template2` mediumtext COLLATE utf8_unicode_ci,
  `image` mediumtext COLLATE utf8_unicode_ci,
  `number` smallint DEFAULT NULL,
  `name` varchar(150) CHARACTER SET utf8 COLLATE utf8_unicode_ci DEFAULT NULL,
  `operator_id` int DEFAULT NULL,
  `create_date` datetime DEFAULT NULL,
  PRIMARY KEY (`id`),
  UNIQUE KEY `user_fingerprint_ID_uindex` (`id`),
  KEY `user_fingerprint_user_id_fk` (`user_id`),
  CONSTRAINT `user_fingerprint_user_id_fk` FOREIGN KEY (`user_id`) REFERENCES `user` (`id`)
) ENGINE=InnoDB DEFAULT CHARSET=utf8 COLLATE=utf8_unicode_ci;
/*!40101 SET character_set_client = @saved_cs_client */;

--
-- Dumping data for table `user_bio`
--

LOCK TABLES `user_bio` WRITE;
/*!40000 ALTER TABLE `user_bio` DISABLE KEYS */;
/*!40000 ALTER TABLE `user_bio` ENABLE KEYS */;
UNLOCK TABLES;

--
-- Table structure for table `user_card`
--

DROP TABLE IF EXISTS `user_card`;
/*!40101 SET @saved_cs_client     = @@character_set_client */;
/*!50503 SET character_set_client = utf8mb4 */;
CREATE TABLE `user_card` (
  `id` int NOT NULL AUTO_INCREMENT,
  `user_id` int NOT NULL,
  `identifier` bigint unsigned NOT NULL,
  `operator_id` int DEFAULT NULL,
  `create_date` datetime DEFAULT NULL,
  PRIMARY KEY (`id`),
  UNIQUE KEY `user_card_ID_uindex` (`id`),
  UNIQUE KEY `user_card_IDENTIFIER_uindex` (`identifier`),
  KEY `user_card_user_id_fk` (`user_id`),
  CONSTRAINT `user_card_user_id_fk` FOREIGN KEY (`user_id`) REFERENCES `user` (`id`) ON DELETE CASCADE ON UPDATE CASCADE
) ENGINE=InnoDB DEFAULT CHARSET=utf8 COLLATE=utf8_unicode_ci;
/*!40101 SET character_set_client = @saved_cs_client */;

--
-- Dumping data for table `user_card`
--

LOCK TABLES `user_card` WRITE;
/*!40000 ALTER TABLE `user_card` DISABLE KEYS */;
/*!40000 ALTER TABLE `user_card` ENABLE KEYS */;
UNLOCK TABLES;

--
-- Table structure for table `user_change`
--

DROP TABLE IF EXISTS `user_change`;
/*!40101 SET @saved_cs_client     = @@character_set_client */;
/*!50503 SET character_set_client = utf8mb4 */;
CREATE TABLE `user_change` (
  `id` int NOT NULL AUTO_INCREMENT,
  `user_id` int NOT NULL,
  `change_type_id` smallint NOT NULL,
  `begin_date` date DEFAULT NULL,
  `end_date` date DEFAULT NULL,
  `old_value` int DEFAULT NULL,
  `value` int DEFAULT NULL,
  `is_execute` tinyint(1) NOT NULL DEFAULT '0',
  `timestamp` datetime NOT NULL DEFAULT CURRENT_TIMESTAMP,
  PRIMARY KEY (`id`),
  UNIQUE KEY `user_change_ID_uindex` (`id`),
  KEY `fk_user_change_user_id` (`user_id`),
  KEY `user_change_begin_date_index` (`begin_date`),
  KEY `user_change_end_date_index` (`end_date`),
  CONSTRAINT `fk_user_change_user_id` FOREIGN KEY (`user_id`) REFERENCES `user` (`id`) ON DELETE CASCADE ON UPDATE CASCADE
) ENGINE=InnoDB AUTO_INCREMENT=6 DEFAULT CHARSET=utf8 COLLATE=utf8_unicode_ci;
/*!40101 SET character_set_client = @saved_cs_client */;

--
-- Dumping data for table `user_change`
--

LOCK TABLES `user_change` WRITE;
/*!40000 ALTER TABLE `user_change` DISABLE KEYS */;
INSERT INTO `user_change` VALUES (1,100,1,'2021-01-13',NULL,NULL,1,1,'2021-01-13 11:35:48'),(2,101,1,'2021-01-13',NULL,NULL,1,1,'2021-01-13 11:36:16'),(3,102,1,'2021-01-13',NULL,NULL,1,1,'2021-01-13 11:36:36'),(4,103,1,'2021-01-13',NULL,NULL,1,1,'2021-01-13 11:37:17'),(5,104,1,'2021-01-13',NULL,NULL,1,1,'2021-01-13 11:39:23');
/*!40000 ALTER TABLE `user_change` ENABLE KEYS */;
UNLOCK TABLES;

--
-- Table structure for table `user_change_type`
--

DROP TABLE IF EXISTS `user_change_type`;
/*!40101 SET @saved_cs_client     = @@character_set_client */;
/*!50503 SET character_set_client = utf8mb4 */;
CREATE TABLE `user_change_type` (
  `id` smallint NOT NULL AUTO_INCREMENT,
  `description` varchar(150) CHARACTER SET utf8 COLLATE utf8_unicode_ci NOT NULL,
  PRIMARY KEY (`id`),
  UNIQUE KEY `user_change_type_ID_uindex` (`id`)
) ENGINE=InnoDB AUTO_INCREMENT=6 DEFAULT CHARSET=utf8 COLLATE=utf8_unicode_ci;
/*!40101 SET character_set_client = @saved_cs_client */;

--
-- Dumping data for table `user_change_type`
--

LOCK TABLES `user_change_type` WRITE;
/*!40000 ALTER TABLE `user_change_type` DISABLE KEYS */;
INSERT INTO `user_change_type` VALUES (1,'##Подразделение##'),(2,'##Должность##'),(3,'##Шаблон доступа##'),(4,'##График работы##'),(5,'##Блокировка##');
/*!40000 ALTER TABLE `user_change_type` ENABLE KEYS */;
UNLOCK TABLES;

--
-- Table structure for table `user_doc`
--

DROP TABLE IF EXISTS `user_doc`;
/*!40101 SET @saved_cs_client     = @@character_set_client */;
/*!50503 SET character_set_client = utf8mb4 */;
CREATE TABLE `user_doc` (
  `id` int NOT NULL AUTO_INCREMENT,
  `user_id` int NOT NULL,
  `doc_id` int NOT NULL,
  `doc_creation_date` date NOT NULL,
  `duration` time DEFAULT NULL,
  `doc_begin_date` date DEFAULT NULL,
  `doc_end_date` date DEFAULT NULL,
  `doc_number` varchar(150) CHARACTER SET utf8 COLLATE utf8_unicode_ci DEFAULT NULL,
  `no_calculate` tinyint(1) NOT NULL DEFAULT '0',
  `is_complex` tinyint(1) NOT NULL DEFAULT '0',
  `operator_id` int DEFAULT NULL,
  PRIMARY KEY (`id`),
  UNIQUE KEY `user_doc_ID_uindex` (`id`),
  KEY `user_doc_user_operator_user_id_fk` (`operator_id`),
  CONSTRAINT `user_doc_user_operator_user_id_fk` FOREIGN KEY (`operator_id`) REFERENCES `user_operator` (`user_id`) ON DELETE SET NULL ON UPDATE CASCADE
) ENGINE=InnoDB DEFAULT CHARSET=utf8 COLLATE=utf8_unicode_ci;
/*!40101 SET character_set_client = @saved_cs_client */;

--
-- Dumping data for table `user_doc`
--

LOCK TABLES `user_doc` WRITE;
/*!40000 ALTER TABLE `user_doc` DISABLE KEYS */;
/*!40000 ALTER TABLE `user_doc` ENABLE KEYS */;
UNLOCK TABLES;

--
-- Table structure for table `user_image`
--

DROP TABLE IF EXISTS `user_image`;
/*!40101 SET @saved_cs_client     = @@character_set_client */;
/*!50503 SET character_set_client = utf8mb4 */;
CREATE TABLE `user_image` (
  `user_id` int NOT NULL,
  `field_id` int NOT NULL,
  `image` mediumtext CHARACTER SET utf8 COLLATE utf8_unicode_ci NOT NULL,
  `user_type` smallint NOT NULL,
  KEY `user_image_user_id_index` (`user_id`),
  CONSTRAINT `user_image_user_id_fk` FOREIGN KEY (`user_id`) REFERENCES `user` (`id`) ON DELETE CASCADE ON UPDATE CASCADE
) ENGINE=InnoDB DEFAULT CHARSET=utf8 COLLATE=utf8_unicode_ci;
/*!40101 SET character_set_client = @saved_cs_client */;

--
-- Dumping data for table `user_image`
--

LOCK TABLES `user_image` WRITE;
/*!40000 ALTER TABLE `user_image` DISABLE KEYS */;
/*!40000 ALTER TABLE `user_image` ENABLE KEYS */;
UNLOCK TABLES;

--
-- Table structure for table `user_operator`
--

DROP TABLE IF EXISTS `user_operator`;
/*!40101 SET @saved_cs_client     = @@character_set_client */;
/*!50503 SET character_set_client = utf8mb4 */;
CREATE TABLE `user_operator` (
  `user_id` int NOT NULL,
  `type_id` smallint NOT NULL DEFAULT '3',
  `login` varchar(255) CHARACTER SET utf8 COLLATE utf8_bin NOT NULL,
  `password` varchar(255) CHARACTER SET utf8 COLLATE utf8_bin NOT NULL,
  `description` varchar(150) CHARACTER SET utf8 COLLATE utf8_bin DEFAULT NULL,
  `user_role_id` int NOT NULL,
  `language` varchar(10) CHARACTER SET utf8 COLLATE utf8_bin DEFAULT NULL,
  `is_const` tinyint(1) NOT NULL DEFAULT '0',
  `is_block` tinyint(1) NOT NULL DEFAULT '0',
  `api_permissions` mediumtext CHARACTER SET utf8 COLLATE utf8_bin,
  `open_key` varchar(100) CHARACTER SET utf8 COLLATE utf8_bin DEFAULT NULL,
  `is_migrate` tinyint(1) NOT NULL DEFAULT '0',
  PRIMARY KEY (`user_id`),
  UNIQUE KEY `user_operator_USER_ID_uindex` (`user_id`),
  UNIQUE KEY `user_operator_LOGIN_uindex` (`login`),
  KEY `user_operator_user_operator_type_id_fk` (`type_id`),
  CONSTRAINT `user_operator_user_operator_type_id_fk` FOREIGN KEY (`type_id`) REFERENCES `user_operator_type` (`id`)
) ENGINE=InnoDB DEFAULT CHARSET=utf8 COLLATE=utf8_unicode_ci;
/*!40101 SET character_set_client = @saved_cs_client */;

--
-- Dumping data for table `user_operator`
--

LOCK TABLES `user_operator` WRITE;
/*!40000 ALTER TABLE `user_operator` DISABLE KEYS */;
INSERT INTO `user_operator` VALUES (1,2,'admin','174d0ae16ec4db538d91aed9de2f1e61be59718ccce25c31226ccba18e96746a',NULL,1,'ru',1,0,'{ \"all\": {} }',NULL,0),(2,1,'sysserver','3148b768c93e72647788d8f7c604d3140cd14fa950537c72df5250d3d269f790',NULL,1,'ru',1,0,'{\"all\":{}}','ZQBYzD60KuqoNIAW',0),(3,1,'pwmanager','afb2e3f850153c165dccad1469527d46715c490dbb963c4b0813d38404fd677c',NULL,1,'ru',1,0,'{\"all\":{}}','waVehJFMzhjVqjxo',0),(4,1,'mobileTerminal','c65cad34ba56425f990af2a94c9e4bece8f49fba88d4765307c74f58cdba220f',NULL,1,'ru',1,0,'{\"all\":{}}','AdJKh3O88KYN605F',0),(5,1,'event action','126a501ddee8e5b26e8bad8f04729b46a0898b08ef41b71132a312c8c5581845',NULL,1,'ru',1,0,'{\"all\":{}}','tu4aeQEJwulgZXoF',0),(6,2,'1s','fc6b5d4440c2cc9b03bacd197c548794add573ec65f9e401288cfa64006f0257',NULL,1,'ru',1,1,'{\"all\": {}, \"usersIdGET\": {}, \"usersStaffTableGET\": {}, \"usersStaffTableHtmlGET\": {}, \"usersStaffListGET\": {}, \"usersStaffPUT\": {}, \"usersStaffIdGET\": {}, \"usersStaffIdPOST\": {}, \"usersAdditionalFieldListGET\": {}, \"usersIdDocsTableGET\": {}, \"usersIdDocsPUT\": {}, \"usersIdPlannerGET\": {}, \"usersIdPlannerPUT\": {}, \"usersIdErrorsGET\": {}, \"usersPlannerIdGET\": {}, \"usersPlannerIdPOST\": {}, \"usersPlannerIdDELETE\": {}, \"usersIdDocsIdGET\": {}, \"userDocsIdPOST\": {}, \"usersDocsIdDELETE\": {}, \"usersGetFingerprintCount\": {}, \"usersGetFingerprints\": {}, \"usersAddFingerprint\": {}, \"usersDeleteFingerprint\": {}, \"divisionsPUT\": {}, \"divisionsTreeGET\": {}, \"divisionsListGET\": {}, \"positionsListGET\": {}, \"positionsPUT\": {}, \"passDesignTemplatesListGET\": {}, \"passDesignTemplateUserData\": {}, \"devicesGET\": {}, \"devicesIdReaderGET\": {}, \"roomsWithDeviceTypeGET\": {}, \"accessTemplatesListGET\": {}, \"accessTemplatesPUT\": {}, \"accessTemplatesIdGET\": {}, \"accessSchedulesTypesGET\": {}, \"accessSchedulesListGET\": {}, \"accessSchedulesPUT\": {}, \"accessSchedulesIdGET\": {}, \"accessSchedulesIdPOST\": {}, \"accessTemplatesAccessRightsGET\": {}, \"accessTemplatesComissionTypesGET\": {}, \"timeAttendanceScheduleListGET\": {}, \"timeAttendanceSchedulePUT\": {}, \"timeAttendanceDocsListGET\": {}, \"parseFilePOST\": {}, \"associatePOST\": {}, \"importPOST\": {}, \"exportPOST\": {}, \"exportUnimportedPOST\": {}, \"getStatusImportGET\": {}, \"roomsTreeGET\": {}, \"timeAttendanceScheduleIdGET\": {}, \"divisionsTreeHtmlGET\": {}, \"divisionsListHtmlGET\": {}, \"divisionsIdGET\": {}, \"divisionsIdPOST\": {}, \"divisionsIdDELETE\": {}, \"timeAttendanceScheduleHolidaysListGET\": {}, \"timeAttendanceScheduleHolidaysPUT\": {}, \"timeAttendanceScheduleHolidaysFillPOST\": {}, \"timeAttendanceScheduleHolidaysClearPOST\": {}, \"timeAttendanceScheduleHolidaysIdGET\": {}, \"timeAttendanceScheduleHolidaysIdPOST\": {}, \"timeAttendanceScheduleHolidaysIdDELETE\": {}, \"timeAttendancePresetHolidaysGET\": {}, \"timeAttendancePresetHolidaysPUT\": {}, \"timeAttendancePresetHolidaysIdDELETE\": {}, \"usersAdditionalFieldsTableGET\": {}, \"usersAdditionalFieldsPUT\": {}, \"usersAdditionalFieldsIdGET\": {}, \"usersAdditionalFieldsIdPOST\": {}, \"usersAdditionalFieldsIdDELETE\": {}, \"usersVisitorTableGET\": {}, \"usersVisitorPUT\": {}, \"usersVisitorIdGET\": {}, \"usersVisitorIdPOST\": {}, \"accessTemplatesTableGET\": {}, \"accessTemplatesIdPOST\": {}, \"accessTemplatesIdDELETE\": {}, \"accessSchedulesTableGET\": {}, \"accessSchedulesIdDELETE\": {}, \"passDesignTemplatesTableGET\": {}, \"passDesignTemplatesItemGET\": {}, \"passDesignTemplatesItemPOST\": {}, \"passDesignTemplatesItemDELETE\": {}, \"passDesignTemplatesItemPUT\": {}, \"accessReportsVisitorsGET\": {}, \"timeAttendanceReportsTimeTrackingGET\": {}, \"timeAttendanceReportsEventsTableGET\": {}, \"timeAttendanceDocsTableGET\": {}, \"timeAttendanceDocsIdPOST\": {}, \"timeAttendanceDocsIdDELETE\": {}, \"timeAttendanceDocsPUT\": {}, \"timeAttendanceDocsTypesGET\": {}, \"timeAttendanceDocsCalcMethodsGET\": {}, \"timeAttendanceReportsTimesheetHtmlGET\": {}, \"timeAttendanceReportsTimesheetGET\": {}, \"timeAttendanceReportsViolatorsGET\": {}, \"timeAttendanceReportsPresenceGET\": {}, \"timeAttendanceReportsAbsenceGET\": {}, \"timeAttendanceReportsLateGET\": {}, \"timeAttendanceReportsEarlyGET\": {}, \"timeAttendanceReportsOverworkGET\": {}, \"accessReportsEventsGET\": {}, \"devicesIdGET\": {}, \"roomWithDevicesGET\": {}, \"accessReportsAccessZoneGET\": {}, \"accessReportsWhereaboutsGET\": {}, \"verifyTemplatesLIST\": {}, \"verifyGetTemplate\": {}, \"verifyTemplateTABLE\": {}, \"verifyTemplatePUT\": {}, \"verifyTemplateGET\": {}, \"verifyTemplatePOST\": {}, \"verifyTemplateDELETE\": {}, \"verifyGetPoint\": {}, \"verifyPointPUT\": {}, \"verifyPointPOST\": {}, \"verifyPointDELETE\": {}, \"verifyPointLIST\": {}, \"verifyPointTABLE\": {}, \"devicesPUT\": {}, \"devicesIdPOST\": {}, \"devicesIdDELETE\": {}, \"devicesIdActivatePOST\": {}, \"devicesIdDeactivatePOST\": {}, \"devicesIdAttachPOST\": {}, \"devicesIdDetachPOST\": {}, \"devicesSearchGET\": {}, \"roomsListGET\": {}, \"roomsPUT\": {}, \"roomsIdPOST\": {}, \"roomsIdDELETE\": {}, \"eventsystemGET\": {}, \"tasksGET\": {}, \"tasksPUT\": {}, \"tasksIdGET\": {}, \"tasksIdPOST\": {}, \"tasksIdDELETE\": {}, \"tasksIdStatusPOST\": {}, \"tasksTypesGET\": {}, \"operatorsGET\": {}, \"operatorsPUT\": {}, \"operatorsIdGET\": {}, \"operatorsIdPOST\": {}, \"operatorsIdDELETE\": {}, \"operatorsIdLockPOST\": {}, \"operatorsIdUnlockPOST\": {}, \"rolesListGET\": {}, \"rolesTableGET\": {}, \"rolesPUT\": {}, \"rolesIdGET\": {}, \"rolesIdPOST\": {}, \"rolesIdDELETE\": {}, \"licensesGET\": {}, \"licensesLicenseControllersGET\": {}, \"licensesSetLicenseKeyPOST\": {}, \"licensesCurrentLicenseControllerGET\": {}, \"licensesSetLicenseControllerPOST\": {}, \"licensesLicenseActivatePOST\": {}, \"licensesLicenseDeactivatePOST\": {}, \"timeAttendanceScheduleTableGET\": {}, \"timeAttendanceScheduleIdPOST\": {}, \"timeAttendanceScheduleIdDELETE\": {}, \"timeAttendanceScheduleNightTimeGET\": {}, \"timeAttendanceScheduleNightTimePOST\": {}, \"positionsTableGET\": {}, \"positionsTableHtmlGET\": {}, \"positionsIdGET\": {}, \"positionsIdPOST\": {}, \"positionsIdDELETE\": {}}','GqPMWBuEqqtyqXEN',0);
/*!40000 ALTER TABLE `user_operator` ENABLE KEYS */;
UNLOCK TABLES;

--
-- Table structure for table `user_operator_type`
--

DROP TABLE IF EXISTS `user_operator_type`;
/*!40101 SET @saved_cs_client     = @@character_set_client */;
/*!50503 SET character_set_client = utf8mb4 */;
CREATE TABLE `user_operator_type` (
  `id` smallint NOT NULL AUTO_INCREMENT,
  `name` varchar(50) CHARACTER SET utf8 COLLATE utf8_unicode_ci NOT NULL,
  PRIMARY KEY (`id`),
  UNIQUE KEY `user_operator_type_id_uindex` (`id`),
  UNIQUE KEY `user_operator_type_name_uindex` (`name`)
) ENGINE=InnoDB AUTO_INCREMENT=4 DEFAULT CHARSET=utf8 COLLATE=utf8_unicode_ci;
/*!40101 SET character_set_client = @saved_cs_client */;

--
-- Dumping data for table `user_operator_type`
--

LOCK TABLES `user_operator_type` WRITE;
/*!40000 ALTER TABLE `user_operator_type` DISABLE KEYS */;
INSERT INTO `user_operator_type` VALUES (3,'Пользовательский'),(2,'Предустановленный'),(1,'Системный');
/*!40000 ALTER TABLE `user_operator_type` ENABLE KEYS */;
UNLOCK TABLES;

--
-- Table structure for table `user_role`
--

DROP TABLE IF EXISTS `user_role`;
/*!40101 SET @saved_cs_client     = @@character_set_client */;
/*!50503 SET character_set_client = utf8mb4 */;
CREATE TABLE `user_role` (
  `id` int NOT NULL AUTO_INCREMENT,
  `name` varchar(150) CHARACTER SET utf8 COLLATE utf8_unicode_ci NOT NULL,
  `description` varchar(150) CHARACTER SET utf8 COLLATE utf8_unicode_ci DEFAULT NULL,
  `rights` mediumtext CHARACTER SET utf8 COLLATE utf8_unicode_ci,
  `is_const` tinyint(1) NOT NULL DEFAULT '0',
  PRIMARY KEY (`id`),
  UNIQUE KEY `user_role_ID_uindex` (`id`),
  UNIQUE KEY `UNQ1_USER_ROLE` (`name`)
) ENGINE=InnoDB AUTO_INCREMENT=2 DEFAULT CHARSET=utf8 COLLATE=utf8_unicode_ci;
/*!40101 SET character_set_client = @saved_cs_client */;

--
-- Dumping data for table `user_role`
--

LOCK TABLES `user_role` WRITE;
/*!40000 ALTER TABLE `user_role` DISABLE KEYS */;
INSERT INTO `user_role` VALUES (1,'admin',NULL,NULL,1);
/*!40000 ALTER TABLE `user_role` ENABLE KEYS */;
UNLOCK TABLES;

--
-- Table structure for table `user_staff`
--

DROP TABLE IF EXISTS `user_staff`;
/*!40101 SET @saved_cs_client     = @@character_set_client */;
/*!50503 SET character_set_client = utf8mb4 */;
CREATE TABLE `user_staff` (
  `user_id` int NOT NULL,
  `hiring_date` date NOT NULL,
  `tabel_number` varchar(100) CHARACTER SET utf8 COLLATE utf8_unicode_ci DEFAULT NULL,
  `is_dismissed` tinyint(1) NOT NULL DEFAULT '0',
  `dismissed_date` date DEFAULT NULL,
  `work_schedule_id` int DEFAULT NULL,
  `viber_id` varchar(50) CHARACTER SET utf8 COLLATE utf8_unicode_ci DEFAULT NULL,
  PRIMARY KEY (`user_id`),
  UNIQUE KEY `user_staff_USER_ID_uindex` (`user_id`),
  KEY `user_staff_work_schedule_id_fk` (`work_schedule_id`),
  CONSTRAINT `user_staff_user_id_fk` FOREIGN KEY (`user_id`) REFERENCES `user` (`id`) ON DELETE CASCADE ON UPDATE CASCADE,
  CONSTRAINT `user_staff_work_schedule_id_fk` FOREIGN KEY (`work_schedule_id`) REFERENCES `work_schedule` (`id`) ON DELETE SET NULL ON UPDATE CASCADE
) ENGINE=InnoDB DEFAULT CHARSET=utf8 COLLATE=utf8_unicode_ci;
/*!40101 SET character_set_client = @saved_cs_client */;

--
-- Dumping data for table `user_staff`
--

LOCK TABLES `user_staff` WRITE;
/*!40000 ALTER TABLE `user_staff` DISABLE KEYS */;
INSERT INTO `user_staff` VALUES (1,'2020-03-11','0001',0,NULL,NULL,NULL),(100,'2021-01-13','1',0,NULL,NULL,NULL),(101,'2021-01-13','2',0,NULL,NULL,NULL),(102,'2021-01-13','3',0,NULL,NULL,NULL),(103,'2021-01-13','4',0,NULL,NULL,NULL),(104,'2021-01-13','5',0,NULL,NULL,NULL);
/*!40000 ALTER TABLE `user_staff` ENABLE KEYS */;
UNLOCK TABLES;

--
-- Table structure for table `user_type`
--

DROP TABLE IF EXISTS `user_type`;
/*!40101 SET @saved_cs_client     = @@character_set_client */;
/*!50503 SET character_set_client = utf8mb4 */;
CREATE TABLE `user_type` (
  `id` smallint NOT NULL AUTO_INCREMENT,
  `type` varchar(50) CHARACTER SET utf8 COLLATE utf8_unicode_ci NOT NULL,
  `description` varchar(150) CHARACTER SET utf8 COLLATE utf8_unicode_ci NOT NULL,
  PRIMARY KEY (`id`),
  UNIQUE KEY `user_type_ID_uindex` (`id`),
  UNIQUE KEY `user_type_TYPE_uindex` (`type`)
) ENGINE=InnoDB AUTO_INCREMENT=4 DEFAULT CHARSET=utf8 COLLATE=utf8_unicode_ci;
/*!40101 SET character_set_client = @saved_cs_client */;

--
-- Dumping data for table `user_type`
--

LOCK TABLES `user_type` WRITE;
/*!40000 ALTER TABLE `user_type` DISABLE KEYS */;
INSERT INTO `user_type` VALUES (0,'service','Служба'),(1,'staff','Сотрудник'),(2,'visitor','Посетитель');
/*!40000 ALTER TABLE `user_type` ENABLE KEYS */;
UNLOCK TABLES;

--
-- Table structure for table `user_visitor`
--

DROP TABLE IF EXISTS `user_visitor`;
/*!40101 SET @saved_cs_client     = @@character_set_client */;
/*!50503 SET character_set_client = utf8mb4 */;
CREATE TABLE `user_visitor` (
  `user_id` int NOT NULL,
  `accompanying_id` int DEFAULT NULL,
  `supporting_document` varchar(150) CHARACTER SET utf8 COLLATE utf8_unicode_ci DEFAULT NULL,
  `supporting_document_number` varchar(150) CHARACTER SET utf8 COLLATE utf8_unicode_ci DEFAULT NULL,
  `is_archived` tinyint(1) NOT NULL DEFAULT '0',
  `archive_datetime` datetime DEFAULT NULL,
  PRIMARY KEY (`user_id`),
  UNIQUE KEY `user_visitor_USER_ID_uindex` (`user_id`),
  KEY `user_visitor_accompanying_id_index` (`accompanying_id`)
) ENGINE=InnoDB DEFAULT CHARSET=utf8 COLLATE=utf8_unicode_ci;
/*!40101 SET character_set_client = @saved_cs_client */;

--
-- Dumping data for table `user_visitor`
--

LOCK TABLES `user_visitor` WRITE;
/*!40000 ALTER TABLE `user_visitor` DISABLE KEYS */;
/*!40000 ALTER TABLE `user_visitor` ENABLE KEYS */;
UNLOCK TABLES;

--
-- Table structure for table `verify_point`
--

DROP TABLE IF EXISTS `verify_point`;
/*!40101 SET @saved_cs_client     = @@character_set_client */;
/*!50503 SET character_set_client = utf8mb4 */;
CREATE TABLE `verify_point` (
  `id` int NOT NULL AUTO_INCREMENT,
  `verify_template_id` int NOT NULL,
  `name` varchar(150) CHARACTER SET utf8 COLLATE utf8_unicode_ci DEFAULT NULL,
  `reader_device_id` int DEFAULT NULL,
  `reader_direction` int DEFAULT NULL,
  `camera_device_id` int DEFAULT NULL,
  `sort_id` int DEFAULT NULL,
  `hot_key_allow` int DEFAULT NULL,
  `hot_key_deny` int DEFAULT NULL,
  `schema_data` mediumtext COLLATE utf8_unicode_ci,
  `options` text COLLATE utf8_unicode_ci,
  PRIMARY KEY (`id`),
  UNIQUE KEY `verify_point_ID_uindex` (`id`),
  KEY `verify_point_device_id_fk` (`reader_device_id`),
  CONSTRAINT `verify_point_device_id_fk` FOREIGN KEY (`reader_device_id`) REFERENCES `device` (`id`) ON DELETE CASCADE ON UPDATE CASCADE
) ENGINE=InnoDB DEFAULT CHARSET=utf8 COLLATE=utf8_unicode_ci;
/*!40101 SET character_set_client = @saved_cs_client */;

--
-- Dumping data for table `verify_point`
--

LOCK TABLES `verify_point` WRITE;
/*!40000 ALTER TABLE `verify_point` DISABLE KEYS */;
/*!40000 ALTER TABLE `verify_point` ENABLE KEYS */;
UNLOCK TABLES;

--
-- Table structure for table `verify_template`
--

DROP TABLE IF EXISTS `verify_template`;
/*!40101 SET @saved_cs_client     = @@character_set_client */;
/*!50503 SET character_set_client = utf8mb4 */;
CREATE TABLE `verify_template` (
  `id` int NOT NULL AUTO_INCREMENT,
  `is_const` tinyint(1) NOT NULL,
  `name` varchar(150) CHARACTER SET utf8 COLLATE utf8_unicode_ci DEFAULT NULL,
  `comment` varchar(150) CHARACTER SET utf8 COLLATE utf8_unicode_ci DEFAULT NULL,
  `field_visibility_staff` mediumtext CHARACTER SET utf8 COLLATE utf8_unicode_ci,
  `field_visibility_visitor` mediumtext CHARACTER SET utf8 COLLATE utf8_unicode_ci,
  PRIMARY KEY (`id`),
  UNIQUE KEY `verify_template_ID_uindex` (`id`),
  UNIQUE KEY `UNQ1_VERIFY_TEMPLATE` (`name`)
) ENGINE=InnoDB DEFAULT CHARSET=utf8 COLLATE=utf8_unicode_ci;
/*!40101 SET character_set_client = @saved_cs_client */;

--
-- Dumping data for table `verify_template`
--

LOCK TABLES `verify_template` WRITE;
/*!40000 ALTER TABLE `verify_template` DISABLE KEYS */;
/*!40000 ALTER TABLE `verify_template` ENABLE KEYS */;
UNLOCK TABLES;

--
-- Table structure for table `work_event_ignore`
--

DROP TABLE IF EXISTS `work_event_ignore`;
/*!40101 SET @saved_cs_client     = @@character_set_client */;
/*!50503 SET character_set_client = utf8mb4 */;
CREATE TABLE `work_event_ignore` (
  `event_access_id` bigint NOT NULL,
  PRIMARY KEY (`event_access_id`)
) ENGINE=InnoDB DEFAULT CHARSET=utf8 COLLATE=utf8_unicode_ci;
/*!40101 SET character_set_client = @saved_cs_client */;

--
-- Dumping data for table `work_event_ignore`
--

LOCK TABLES `work_event_ignore` WRITE;
/*!40000 ALTER TABLE `work_event_ignore` DISABLE KEYS */;
INSERT INTO `work_event_ignore` VALUES (12515),(12519),(16699),(16700),(16705);
/*!40000 ALTER TABLE `work_event_ignore` ENABLE KEYS */;
UNLOCK TABLES;

--
-- Table structure for table `work_event_type`
--

DROP TABLE IF EXISTS `work_event_type`;
/*!40101 SET @saved_cs_client     = @@character_set_client */;
/*!50503 SET character_set_client = utf8mb4 */;
CREATE TABLE `work_event_type` (
  `id` int NOT NULL AUTO_INCREMENT,
  `event_type_id` int NOT NULL,
  `description` varchar(150) CHARACTER SET utf8 COLLATE utf8_unicode_ci DEFAULT NULL,
  PRIMARY KEY (`id`),
  UNIQUE KEY `work_event_type_ID_uindex` (`id`),
  UNIQUE KEY `work_event_type_EVENT_TYPE_ID_uindex` (`event_type_id`)
) ENGINE=InnoDB AUTO_INCREMENT=38 DEFAULT CHARSET=utf8 COLLATE=utf8_unicode_ci;
/*!40101 SET character_set_client = @saved_cs_client */;

--
-- Dumping data for table `work_event_type`
--

LOCK TABLES `work_event_type` WRITE;
/*!40000 ALTER TABLE `work_event_type` DISABLE KEYS */;
INSERT INTO `work_event_type` VALUES (1,17,'Проход по идентификатору'),(2,529,'Проход по идентификатору с несоответствием временным критериям доступа'),(3,273,'Проход по идентификатору с несоответствием текущему местоположению'),(4,785,'Проход по идентификатору несоответствие временным критериям доступа и текущему местоположению'),(5,1041,'Проход по идентификатору с нарушением комиссионирования'),(6,1553,'Проход по идентификатору с несоответствием временным критериям доступа и с нарушением комиссионирования'),(7,1297,'Проход по идентификатору с несоответствием текущему местоположению и с нарушением комиссионирования'),(8,1809,'Проход по идентификатору несоответствие временным критериям доступа и текущему местоположению и с нарушением комиссионирования'),(9,2065,'Проход по идентификаторупри отказе в подтверждении прохода от верификации'),(10,2577,'Проход по идентификатору с несоответствием временным критериям доступа и при отказе в подтверждении прохода от верификации'),(11,2321,'Проход по идентификатору с несоответствием текущему местоположению и при отказе в подтверждении прохода от верификации'),(12,2833,'Проход по идентификатору несоответствие временным критериям доступа и текущему местоположению и при отказе в подтверждении прохода от верификации'),(13,23,'Проход с подтверждением от ДУ'),(14,535,'Проход с подтверждением от ДУ с несоответствием временным критериям доступа'),(15,279,'Проход с подтверждением от ДУ с несоответствием текущему местоположению'),(16,791,'Проход с подтверждением от ДУ несоответствие временным критериям доступа и текущему местоположению'),(17,27,'Проход с подтверждением от верификации'),(18,539,'Проход с подтверждением от верификации с несоответствием временным критериям доступа'),(19,283,'Проход с подтверждением от верификации с несоответствием текущему местоположению'),(20,795,'Проход с подтверждением от верификации несоответствие временным критериям доступа и текущему местоположению'),(21,5200,'Проход через мобильный терминал'),(22,5109,'Вход в шлюз'),(23,5110,'Выход из шлюза'),(24,8209,'Проход с подтверждением от ПДУ/верификации'),(25,8465,'Проход с подтверждением от ПДУ/верификации: с несоответствием текущему местоположению '),(26,8721,'Проход с подтверждением от ПДУ/верификации: с несоответствием временным критериям доступа'),(27,8977,'Проход с подтверждением от ПДУ/верификации: с несоответствием временным критериям доступа и текущему местоположению'),(28,12305,'Проход с подтверждением от ВВУ и далее ПДУ/верификации'),(29,12561,'Проход с подтверждением от ВВУ и далее ПДУ/верификации: с несоответствием текущему местоположению'),(30,12817,'Проход с подтверждением от ВВУ и далее ПДУ/верификации: с несоответствием временным критериям доступа'),(31,13073,'Проход с подтверждением от ВВУ и далее ПДУ/верификации: с несоответствием временным критериям доступа и текущему местоположению'),(32,4113,'Проход с подтверждением от ВВУ'),(33,4369,'Проход с подтверждением от ВВУ: с несоответствием текущему местоположению'),(34,4625,'Проход с подтверждением от ВВУ: с несоответствием временным критериям доступа'),(35,4881,'Проход с подтверждением от ВВУ: с несоответствием временным критериям доступа и текущему местоположению'),(36,5202,'Проход без медицинской маски'),(37,5203,'Проход с повышенной температурой');
/*!40000 ALTER TABLE `work_event_type` ENABLE KEYS */;
UNLOCK TABLES;

--
-- Table structure for table `work_holiday`
--

DROP TABLE IF EXISTS `work_holiday`;
/*!40101 SET @saved_cs_client     = @@character_set_client */;
/*!50503 SET character_set_client = utf8mb4 */;
CREATE TABLE `work_holiday` (
  `day` date NOT NULL,
  `name` varchar(150) CHARACTER SET utf8 COLLATE utf8_unicode_ci DEFAULT NULL,
  `work_holiday_type_id` int DEFAULT '1',
  `reduction` time DEFAULT NULL,
  `transfer_date` date DEFAULT NULL,
  PRIMARY KEY (`day`)
) ENGINE=InnoDB DEFAULT CHARSET=utf8 COLLATE=utf8_unicode_ci;
/*!40101 SET character_set_client = @saved_cs_client */;

--
-- Dumping data for table `work_holiday`
--

LOCK TABLES `work_holiday` WRITE;
/*!40000 ALTER TABLE `work_holiday` DISABLE KEYS */;
/*!40000 ALTER TABLE `work_holiday` ENABLE KEYS */;
UNLOCK TABLES;

--
-- Table structure for table `work_holiday_parameters`
--

DROP TABLE IF EXISTS `work_holiday_parameters`;
/*!40101 SET @saved_cs_client     = @@character_set_client */;
/*!50503 SET character_set_client = utf8mb4 */;
CREATE TABLE `work_holiday_parameters` (
  `night_time_begin` time DEFAULT NULL,
  `night_time_end` time DEFAULT NULL,
  `evening_time_begin` time DEFAULT NULL,
  `evening_time_end` time DEFAULT NULL,
  `is_evening_time` tinyint(1) NOT NULL
) ENGINE=InnoDB DEFAULT CHARSET=utf8 COLLATE=utf8_unicode_ci;
/*!40101 SET character_set_client = @saved_cs_client */;

--
-- Dumping data for table `work_holiday_parameters`
--

LOCK TABLES `work_holiday_parameters` WRITE;
/*!40000 ALTER TABLE `work_holiday_parameters` DISABLE KEYS */;
INSERT INTO `work_holiday_parameters` VALUES ('03:56:00','07:00:00','01:00:00','05:00:00',0);
/*!40000 ALTER TABLE `work_holiday_parameters` ENABLE KEYS */;
UNLOCK TABLES;

--
-- Table structure for table `work_holyday_type`
--

DROP TABLE IF EXISTS `work_holyday_type`;
/*!40101 SET @saved_cs_client     = @@character_set_client */;
/*!50503 SET character_set_client = utf8mb4 */;
CREATE TABLE `work_holyday_type` (
  `id` smallint NOT NULL AUTO_INCREMENT,
  `name` varchar(150) CHARACTER SET utf8 COLLATE utf8_unicode_ci NOT NULL,
  PRIMARY KEY (`id`),
  UNIQUE KEY `UNQ1_WORK_HOLYDAY_TYPE` (`name`),
  UNIQUE KEY `work_holyday_type_ID_uindex` (`id`)
) ENGINE=InnoDB AUTO_INCREMENT=5 DEFAULT CHARSET=utf8 COLLATE=utf8_unicode_ci;
/*!40101 SET character_set_client = @saved_cs_client */;

--
-- Dumping data for table `work_holyday_type`
--

LOCK TABLES `work_holyday_type` WRITE;
/*!40000 ALTER TABLE `work_holyday_type` DISABLE KEYS */;
INSERT INTO `work_holyday_type` VALUES (4,'##Пометка##'),(1,'##Праздник##'),(2,'##Предпраздничный день##'),(3,'##Рабочий выходной##');
/*!40000 ALTER TABLE `work_holyday_type` ENABLE KEYS */;
UNLOCK TABLES;

--
-- Table structure for table `work_schedule`
--

DROP TABLE IF EXISTS `work_schedule`;
/*!40101 SET @saved_cs_client     = @@character_set_client */;
/*!50503 SET character_set_client = utf8mb4 */;
CREATE TABLE `work_schedule` (
  `id` int NOT NULL AUTO_INCREMENT,
  `is_const` smallint DEFAULT NULL,
  `name` varchar(150) CHARACTER SET utf8 COLLATE utf8_unicode_ci NOT NULL,
  `comment` varchar(150) CHARACTER SET utf8 COLLATE utf8_unicode_ci DEFAULT NULL,
  `is_not_holiday` tinyint(1) NOT NULL,
  `is_first_input_last_output` tinyint(1) NOT NULL,
  `work_schedule_type_id` int DEFAULT NULL,
  `begin_date` date DEFAULT NULL,
  `control_coming_before` time DEFAULT NULL,
  `control_leaving_later` time DEFAULT NULL,
  `allow_coming_later` time DEFAULT NULL,
  `allow_leaving_before` time DEFAULT NULL,
  `allow_slide_coming_later` time DEFAULT NULL,
  `allow_slide_leaving_before` time DEFAULT NULL,
  `is_removed` tinyint(1) NOT NULL,
  `overtime` time DEFAULT NULL,
  `undertime` time DEFAULT NULL,
  `allow_breaks` time DEFAULT NULL,
  `worktime_begin` time DEFAULT NULL,
  `worktime_end` time DEFAULT NULL,
  `balance_stored` time DEFAULT NULL,
  `workday_list` mediumtext CHARACTER SET utf8 COLLATE utf8_unicode_ci,
  PRIMARY KEY (`id`),
  UNIQUE KEY `UNQ1_WORK_SCHEDULE` (`name`),
  UNIQUE KEY `work_schedule_ID_uindex` (`id`)
) ENGINE=InnoDB DEFAULT CHARSET=utf8 COLLATE=utf8_unicode_ci;
/*!40101 SET character_set_client = @saved_cs_client */;

--
-- Dumping data for table `work_schedule`
--

LOCK TABLES `work_schedule` WRITE;
/*!40000 ALTER TABLE `work_schedule` DISABLE KEYS */;
/*!40000 ALTER TABLE `work_schedule` ENABLE KEYS */;
UNLOCK TABLES;

--
-- Table structure for table `work_schedule_access_zone`
--

DROP TABLE IF EXISTS `work_schedule_access_zone`;
/*!40101 SET @saved_cs_client     = @@character_set_client */;
/*!50503 SET character_set_client = utf8mb4 */;
CREATE TABLE `work_schedule_access_zone` (
  `work_schedule_id` int NOT NULL,
  `access_zone_id` int NOT NULL,
  `is_discipline_control` tinyint(1) NOT NULL,
  PRIMARY KEY (`work_schedule_id`,`access_zone_id`)
) ENGINE=InnoDB DEFAULT CHARSET=utf8 COLLATE=utf8_unicode_ci;
/*!40101 SET character_set_client = @saved_cs_client */;

--
-- Dumping data for table `work_schedule_access_zone`
--

LOCK TABLES `work_schedule_access_zone` WRITE;
/*!40000 ALTER TABLE `work_schedule_access_zone` DISABLE KEYS */;
/*!40000 ALTER TABLE `work_schedule_access_zone` ENABLE KEYS */;
UNLOCK TABLES;

--
-- Table structure for table `work_schedule_day`
--

DROP TABLE IF EXISTS `work_schedule_day`;
/*!40101 SET @saved_cs_client     = @@character_set_client */;
/*!50503 SET character_set_client = utf8mb4 */;
CREATE TABLE `work_schedule_day` (
  `id` int NOT NULL,
  `work_schedule_id` int NOT NULL,
  `constant_component` time DEFAULT NULL,
  PRIMARY KEY (`id`,`work_schedule_id`)
) ENGINE=InnoDB DEFAULT CHARSET=utf8 COLLATE=utf8_unicode_ci;
/*!40101 SET character_set_client = @saved_cs_client */;

--
-- Dumping data for table `work_schedule_day`
--

LOCK TABLES `work_schedule_day` WRITE;
/*!40000 ALTER TABLE `work_schedule_day` DISABLE KEYS */;
/*!40000 ALTER TABLE `work_schedule_day` ENABLE KEYS */;
UNLOCK TABLES;

--
-- Table structure for table `work_schedule_interval`
--

DROP TABLE IF EXISTS `work_schedule_interval`;
/*!40101 SET @saved_cs_client     = @@character_set_client */;
/*!50503 SET character_set_client = utf8mb4 */;
CREATE TABLE `work_schedule_interval` (
  `work_schedule_id` int DEFAULT NULL,
  `begin_time` int DEFAULT NULL,
  `end_time` int DEFAULT NULL,
  `schedule_interval_type` smallint NOT NULL
) ENGINE=InnoDB DEFAULT CHARSET=utf8 COLLATE=utf8_unicode_ci;
/*!40101 SET character_set_client = @saved_cs_client */;

--
-- Dumping data for table `work_schedule_interval`
--

LOCK TABLES `work_schedule_interval` WRITE;
/*!40000 ALTER TABLE `work_schedule_interval` DISABLE KEYS */;
/*!40000 ALTER TABLE `work_schedule_interval` ENABLE KEYS */;
UNLOCK TABLES;

--
-- Table structure for table `work_schedule_no_access_device`
--

DROP TABLE IF EXISTS `work_schedule_no_access_device`;
/*!40101 SET @saved_cs_client     = @@character_set_client */;
/*!50503 SET character_set_client = utf8mb4 */;
CREATE TABLE `work_schedule_no_access_device` (
  `work_schedule_id` int NOT NULL,
  `device_id` int NOT NULL
) ENGINE=InnoDB DEFAULT CHARSET=utf8mb4 COLLATE=utf8mb4_0900_ai_ci;
/*!40101 SET character_set_client = @saved_cs_client */;

--
-- Dumping data for table `work_schedule_no_access_device`
--

LOCK TABLES `work_schedule_no_access_device` WRITE;
/*!40000 ALTER TABLE `work_schedule_no_access_device` DISABLE KEYS */;
/*!40000 ALTER TABLE `work_schedule_no_access_device` ENABLE KEYS */;
UNLOCK TABLES;

--
-- Table structure for table `work_schedule_no_access_zone`
--

DROP TABLE IF EXISTS `work_schedule_no_access_zone`;
/*!40101 SET @saved_cs_client     = @@character_set_client */;
/*!50503 SET character_set_client = utf8mb4 */;
CREATE TABLE `work_schedule_no_access_zone` (
  `work_schedule_id` int DEFAULT NULL,
  `access_zone_id` int DEFAULT NULL
) ENGINE=InnoDB DEFAULT CHARSET=utf8 COLLATE=utf8_unicode_ci;
/*!40101 SET character_set_client = @saved_cs_client */;

--
-- Dumping data for table `work_schedule_no_access_zone`
--

LOCK TABLES `work_schedule_no_access_zone` WRITE;
/*!40000 ALTER TABLE `work_schedule_no_access_zone` DISABLE KEYS */;
/*!40000 ALTER TABLE `work_schedule_no_access_zone` ENABLE KEYS */;
UNLOCK TABLES;

--
-- Table structure for table `work_schedule_preset_holiday`
--

DROP TABLE IF EXISTS `work_schedule_preset_holiday`;
/*!40101 SET @saved_cs_client     = @@character_set_client */;
/*!50503 SET character_set_client = utf8mb4 */;
CREATE TABLE `work_schedule_preset_holiday` (
  `id` int NOT NULL AUTO_INCREMENT,
  `day` smallint NOT NULL,
  `month` smallint NOT NULL,
  `name` varchar(150) CHARACTER SET utf8 COLLATE utf8_general_ci DEFAULT NULL,
  PRIMARY KEY (`id`),
  UNIQUE KEY `work_schedule_preset_holiday_ID_uindex` (`id`)
) ENGINE=InnoDB DEFAULT CHARSET=utf8 COLLATE=utf8_unicode_ci;
/*!40101 SET character_set_client = @saved_cs_client */;

--
-- Dumping data for table `work_schedule_preset_holiday`
--

LOCK TABLES `work_schedule_preset_holiday` WRITE;
/*!40000 ALTER TABLE `work_schedule_preset_holiday` DISABLE KEYS */;
/*!40000 ALTER TABLE `work_schedule_preset_holiday` ENABLE KEYS */;
UNLOCK TABLES;

--
-- Table structure for table `work_schedule_type`
--

DROP TABLE IF EXISTS `work_schedule_type`;
/*!40101 SET @saved_cs_client     = @@character_set_client */;
/*!50503 SET character_set_client = utf8mb4 */;
CREATE TABLE `work_schedule_type` (
  `id` smallint NOT NULL AUTO_INCREMENT,
  `name` varchar(150) CHARACTER SET utf8 COLLATE utf8_unicode_ci NOT NULL,
  PRIMARY KEY (`id`),
  UNIQUE KEY `UNQ1_WORK_SCHEDULE_TYPE` (`name`),
  UNIQUE KEY `work_schedule_type_ID_uindex` (`id`)
) ENGINE=InnoDB AUTO_INCREMENT=7 DEFAULT CHARSET=utf8 COLLATE=utf8_unicode_ci;
/*!40101 SET character_set_client = @saved_cs_client */;

--
-- Dumping data for table `work_schedule_type`
--

LOCK TABLES `work_schedule_type` WRITE;
/*!40000 ALTER TABLE `work_schedule_type` DISABLE KEYS */;
INSERT INTO `work_schedule_type` VALUES (2,'##Недельный##'),(1,'##Никогда##'),(4,'##По присутствию##'),(6,'##С накоплением нарушений на основе баланса##'),(5,'##С накоплением нарушений##'),(3,'##Сменный##');
/*!40000 ALTER TABLE `work_schedule_type` ENABLE KEYS */;
UNLOCK TABLES;
/*!40103 SET TIME_ZONE=@OLD_TIME_ZONE */;

/*!40101 SET SQL_MODE=@OLD_SQL_MODE */;
/*!40014 SET FOREIGN_KEY_CHECKS=@OLD_FOREIGN_KEY_CHECKS */;
/*!40014 SET UNIQUE_CHECKS=@OLD_UNIQUE_CHECKS */;
/*!40101 SET CHARACTER_SET_CLIENT=@OLD_CHARACTER_SET_CLIENT */;
/*!40101 SET CHARACTER_SET_RESULTS=@OLD_CHARACTER_SET_RESULTS */;
/*!40101 SET COLLATION_CONNECTION=@OLD_COLLATION_CONNECTION */;
/*!40111 SET SQL_NOTES=@OLD_SQL_NOTES */;

-- Dump completed on 2021-01-13 12:44:57
